{"type":"FeatureCollection","features":[{"type":"Feature","properties":{"id":"FR-GF","name":"French Guiana","country":"France","iso":"FRA"},"geometry":{"type":"Polygon","coordinates":[[[-54.2112,3.1274],[-53.9888,3.611],[-54.3539,4.0417],[-54.4867,4.903],[-54.3113,5.2258],[-54.0611,5.4365],[-53.9444,5.7446],[-52.8965,5.4057],[-52.389,4.8959],[-52.2791,4.9312],[-52.3405,4.7246],[-52.2319,4.8754],[-52.0245,4.6935],[-51.9508,4.454],[-52.0463,4.3336],[-51.9365,4.3919],[-51.9092,4.6557],[-51.7931,4.6011],[-51.6722,4.0608],[-52.3553,3.1516],[-52.5904,2.5047],[-52.9172,2.1957],[-53.2685,2.1957],[-53.3441,2.3496],[-53.5318,2.247],[-53.7648,2.3687],[-54.1114,2.1143],[-54.4927,2.2227],[-54.6153,2.3263],[-54.3756,2.4838],[-54.1702,2.8531],[-54.2112,3.1274]]]}},{"type":"Feature","properties":{"id":"BR-RS","name":"Rio Grande do Sul","country":"Brazil","iso":"BRA"},"geometry":{"type":"Polygon","coordinates":[[[-57.511,-30.2767],[-57.6117,-30.183],[-57.3252,-29.981],[-57.2915,-29.8151],[-57.0209,-29.6834],[-56.6173,-29.1609],[-56.428,-29.0699],[-56.2861,-28.7802],[-55.902,-28.4651],[-55.9056,-28.378],[-55.6942,-28.4001],[-55.7725,-28.232],[-55.4407,-28.0789],[-55.3141,-27.915],[-55.0296,-27.8507],[-55.0812,-27.7783],[-54.9132,-27.7369],[-54.805,-27.5264],[-54.2869,-27.4284],[-54.177,-27.2434],[-54.0918,-27.2852],[-53.8822,-27.1199],[-53.6534,-27.216],[-53.3689,-27.072],[-53.2896,-27.1976],[-53.0175,-27.0832],[-52.9942,-27.2221],[-52.8686,-27.1614],[-52.6992,-27.2739],[-52.1791,-27.2682],[-51.9649,-27.3684],[-51.8772,-27.5204],[-51.6756,-27.476],[-51.3469,-27.6272],[-50.6211,-28.3742],[-49.7072,-28.5313],[-49.7043,-28.6087],[-49.9202,-28.7175],[-50.0025,-29.0985],[-50.1679,-29.2837],[-50.0459,-29.3543],[-50.094,-29.2525],[-49.9545,-29.1938],[-49.7135,-29.3245],[-50.5995,-30.8814],[-51.1518,-31.4815],[-51.8635,-31.9317],[-52.0774,-32.1673],[-52.0122,-31.9506],[-52.0873,-31.8278],[-51.8363,-31.8549],[-51.4476,-31.6127],[-51.4225,-31.4851],[-51.245,-31.464],[-51.1619,-31.0777],[-50.9759,-31.131],[-50.9784,-30.8933],[-50.6926,-30.7265],[-50.7257,-30.3631],[-50.565,-30.4501],[-50.6148,-30.1862],[-50.672,-30.289],[-50.913,-30.3167],[-50.9364,-30.4316],[-51.0341,-30.3757],[-51.0231,-30.2638],[-51.233,-30.1899],[-51.2835,-30.0074],[-51.327,-30.2245],[-51.0906,-30.352],[-51.2505,-30.4623],[-51.2697,-30.7818],[-51.3771,-30.6423],[-51.443,-31.081],[-51.6236,-31.1353],[-51.6375,-31.2565],[-51.9635,-31.3323],[-52.0079,-31.6462],[-52.0833,-31.5587],[-52.0633,-31.6655],[-52.2186,-31.7407],[-52.2484,-31.862],[-52.1339,-31.9308],[-52.2586,-32.0536],[-52.0814,-32.032],[-52.1689,-32.1007],[-52.0873,-32.0673],[-52.0912,-32.1661],[-52.2534,-32.2825],[-52.6449,-33.137],[-53.3791,-33.7407],[-53.5396,-33.6493],[-53.5369,-33.1708],[-53.1108,-32.7224],[-53.5613,-32.4495],[-53.7573,-32.055],[-54.2742,-31.8234],[-54.6045,-31.4598],[-55.2443,-31.2446],[-55.5919,-30.8483],[-55.8546,-31.0746],[-56.0114,-31.0821],[-56.0114,-30.7982],[-56.8313,-30.102],[-57.0771,-30.1061],[-57.2126,-30.2873],[-57.511,-30.2767]]]}},{"type":"Feature","properties":{"id":"RU-AL","name":"Altai Republic","country":"Russia","iso":"RUS"},"geometry":{"type":"Polygon","coordinates":[[[88.144,49.2707],[87.4004,49.071],[87.2718,49.2051],[87.0245,49.2489],[86.8243,49.5092],[86.5918,49.5872],[86.7759,49.695],[86.7484,49.783],[86.6102,49.7955],[86.1773,49.4633],[85.6149,49.6171],[85.2236,49.5957],[84.9546,49.9069],[84.9758,50.0752],[84.25,50.2599],[84.0886,50.6346],[84.5416,50.6911],[84.6073,50.8427],[84.5057,50.9599],[84.0049,51.1266],[84.1441,51.1197],[84.2791,51.283],[85.4713,51.5685],[85.5368,51.7001],[85.7454,51.7297],[85.7403,51.8606],[85.8765,51.9194],[85.921,52.0721],[86.3684,52.0102],[86.4985,52.1185],[86.7739,52.1131],[86.8114,52.288],[86.6167,52.385],[86.8498,52.6512],[87.1166,52.6678],[87.6355,52.4498],[87.9238,52.5476],[88.2084,52.414],[88.4207,52.4539],[88.3457,52.1335],[88.0951,52.0868],[87.8391,51.8106],[88.1059,51.7614],[87.8615,51.5494],[88.3637,51.3198],[88.5534,51.3365],[88.6593,51.5349],[88.825,51.5165],[88.9672,51.4279],[88.9437,51.233],[89.0597,51.0559],[89.8684,50.4745],[89.6199,50.3847],[89.5137,50.4694],[89.3367,50.2149],[89.5073,50.2044],[89.589,50.1003],[89.7024,49.72],[89.3719,49.5817],[89.2164,49.6345],[89.1953,49.5215],[89.0141,49.4605],[88.8889,49.5417],[88.8706,49.436],[88.2,49.4543],[88.144,49.2707]]]}},{"type":"Feature","properties":{"id":"DE-SN","name":"Saxony","country":"Germany","iso":"DEU"},"geometry":{"type":"Polygon","coordinates":[[[14.3978,51.0131],[14.2383,50.9825],[14.3465,50.8802],[13.5566,50.7067],[12.9526,50.4042],[12.5102,50.3888],[12.3004,50.1608],[11.8974,50.4234],[11.9894,50.5461],[12.3015,50.6516],[12.258,50.7925],[12.6469,50.8924],[12.4837,51.0583],[12.1533,51.17],[12.2354,51.5622],[12.891,51.6701],[13.1692,51.5706],[13.1841,51.3865],[13.7665,51.348],[13.9703,51.3592],[14.221,51.5363],[14.5954,51.5625],[14.9451,51.4492],[15.0221,51.2368],[14.7851,50.8201],[14.3978,51.0131]]]}},{"type":"Feature","properties":{"id":"DE-BY","name":"Bavaria","country":"Germany","iso":"DEU"},"geometry":{"type":"Polygon","coordinates":[[[12.1013,50.314],[12.2469,50.045],[12.5241,49.905],[12.3836,49.7429],[12.6435,49.4295],[13.8157,48.7664],[13.7165,48.5217],[13.4546,48.5734],[13.4056,48.3766],[12.7389,48.1134],[12.9912,47.8471],[12.892,47.7235],[13.0641,47.674],[13.0373,47.493],[12.7789,47.5548],[12.762,47.6669],[12.4966,47.6289],[12.2422,47.732],[12.1736,47.6051],[11.6205,47.5897],[11.237,47.394],[10.9795,47.3905],[10.8586,47.5307],[10.4292,47.577],[10.4283,47.396],[10.1599,47.2711],[10.2093,47.3725],[10.0829,47.3591],[9.9459,47.5408],[9.5541,47.5327],[9.8646,47.6748],[10.1271,47.6773],[10.1393,48.0944],[9.9806,48.3813],[10.3195,48.5326],[10.2939,48.703],[10.4951,48.6995],[10.4675,48.9211],[10.1477,49.2035],[10.1275,49.5114],[9.9363,49.4817],[9.7945,49.7213],[9.3398,49.7832],[9.4229,49.6512],[9.1107,49.5751],[9.1409,49.7873],[9.0121,50.0991],[9.5067,50.1081],[9.5079,50.2356],[9.6612,50.2343],[9.779,50.4143],[10.1261,50.5629],[10.7206,50.2073],[10.8457,50.2465],[10.715,50.3219],[10.7889,50.3863],[11.2553,50.2749],[11.2486,50.4726],[11.3467,50.5187],[11.5258,50.3791],[11.9317,50.4169],[12.1013,50.314]]]}},{"type":"Feature","properties":{"id":"RU-PSK","name":"Pskov","country":"Russia","iso":"RUS"},"geometry":{"type":"Polygon","coordinates":[[[27.8412,57.2112],[27.5113,57.4304],[27.5282,57.5285],[27.3285,57.5706],[27.5246,57.8073],[27.7993,57.8611],[27.665,57.9184],[27.4954,58.2215],[27.5549,58.3952],[27.4106,58.7549],[27.4778,58.8754],[27.8732,59.0144],[28.1224,58.9926],[28.28,58.852],[28.9787,58.8115],[29.5458,58.4771],[29.975,58.4447],[29.6585,58.2436],[29.6813,58.0734],[30.0013,58.0372],[29.9375,57.9455],[30.5429,57.8757],[30.413,57.7774],[30.6088,57.6174],[30.4412,57.3653],[30.7731,57.2577],[30.6411,57.184],[30.6509,56.9672],[31.0001,56.9652],[30.7808,56.7743],[30.8794,56.6553],[31.0607,56.6778],[31.016,56.48],[31.4915,56.3013],[31.5106,56.0524],[31.3447,55.964],[31.4674,55.729],[31.0473,55.7685],[30.9071,55.5778],[30.7422,55.5944],[30.2003,55.858],[29.4809,55.6811],[29.3507,55.7661],[29.4444,55.9069],[29.3774,55.954],[29.0308,56.0242],[28.7319,55.9468],[28.5378,56.0977],[28.2898,56.0466],[28.1489,56.1424],[28.2173,56.2707],[28.1322,56.536],[27.8655,56.7427],[27.9135,56.8201],[27.6284,56.8442],[27.7507,57.0424],[27.6822,57.1037],[27.8412,57.2112]]]}},{"type":"Feature","properties":{"id":"DE-RP","name":"Rhineland-Palatinate","country":"Germany","iso":"DEU"},"geometry":{"type":"Polygon","coordinates":[[[6.1012,50.0634],[6.1468,50.214],[6.3951,50.382],[6.795,50.3556],[6.7601,50.4707],[7.5995,50.7334],[7.8597,50.9225],[8.1638,50.5858],[8.0045,50.5207],[7.9734,50.4003],[8.1205,50.2689],[7.7714,50.0535],[7.8782,49.9729],[8.213,50.0444],[8.3354,49.9596],[8.4766,49.7675],[8.3606,49.6645],[8.5046,49.4311],[8.4799,49.297],[8.2302,48.9655],[7.635,49.0378],[7.2947,49.2052],[7.3906,49.3607],[7.2523,49.431],[7.2706,49.5778],[6.9421,49.6279],[6.3488,49.5253],[6.5026,49.7957],[6.2227,49.8871],[6.1012,50.0634]]]}},{"type":"Feature","properties":{"id":"DE-SL","name":"Saarland","country":"Germany","iso":"DEU"},"geometry":{"type":"Polygon","coordinates":[[[6.3453,49.4553],[6.3488,49.5253],[6.9421,49.6279],[7.2706,49.5778],[7.2523,49.431],[7.3906,49.3607],[7.2869,49.2308],[7.3716,49.1662],[7.2744,49.105],[7.0425,49.1076],[6.9144,49.2067],[6.7138,49.1589],[6.5117,49.4247],[6.3453,49.4553]]]}},{"type":"Feature","properties":{"id":"FR-59","name":"Nord","country":"France","iso":"FRA"},"geometry":{"type":"MultiPolygon","coordinates":[[[[2.5218,51.0875],[2.6204,50.8165],[2.8869,50.6966],[3.1292,50.7791],[3.271,50.5269],[3.6083,50.4765],[3.6969,50.2982],[4.0033,50.3441],[4.1976,50.2585],[4.1258,50.1282],[4.21,50.0602],[4.0994,49.969],[3.9621,50.0426],[3.0883,50.05],[3.1684,50.2326],[3.0198,50.2674],[3.0588,50.4426],[2.7906,50.542],[2.8698,50.6312],[2.3715,50.6743],[2.3934,50.7708],[2.2223,50.8057],[2.0633,51.0143],[2.5218,51.0875]]],[[[3.0037,50.1501],[3.0724,50.1308],[3.0014,50.1234],[3.0037,50.1501]]]]}},{"type":"Feature","properties":{"id":"FR-08","name":"Ardennes","country":"France","iso":"FRA"},"geometry":{"type":"Polygon","coordinates":[[[4.8156,50.1613],[4.849,49.7942],[5.3899,49.5933],[5.1055,49.5699],[5.1102,49.4115],[4.9787,49.2357],[4.6365,49.235],[4.0339,49.4267],[4.0464,49.6257],[4.2349,49.7367],[4.2159,49.9544],[4.6458,49.9845],[4.8156,50.1613]]]}},{"type":"Feature","properties":{"id":"FR-02","name":"Aisne","country":"France","iso":"FRA"},"geometry":{"type":"Polygon","coordinates":[[[3.6969,50.0601],[4.2159,49.9544],[4.2349,49.7367],[4.0464,49.6257],[4.0466,49.3668],[3.6501,49.3028],[3.7467,49.1697],[3.6255,49.1384],[3.5848,49.0413],[3.6708,49.0155],[3.4779,48.8501],[3.1691,49.0103],[3.1176,49.1811],[2.9697,49.2009],[2.9642,49.3213],[3.1694,49.4373],[3.0568,49.7785],[3.157,50.0187],[3.6969,50.0601]]]}},{"type":"Feature","properties":{"id":"FR-55","name":"Meuse","country":"France","iso":"FRA"},"geometry":{"type":"Polygon","coordinates":[[[5.3912,49.6088],[5.4891,49.4178],[5.7179,49.3823],[5.8495,48.9601],[5.7257,48.7415],[5.7652,48.4966],[5.4792,48.4119],[5.0359,48.6181],[4.9069,48.8048],[5.0341,49.006],[4.9554,49.1731],[5.1102,49.4115],[5.1008,49.5635],[5.3912,49.6088]]]}},{"type":"Feature","properties":{"id":"FR-54","name":"Meurthe-et-Moselle","country":"France","iso":"FRA"},"geometry":{"type":"Polygon","coordinates":[[[5.7463,49.5494],[5.9281,49.4823],[6.0197,49.2443],[5.9674,49.0415],[6.3087,48.9246],[6.3715,48.7802],[7.0887,48.5234],[6.8072,48.396],[6.6062,48.4693],[5.9769,48.3575],[5.8959,48.4876],[5.7652,48.4966],[5.7239,48.73],[5.8415,49.0556],[5.6993,49.4026],[5.4641,49.4646],[5.7463,49.5494]]]}},{"type":"Feature","properties":{"id":"RU-KDA","name":"Krasnodar Krai","country":"Russia","iso":"RUS"},"geometry":{"type":"Polygon","coordinates":[[[40.69,43.5231],[40.0967,43.5626],[39.9626,43.3926],[38.7583,44.2736],[38.2173,44.3872],[37.7785,44.7298],[37.8001,44.6352],[37.4987,44.6684],[37.1919,44.991],[36.5773,45.1942],[36.9617,45.2829],[36.7888,45.2922],[36.7581,45.3542],[36.8475,45.3673],[36.7816,45.3876],[36.6681,45.3264],[36.8333,45.443],[37.1394,45.3355],[37.0784,45.239],[37.3192,45.2717],[37.1589,45.3261],[37.5193,45.3693],[37.7293,45.3017],[37.7444,45.4504],[37.6351,45.6081],[37.5863,45.4324],[37.5951,45.6353],[37.7029,45.6218],[37.8294,45.7532],[37.9401,46.0203],[38.0975,46.0578],[38.0396,45.8161],[38.1675,46.1205],[38.5599,46.0327],[38.5708,46.1047],[38.1229,46.3775],[37.905,46.411],[37.7376,46.6763],[37.9823,46.6175],[38.2717,46.7324],[38.5916,46.6592],[38.3782,46.7082],[38.4746,46.8619],[38.9074,46.8183],[38.8604,46.588],[39.1678,46.6185],[39.2381,46.7692],[39.4435,46.8089],[40.1229,46.7266],[40.046,46.5478],[40.2144,46.5249],[40.2856,46.4322],[40.2335,46.3512],[40.3395,46.2799],[40.9983,46.2944],[40.9546,46.1934],[41.1259,46.0679],[41.2803,45.765],[40.8567,45.6904],[40.8426,45.5272],[41.0081,45.3848],[41.0256,45.2202],[41.2926,45.2428],[41.4642,44.9892],[41.6532,44.9734],[41.5871,44.7882],[41.414,44.6867],[41.7291,44.4851],[41.5998,44.3728],[41.6987,44.2113],[41.4495,43.9939],[40.8567,44.121],[40.9531,43.9809],[40.777,43.9232],[40.69,43.5231]],[[40.2557,45.0881],[39.6121,45.193],[39.3153,44.999],[39.0423,44.9659],[38.8998,45.0507],[38.6859,45.0366],[38.6719,44.9618],[39.0638,44.8103],[39.4699,44.7947],[39.6372,44.8708],[39.4998,45.0373],[39.7397,44.9319],[39.8838,45.0074],[40.0266,44.7362],[39.9149,44.6986],[39.7936,44.3502],[40.0786,44.2366],[39.96,44.0646],[39.7372,44.1866],[39.7242,43.9319],[40.3204,43.7603],[40.4567,43.9657],[40.3237,44.6084],[40.4047,44.7374],[40.5394,44.7333],[40.6765,44.5357],[40.6407,44.4576],[40.7541,44.4746],[40.7284,44.6078],[40.5276,44.9152],[40.2557,45.0881]]]}},{"type":"Feature","properties":{"id":"RU-KC","name":"Karachay-Cherkess Republic","country":"Russia","iso":"RUS"},"geometry":{"type":"Polygon","coordinates":[[[41.3807,43.3348],[40.69,43.5231],[40.777,43.9232],[40.9531,43.9809],[40.8699,44.1292],[41.4495,43.9939],[41.7089,44.2334],[41.6265,44.4075],[41.8485,44.4907],[42.3523,44.2705],[42.557,44.2891],[42.2964,44.1035],[42.3914,43.9675],[42.5907,44.0403],[42.6832,43.8072],[42.6619,43.6813],[42.4567,43.6107],[42.3626,43.2352],[41.5775,43.2153],[41.3807,43.3348]]]}},{"type":"Feature","properties":{"id":"RU-KB","name":"Kabardino-Balkaria","country":"Russia","iso":"RUS"},"geometry":{"type":"Polygon","coordinates":[[[42.6152,43.137],[42.3626,43.2352],[42.4567,43.6107],[42.6619,43.6813],[42.6974,43.8178],[43.195,43.9515],[43.316,43.8065],[43.7287,43.8387],[43.9061,43.9942],[44.2585,43.9246],[44.4222,43.9952],[44.2798,43.7514],[44.4331,43.6541],[44.3993,43.4239],[44.1769,43.3556],[44.1078,43.4307],[44.0231,43.2089],[43.8481,43.3101],[43.5607,42.9354],[43.1943,42.9268],[42.8298,43.1688],[42.6152,43.137]]]}},{"type":"Feature","properties":{"id":"RU-SE","name":"Republic of North Ossetia-Alania","country":"Russia","iso":"RUS"},"geometry":{"type":"Polygon","coordinates":[[[43.9397,42.5522],[43.7226,42.6249],[43.8006,42.7465],[43.3926,42.9002],[43.5662,42.9388],[43.8481,43.3101],[44.0231,43.2089],[44.1078,43.4307],[44.1769,43.3556],[44.3993,43.4239],[44.4331,43.6541],[44.3117,43.6753],[44.2849,43.8188],[44.8094,43.7993],[44.8385,43.5841],[44.5433,43.5968],[44.4978,43.3969],[44.5724,43.3925],[44.5888,43.2272],[44.9153,43.0709],[44.9325,42.9137],[44.8522,42.8364],[44.6284,42.8828],[44.6388,42.7401],[43.9397,42.5522]]]}},{"type":"Feature","properties":{"id":"RU-IN","name":"Republic of Ingushetia","country":"Russia","iso":"RUS"},"geometry":{"type":"Polygon","coordinates":[[[45.0481,42.6859],[44.8594,42.7595],[44.7735,42.6096],[44.6156,42.7785],[44.6284,42.8828],[44.8522,42.8364],[44.9444,42.9541],[44.8086,43.1724],[44.5749,43.2403],[44.5724,43.3925],[44.4978,43.3969],[44.5433,43.5968],[44.774,43.6185],[45.0651,43.4669],[45.1802,42.8103],[45.0481,42.6859]]]}},{"type":"Feature","properties":{"id":"RU-CE","name":"Chechen Republic","country":"Russia","iso":"RUS"},"geometry":{"type":"Polygon","coordinates":[[[45.356,42.52],[45.076,42.6914],[45.1793,42.8041],[45.1672,43.1378],[45.0467,43.4943],[44.8385,43.5841],[45.0769,43.7814],[45.0688,43.9455],[45.4318,43.8786],[45.5094,44.0152],[45.8317,43.9785],[46.0501,43.9305],[46.0565,43.8199],[46.419,44.0002],[46.4552,43.8812],[46.6755,43.8155],[46.3271,43.4349],[46.5369,42.9406],[46.1962,42.9041],[46.1214,42.8379],[46.1695,42.7297],[45.8211,42.4872],[45.356,42.52]]]}},{"type":"Feature","properties":{"id":"RU-DA","name":"Republic of Dagestan","country":"Russia","iso":"RUS"},"geometry":{"type":"MultiPolygon","coordinates":[[[[45.9664,42.0221],[45.6214,42.2245],[45.7395,42.4706],[46.1695,42.7297],[46.1214,42.8379],[46.1962,42.9041],[46.5369,42.9406],[46.3271,43.4349],[46.6755,43.8155],[46.4552,43.8812],[46.419,44.0002],[46.0487,43.8214],[46.0447,43.9336],[45.5094,44.0152],[45.5116,44.1886],[45.105,44.2158],[45.4045,44.3175],[45.4105,44.4392],[45.2262,44.466],[45.2658,44.5851],[45.4349,44.6175],[45.6463,44.7997],[45.6224,44.9034],[45.8537,45.0005],[46.8899,44.7807],[46.722,44.6553],[46.7009,44.4462],[47.2459,44.212],[47.5028,43.781],[47.3657,43.6207],[47.4043,43.5114],[47.5444,43.8652],[47.7015,43.8745],[47.4909,43.4628],[47.4934,43.2963],[47.5857,43.2995],[47.4619,43.0208],[47.6981,42.8671],[47.7273,42.6628],[48.096,42.3498],[48.3867,41.9372],[48.5789,41.8453],[48.3702,41.5802],[48.0535,41.4613],[47.8946,41.2193],[47.5473,41.2057],[47.2508,41.316],[47.1414,41.5524],[47.027,41.5569],[46.7408,41.8512],[46.5676,41.7867],[46.5255,41.8823],[45.9664,42.0221]]],[[[47.8511,43.9992],[47.7629,43.9284],[47.6282,43.9626],[47.6657,43.9963],[47.8511,43.9992]]]]}},{"type":"Feature","properties":{"id":"FR-57","name":"Moselle","country":"France","iso":"FRA"},"geometry":{"type":"Polygon","coordinates":[[[5.9281,49.4823],[6.5117,49.4247],[6.7138,49.1589],[6.9144,49.2067],[7.0425,49.1076],[7.2744,49.105],[7.4105,49.1689],[7.6449,49.0363],[7.5641,48.9396],[7.3417,48.9434],[7.0787,49.0602],[6.9811,48.9049],[7.3177,48.7559],[7.2629,48.5758],[7.0887,48.5234],[6.3715,48.7802],[6.3087,48.9246],[5.9543,49.0526],[6.0197,49.2443],[5.9281,49.4823]]]}},{"type":"Feature","properties":{"id":"BR-RR","name":"Roraima","country":"Brazil","iso":"BRA"},"geometry":{"type":"Polygon","coordinates":[[[-60.2134,5.2672],[-59.9831,5.0859],[-60.0325,4.7254],[-60.16,4.5278],[-59.6867,4.3812],[-59.7385,4.2028],[-59.5277,3.9395],[-59.8629,3.5817],[-59.8218,3.3566],[-59.9692,3.0427],[-59.9965,2.6748],[-59.9031,2.3596],[-59.7417,2.2638],[-59.7636,1.8826],[-59.6465,1.84],[-59.6808,1.7574],[-59.2599,1.3874],[-58.972,1.3123],[-58.8705,0.2254],[-60.0483,0.212],[-60.3859,-0.4637],[-60.314,-0.6883],[-60.5241,-0.8336],[-60.7367,-0.8495],[-60.9312,-0.5549],[-61.2166,-0.4949],[-61.5322,-0.7285],[-61.6016,-1.4183],[-61.8534,-1.3873],[-62.5057,-0.7729],[-62.304,-0.6095],[-62.5856,-0.0111],[-62.4812,0.5198],[-62.5447,0.7119],[-62.4463,0.8046],[-62.6153,1.4002],[-62.7868,1.6033],[-62.6987,1.9364],[-63.0306,2.0317],[-63.1481,2.1775],[-63.3335,2.1816],[-63.3649,2.4131],[-64.048,2.4713],[-63.9976,2.7149],[-64.2229,3.124],[-64.203,3.5947],[-64.6429,3.973],[-64.8129,4.2528],[-64.6999,4.2642],[-64.5897,4.1189],[-64.1727,4.1234],[-64.0377,3.8825],[-63.6716,3.9462],[-63.5107,3.8545],[-63.3517,3.9587],[-62.8894,3.5608],[-62.7496,3.6604],[-62.7662,4.0207],[-62.561,4.0378],[-62.4281,4.1832],[-62.1536,4.0903],[-61.8881,4.1502],[-61.5522,4.255],[-61.5019,4.4019],[-61.2931,4.4481],[-61.3156,4.5208],[-60.9773,4.535],[-60.5919,4.9497],[-60.7399,5.2021],[-60.449,5.1742],[-60.2134,5.2672]]]}},{"type":"Feature","properties":{"id":"BR-PA","name":"Par\u00e1","country":"Brazil","iso":"BRA"},"geometry":{"type":"MultiPolygon","coordinates":[[[[-57.1045,2.0215],[-56.8776,1.8856],[-56.4818,1.9416],[-56.0197,1.8335],[-55.922,1.8862],[-55.9183,2.0504],[-56.1468,2.2562],[-55.983,2.5265],[-55.7243,2.3969],[-54.9591,2.609],[-54.8803,2.4473],[-54.7347,2.4147],[-54.7979,2.02],[-54.7355,1.772],[-54.3616,1.7621],[-54.1047,1.6113],[-54.077,1.5048],[-53.8559,1.3851],[-53.6665,1.4276],[-53.5431,1.2439],[-53.4339,1.2565],[-53.4162,0.9418],[-53.1158,0.7368],[-53.1304,0.3985],[-53.0119,0.0408],[-52.9154,-0.192],[-52.8137,-0.1802],[-52.6269,-0.3972],[-52.5174,-0.8758],[-52.3813,-0.8868],[-52.3667,-1.0614],[-52.266,-1.1359],[-52.0688,-1.2192],[-51.9088,-1.1555],[-51.9954,-1.3964],[-52.2381,-1.3464],[-52.7081,-1.6],[-52.2791,-1.5182],[-52.204,-1.6902],[-51.2834,-1.2314],[-50.9973,-0.9225],[-50.8396,-0.9128],[-50.8267,-1.0453],[-50.9564,-1.1285],[-50.8199,-1.2317],[-50.8192,-1.4363],[-50.6547,-1.738],[-50.7373,-1.738],[-50.7876,-1.8974],[-50.8798,-1.852],[-50.8442,-1.9553],[-50.6106,-1.8142],[-50.443,-1.936],[-50.4158,-2.0732],[-50.3125,-1.9088],[-49.9769,-1.8261],[-49.8693,-1.8888],[-49.8876,-2.0875],[-49.8125,-2.108],[-49.8466,-1.9018],[-49.6761,-1.9086],[-49.5928,-2.0117],[-49.6548,-1.8951],[-49.422,-1.779],[-49.4512,-1.8246],[-49.4542,-1.8561],[-49.3811,-1.9913],[-49.6637,-2.6777],[-49.5274,-2.6284],[-49.232,-1.9482],[-48.9656,-1.5997],[-48.8564,-1.559],[-49.0333,-1.8466],[-48.6569,-1.3834],[-48.4283,-1.6623],[-48.4829,-1.5114],[-48.3253,-1.4705],[-48.4966,-1.4614],[-48.4828,-1.2813],[-48.4359,-1.2187],[-48.3346,-1.3137],[-48.2229,-1.1135],[-48.2917,-1.0436],[-48.1875,-1.0187],[-48.1403,-0.9013],[-48.154,-0.7818],[-48.0379,-0.6617],[-47.9621,-0.7818],[-47.8024,-0.6903],[-47.8091,-0.5652],[-47.7287,-0.7565],[-47.6106,-0.6939],[-47.5845,-0.5782],[-47.4967,-0.7647],[-47.3931,-0.8126],[-47.4619,-0.5929],[-47.4073,-0.6816],[-47.294,-0.5929],[-47.1398,-0.7989],[-47.0775,-0.6657],[-47.0572,-0.8671],[-46.9691,-0.6959],[-46.9222,-0.8346],[-46.963,-0.865],[-46.9474,-0.9013],[-46.8192,-0.7117],[-46.7494,-0.943],[-46.6559,-0.8018],[-46.5985,-0.8671],[-46.619,-0.9355],[-46.6674,-0.9225],[-46.7375,-0.9843],[-46.7494,-1.0187],[-46.4276,-0.8686],[-46.475,-1.0453],[-46.3227,-1.0203],[-46.3248,-1.1074],[-46.1718,-0.921],[-46.2621,-1.1832],[-46.1017,-1.0733],[-46.0647,-1.1476],[-46.1664,-1.3022],[-46.2012,-1.6793],[-46.3172,-1.7414],[-46.2153,-1.8066],[-46.2241,-1.9733],[-46.3,-2.1772],[-46.4271,-2.245],[-46.4306,-2.5271],[-46.6594,-2.7159],[-46.5711,-2.8515],[-47.0297,-3.5688],[-47.0786,-3.8766],[-47.3109,-4.0668],[-47.5814,-4.5471],[-47.8007,-4.5958],[-48.7432,-5.3525],[-48.3769,-5.3935],[-48.2092,-5.5385],[-48.1424,-5.6461],[-48.2972,-5.7495],[-48.2278,-5.9349],[-48.3334,-5.9762],[-48.2842,-6.0976],[-48.4249,-6.1566],[-48.3798,-6.3596],[-48.6063,-6.435],[-48.6682,-6.6493],[-49.2164,-6.9251],[-49.1892,-7.2472],[-49.3902,-7.5471],[-49.1634,-7.8036],[-49.3046,-8.3679],[-49.5655,-8.8112],[-50.0537,-9.3191],[-50.2357,-9.844],[-56.4675,-9.4754],[-57.0455,-9.2304],[-57.093,-9.0576],[-57.5911,-8.7449],[-57.6436,-8.2155],[-58.4714,-6.7228],[-58.2944,-6.4969],[-56.3119,-2.2358],[-56.6947,-2.2043],[-56.7535,-2.0361],[-57.0879,-1.8118],[-57.6671,-1.5837],[-58.3174,-1.1176],[-58.4483,-0.8476],[-58.7384,-0.6525],[-58.7301,-0.4467],[-58.8609,-0.3218],[-58.972,1.3123],[-58.834,1.1858],[-58.5189,1.2673],[-58.5137,1.4389],[-58.3205,1.6012],[-58.0272,1.5169],[-57.985,1.6577],[-57.5612,1.709],[-57.3415,1.9688],[-57.1045,2.0215]]],[[[-49.288,-1.7585],[-49.3674,-1.8951],[-49.4425,-1.8678],[-49.3522,-1.7224],[-49.288,-1.7585]]],[[[-48.339,-1.0665],[-48.3341,-1.205],[-48.4621,-1.1645],[-48.4215,-1.0795],[-48.339,-1.0665]]],[[[-48.1949,-0.8194],[-48.2019,-1.0115],[-48.3071,-1.0207],[-48.3127,-0.9533],[-48.1949,-0.8194]]],[[[-47.9827,-0.676],[-47.8871,-0.6691],[-47.9621,-0.7306],[-47.9827,-0.676]]],[[[-50.8409,-0.5587],[-50.8431,-0.716],[-51.1004,-0.8263],[-51.0663,-0.676],[-50.8409,-0.5587]]],[[[-47.6605,-0.5792],[-47.6434,-0.693],[-47.7015,-0.7096],[-47.7614,-0.5758],[-47.6605,-0.5792]]],[[[-51.186,-0.6139],[-51.2756,-1.0252],[-51.7408,-1.42],[-51.9303,-1.4708],[-51.8843,-1.2563],[-51.6839,-1.0969],[-51.6758,-0.8468],[-51.534,-0.6347],[-51.3474,-0.532],[-51.3816,-0.6549],[-51.3083,-0.5187],[-51.186,-0.6139]]],[[[-51.1653,-0.1403],[-51.1667,-0.3056],[-51.4051,-0.4596],[-51.2643,-0.2195],[-51.1653,-0.1403]]],[[[-48.3698,-0.3606],[-48.4966,-0.7437],[-48.5723,-0.6816],[-48.5277,-0.8727],[-48.6428,-1.0836],[-48.8187,-1.2029],[-48.9211,-1.1415],[-48.7963,-1.2685],[-48.833,-1.4158],[-48.9422,-1.2958],[-48.9901,-1.2924],[-48.8392,-1.45],[-49.0658,-1.5319],[-49.1977,-1.3884],[-49.2228,-1.6212],[-49.3873,-1.4841],[-49.3583,-1.6376],[-49.443,-1.6354],[-49.4966,-1.4977],[-49.5313,-1.4977],[-49.5587,-1.7242],[-49.6883,-1.7693],[-49.7442,-1.5803],[-49.7764,-1.8072],[-50.0023,-1.7455],[-50.0282,-1.6555],[-50.155,-1.779],[-50.2582,-1.4841],[-50.265,-1.7448],[-50.3065,-1.6555],[-50.2848,-1.7551],[-50.3667,-1.7721],[-50.297,-1.8035],[-50.4052,-1.831],[-50.6039,-1.7721],[-50.8032,-1.435],[-50.7926,-1.0862],[-50.5597,-1.1832],[-50.6167,-1.1199],[-50.4766,-1.0392],[-50.6638,-1.0949],[-50.7926,-1.0187],[-50.7373,-0.5519],[-50.6841,-0.6398],[-50.5485,-0.6778],[-50.6827,-0.6238],[-50.6964,-0.36],[-50.5834,-0.1922],[-50.3682,-0.1056],[-49.6535,-0.2411],[-49.3873,-0.2576],[-49.3868,-0.1847],[-49.206,-0.1403],[-48.4272,-0.2599],[-48.3698,-0.3606]]],[[[-50.9737,-0.2912],[-51.0387,-0.2003],[-50.9473,-0.012],[-50.766,0.0464],[-50.6553,-0.0238],[-50.6759,-0.1546],[-50.9737,-0.2912]]],[[[-49.8323,-0.1031],[-49.4966,0.0856],[-49.3475,-0.0097],[-49.4634,-0.128],[-49.8323,-0.1031]]],[[[-50.6343,0.0713],[-50.6106,0.1834],[-50.4902,0.1594],[-50.4377,-0.0],[-50.6343,0.0713]]],[[[-50.1133,0.3382],[-50.1656,0.2617],[-50.2205,0.2462],[-50.1133,0.3382]]],[[[-50.1073,0.2222],[-49.6502,0.3864],[-49.5304,0.3538],[-49.8671,-0.0107],[-50.3451,0.0474],[-50.3778,0.2083],[-50.1073,0.2222]]],[[[-50.3667,0.6199],[-50.419,0.1679],[-50.5168,0.2086],[-50.3667,0.6199]]],[[[-50.3121,0.414],[-50.2582,0.5852],[-50.0657,0.6473],[-50.0427,0.5103],[-50.2496,0.361],[-50.3121,0.414]]],[[[-49.5255,-1.6729],[-49.424,-1.6968],[-49.5086,-1.7449],[-49.5255,-1.6729]]]]}},{"type":"Feature","properties":{"id":"DE-SH","name":"Schleswig-Holstein","country":"Germany","iso":"DEU"},"geometry":{"type":"MultiPolygon","coordinates":[[[[8.6608,54.8963],[9.9475,54.7795],[10.0269,54.56],[9.8401,54.4753],[10.1434,54.4918],[10.2039,54.461],[10.1418,54.3244],[10.3184,54.4433],[10.7313,54.3102],[11.1355,54.3859],[11.0666,54.1839],[10.7526,54.0501],[10.9613,53.9119],[10.751,53.841],[10.9544,53.5661],[10.8297,53.5701],[10.5695,53.3639],[10.1866,53.5253],[10.1919,53.7266],[9.6924,53.5759],[9.3952,53.831],[8.9495,53.9129],[8.8333,54.0364],[9.0183,54.0979],[8.8128,54.1805],[8.9631,54.3176],[8.6027,54.3121],[8.6956,54.3586],[8.6484,54.4064],[9.0115,54.4821],[8.6484,54.8179],[8.6608,54.8963]]],[[[8.9631,54.5237],[8.888,54.4685],[8.8128,54.4821],[8.8445,54.5197],[8.9631,54.5237]]],[[[11.1213,54.536],[11.3142,54.4138],[11.0057,54.4685],[11.1213,54.536]]],[[[8.2915,54.6671],[8.3823,54.6391],[8.4014,54.633],[8.2915,54.6671]]],[[[8.4368,54.7485],[8.5938,54.7217],[8.3945,54.7148],[8.4368,54.7485]]],[[[8.4634,55.0507],[8.3884,54.8942],[8.6545,54.8936],[8.3071,54.8654],[8.2844,54.7424],[8.298,54.9125],[8.3737,55.035],[8.4158,55.0653],[8.4634,55.0507]]],[[[8.6188,54.4926],[8.6989,54.5586],[8.7009,54.5478],[8.6188,54.4926]]],[[[7.8945,54.1946],[7.8992,54.1782],[7.8799,54.1939],[7.8945,54.1946]]],[[[7.9177,54.187],[7.9299,54.1953],[7.9334,54.1899],[7.9177,54.187]]]]}},{"type":"Feature","properties":{"id":"BR-AC","name":"Acre","country":"Brazil","iso":"BRA"},"geometry":{"type":"Polygon","coordinates":[[[-68.8047,-10.9947],[-69.9561,-10.9193],[-70.2894,-11.0648],[-70.5341,-10.9381],[-70.6413,-11.0108],[-70.6384,-9.8518],[-70.5419,-9.7082],[-70.6244,-9.5658],[-70.525,-9.4309],[-71.2997,-9.9934],[-72.1957,-10.0056],[-72.1629,-9.8772],[-72.3127,-9.5325],[-73.215,-9.409],[-72.972,-9.1344],[-72.97,-9.0019],[-73.5408,-8.3591],[-73.668,-8.0138],[-73.7849,-7.9404],[-73.7122,-7.7882],[-74.0185,-7.5435],[-73.9829,-7.3564],[-73.7131,-7.3047],[-73.8068,-7.1179],[-72.6637,-7.5916],[-70.3715,-8.1573],[-66.6489,-9.9159],[-67.0643,-10.2569],[-67.5846,-10.5018],[-67.7217,-10.7055],[-68.0438,-10.6669],[-68.2933,-10.979],[-68.6157,-11.1125],[-68.7759,-11.1406],[-68.8047,-10.9947]]]}},{"type":"Feature","properties":{"id":"GB-DRY","name":"Derry","country":"United Kingdom","iso":"GBR"},"geometry":{"type":"Polygon","coordinates":[[[-7.4158,54.9444],[-7.355,55.0409],[-7.1499,55.0487],[-7.0103,54.8155],[-7.4158,54.9444]]]}},{"type":"Feature","properties":{"id":"GB-STB","name":"Strabane","country":"United Kingdom","iso":"GBR"},"geometry":{"type":"Polygon","coordinates":[[[-7.5561,54.7384],[-7.4158,54.9444],[-6.8964,54.7824],[-7.6934,54.6007],[-7.9297,54.6967],[-7.5561,54.7384]]]}},{"type":"Feature","properties":{"id":"GB-FER","name":"Fermanagh","country":"United Kingdom","iso":"GBR"},"geometry":{"type":"Polygon","coordinates":[[[-8.1738,54.4617],[-7.5489,54.5652],[-7.5592,54.4291],[-7.3645,54.4302],[-7.1533,54.2242],[-7.3103,54.1147],[-7.609,54.1399],[-7.8564,54.2114],[-8.1738,54.4617]]]}},{"type":"Feature","properties":{"id":"GB-DGN","name":"Dungannon and South Tyrone","country":"United Kingdom","iso":"GBR"},"geometry":{"type":"Polygon","coordinates":[[[-6.87,54.326],[-7.0178,54.4132],[-7.2317,54.3219],[-7.3645,54.4302],[-6.9614,54.5766],[-6.5278,54.5398],[-6.87,54.326]]]}},{"type":"Feature","properties":{"id":"GB-ARM","name":"Armagh","country":"United Kingdom","iso":"GBR"},"geometry":{"type":"Polygon","coordinates":[[[-6.7328,54.1836],[-6.8822,54.2773],[-6.7959,54.413],[-6.5547,54.4633],[-6.3748,54.3408],[-6.3739,54.2672],[-6.7328,54.1836]]]}},{"type":"Feature","properties":{"id":"GB-NYM","name":"Newry and Mourne","country":"United Kingdom","iso":"GBR"},"geometry":{"type":"Polygon","coordinates":[[[-6.6165,54.0373],[-6.6469,54.1876],[-6.445,54.2683],[-5.866,54.1841],[-6.0405,54.0364],[-6.3548,54.1107],[-6.6165,54.0373]]]}},{"type":"Feature","properties":{"id":"IT-AO","name":"Aosta","country":"Italy","iso":"ITA"},"geometry":{"type":"Polygon","coordinates":[[[7.0221,45.9253],[7.8496,45.9397],[7.9195,45.649],[7.0754,45.4663],[6.782,45.7775],[7.0221,45.9253]]]}},{"type":"Feature","properties":{"id":"IT-VB","name":"Verbano-Cusio-Ossola","country":"Italy","iso":"ITA"},"geometry":{"type":"Polygon","coordinates":[[[7.8496,45.9397],[8.1106,46.127],[8.0773,46.262],[8.3434,46.4439],[8.4416,46.4349],[8.4381,46.2354],[8.729,46.1082],[8.5984,45.826],[8.4608,45.8689],[8.3499,45.7724],[8.2091,45.945],[7.8496,45.9397]]]}},{"type":"Feature","properties":{"id":"IT-VA","name":"Varese","country":"Italy","iso":"ITA"},"geometry":{"type":"Polygon","coordinates":[[[8.729,46.1082],[8.9121,45.8834],[8.9119,45.6739],[9.0587,45.6614],[9.0589,45.5861],[8.7052,45.5568],[8.5654,45.7986],[8.729,46.1082]]]}},{"type":"Feature","properties":{"id":"IT-CO","name":"Como","country":"Italy","iso":"ITA"},"geometry":{"type":"Polygon","coordinates":[[[8.9089,45.8283],[9.0593,45.882],[8.9978,46.0279],[9.1813,46.2041],[9.4408,46.2145],[9.2951,46.1164],[9.3285,45.8599],[9.1851,45.6645],[8.932,45.6512],[8.9089,45.8283]]]}},{"type":"Feature","properties":{"id":"IT-SO","name":"Sondrio","country":"Italy","iso":"ITA"},"geometry":{"type":"Polygon","coordinates":[[[9.2248,46.2312],[9.2458,46.461],[9.331,46.5015],[9.4346,46.4983],[9.5365,46.2986],[9.9184,46.3712],[10.1179,46.2311],[10.1408,46.4029],[10.0263,46.4463],[10.0328,46.533],[10.1921,46.6268],[10.6387,46.4111],[10.1785,46.173],[10.1695,46.057],[9.5269,46.0114],[9.4146,46.1045],[9.4408,46.2145],[9.2248,46.2312]]]}},{"type":"Feature","properties":{"id":"IT-BZ","name":"Trentino-South Tyrol","country":"Italy","iso":"ITA"},"geometry":{"type":"Polygon","coordinates":[[[10.4518,46.5467],[10.3692,46.6724],[10.4538,46.8644],[10.9969,46.7691],[11.1745,46.9639],[11.7349,46.9706],[12.1806,47.0852],[12.1269,46.9089],[12.4696,46.6758],[12.2081,46.5949],[12.0897,46.6668],[12.022,46.5394],[11.6841,46.5077],[11.5774,46.3681],[11.2172,46.2239],[11.1538,46.2662],[11.2021,46.504],[10.8399,46.4307],[10.4518,46.5467]]]}},{"type":"Feature","properties":{"id":"NL-GR","name":"Groningen","country":"Netherlands","iso":"NLD"},"geometry":{"type":"MultiPolygon","coordinates":[[[[7.1946,53.245],[7.1836,52.9661],[7.0722,52.8413],[6.5306,53.1912],[6.3301,53.0881],[6.183,53.1243],[6.2871,53.3099],[6.1703,53.3861],[6.8291,53.4506],[7.1946,53.245]]],[[[6.4964,53.5362],[6.4551,53.5581],[6.5101,53.5436],[6.4964,53.5362]]]]}},{"type":"Feature","properties":{"id":"DE-NI","name":"Lower Saxony","country":"Germany","iso":"DEU"},"geometry":{"type":"MultiPolygon","coordinates":[[[[7.0185,52.626],[7.1836,52.9661],[7.1946,53.245],[7.3665,53.3028],[7.0383,53.3486],[7.1009,53.5979],[7.9514,53.7219],[8.168,53.5532],[8.0862,53.4561],[8.2053,53.4107],[8.3151,53.4749],[8.2312,53.5252],[8.2707,53.6129],[8.5521,53.5436],[8.49,53.4864],[8.5044,53.3581],[8.5129,53.4965],[8.6427,53.5319],[8.4861,53.7004],[8.6519,53.8925],[9.2747,53.8651],[9.8572,53.4329],[10.7097,53.3683],[11.0894,53.1442],[11.5813,53.0429],[11.4087,52.9052],[10.7586,52.8351],[10.9768,52.6163],[10.9391,52.4621],[11.073,52.3722],[10.9993,52.3403],[11.0851,52.2307],[10.963,52.0598],[10.5701,52.0068],[10.6455,51.9571],[10.5778,51.8052],[10.6976,51.6374],[10.65,51.5625],[10.3749,51.5857],[10.1497,51.4318],[9.7964,51.4084],[9.722,51.2905],[9.5347,51.3666],[9.6362,51.4037],[9.6544,51.6082],[9.3731,51.6473],[9.4612,51.8654],[9.322,51.8563],[9.1429,52.129],[8.9965,52.1341],[9.0727,52.2392],[8.9951,52.3225],[9.1316,52.4767],[8.8267,52.3888],[8.7111,52.3986],[8.6428,52.5241],[8.3014,52.4511],[8.4919,52.1762],[7.9698,52.0385],[7.8916,52.0898],[8.0173,52.17],[7.9006,52.2049],[7.9728,52.3146],[7.6806,52.462],[7.0531,52.2379],[6.9733,52.4514],[6.6951,52.4756],[6.7018,52.6191],[7.0185,52.626]],[[8.9899,53.0936],[8.4961,53.224],[8.7049,53.0496],[8.9899,53.0936]]],[[[6.7847,53.6201],[6.7565,53.5629],[6.6595,53.5991],[6.7847,53.6201]]],[[[6.8738,53.6728],[7.047,53.6942],[7.0855,53.687],[6.8738,53.6728]]],[[[7.1736,53.7014],[7.2329,53.7294],[7.3467,53.7232],[7.1736,53.7014]]],[[[7.4212,53.7211],[7.4035,53.7367],[7.4356,53.728],[7.4212,53.7211]]],[[[8.1509,53.7143],[8.1524,53.7392],[8.196,53.728],[8.1509,53.7143]]],[[[7.473,53.7319],[7.6066,53.7626],[7.6272,53.7509],[7.473,53.7319]]],[[[7.7482,53.7609],[7.6863,53.781],[7.8128,53.7831],[7.7482,53.7609]]],[[[7.9556,53.7829],[7.8545,53.7846],[7.8976,53.7963],[7.9556,53.7829]]]]}},{"type":"Feature","properties":{"id":"NL-DR","name":"Drenthe","country":"Netherlands","iso":"NLD"},"geometry":{"type":"Polygon","coordinates":[[[7.0722,52.8413],[7.0185,52.626],[6.3866,52.6185],[6.1303,52.7485],[6.2069,52.7967],[6.1295,52.8534],[6.4295,52.9594],[6.3095,53.0921],[6.4684,53.2045],[6.7405,53.1119],[7.0722,52.8413]]]}},{"type":"Feature","properties":{"id":"NL-OV","name":"Overijssel","country":"Netherlands","iso":"NLD"},"geometry":{"type":"Polygon","coordinates":[[[6.7191,52.6268],[6.6951,52.4756],[7.0482,52.3651],[7.0263,52.2306],[6.8307,52.1129],[6.1461,52.2303],[6.0954,52.4679],[5.8325,52.5852],[6.0198,52.6376],[5.7852,52.8037],[6.1295,52.8534],[6.1833,52.68],[6.7191,52.6268]]]}},{"type":"Feature","properties":{"id":"DE-NW","name":"North Rhine-Westphalia","country":"Germany","iso":"DEU"},"geometry":{"type":"Polygon","coordinates":[[[6.673,52.0501],[7.5616,52.3718],[7.6091,52.4756],[7.9704,52.3175],[7.9006,52.2049],[8.0173,52.17],[7.8916,52.0898],[7.9739,52.0385],[8.4919,52.1762],[8.3014,52.4511],[8.6428,52.5241],[8.7111,52.3986],[8.8267,52.3888],[9.0909,52.4974],[8.9965,52.1341],[9.1429,52.129],[9.322,51.8563],[9.4612,51.8654],[9.3724,51.6563],[9.4401,51.649],[9.2124,51.457],[9.0154,51.5092],[8.9009,51.4762],[8.9351,51.3913],[8.654,51.3441],[8.5756,51.2702],[8.7228,51.2687],[8.7063,51.1063],[8.5247,51.0933],[8.4662,50.9167],[8.1972,50.8271],[8.1345,50.684],[7.7886,50.9303],[7.6941,50.7757],[6.7601,50.4707],[6.7977,50.3567],[6.3734,50.3231],[6.3369,50.481],[6.1708,50.518],[6.2491,50.6144],[6.0115,50.7085],[5.9688,50.7946],[6.0637,50.9075],[5.8582,51.0193],[6.1473,51.1523],[6.0566,51.2117],[6.2078,51.3877],[5.928,51.8067],[6.1561,51.8421],[6.127,51.8967],[6.345,51.8211],[6.7438,51.9083],[6.8092,51.9795],[6.673,52.0501]]]}},{"type":"Feature","properties":{"id":"NL-GE","name":"Gelderland","country":"Netherlands","iso":"NLD"},"geometry":{"type":"Polygon","coordinates":[[[6.7716,52.1088],[6.673,52.0501],[6.8092,51.9795],[6.7438,51.9083],[6.345,51.8211],[6.127,51.8967],[6.1561,51.8421],[5.9315,51.8156],[5.9414,51.7453],[5.5008,51.835],[5.1349,51.7348],[5.0045,51.8509],[5.2395,51.9771],[5.6157,51.9483],[5.4089,52.2677],[5.8669,52.5218],[6.0954,52.4679],[6.068,52.3218],[6.1543,52.2256],[6.4114,52.2446],[6.7716,52.1088]]]}},{"type":"Feature","properties":{"id":"NL-LI","name":"Limburg","country":"Netherlands","iso":"NLD"},"geometry":{"type":"Polygon","coordinates":[[[5.8632,51.7728],[6.0992,51.6445],[6.2078,51.3877],[6.0566,51.2117],[6.1473,51.1523],[5.8525,51.0428],[6.0637,50.9075],[5.9949,50.7499],[5.7066,50.7542],[5.6223,50.8527],[5.8405,51.1389],[5.5514,51.2168],[5.9344,51.3849],[5.8378,51.567],[6.0493,51.5665],[5.8632,51.7728]]]}},{"type":"Feature","properties":{"id":"IT-IM","name":"Imperia","country":"Italy","iso":"ITA"},"geometry":{"type":"Polygon","coordinates":[[[7.5023,43.7922],[7.4779,43.8655],[7.7575,44.1438],[8.0021,44.1184],[7.9998,44.0003],[8.1302,43.9403],[7.5023,43.7922]]]}},{"type":"Feature","properties":{"id":"FR-06","name":"Alpes-Maritimes","country":"France","iso":"FRA"},"geometry":{"type":"Polygon","coordinates":[[[7.6879,44.0908],[7.4764,43.7646],[6.9332,43.4803],[6.912,43.5983],[6.6364,43.7889],[6.9423,43.8972],[6.695,44.1531],[6.8784,44.3546],[7.331,44.1253],[7.6247,44.1801],[7.6879,44.0908]]]}},{"type":"Feature","properties":{"id":"IT-CN","name":"Cuneo","country":"Italy","iso":"ITA"},"geometry":{"type":"Polygon","coordinates":[[[7.6879,44.0908],[7.6556,44.1761],[7.3406,44.1237],[6.9828,44.2417],[6.8357,44.534],[6.9828,44.6922],[7.62,44.8362],[7.9609,44.8552],[8.2659,44.7145],[8.0679,44.1744],[7.6879,44.0908]]]}},{"type":"Feature","properties":{"id":"FR-04","name":"Alpes-de-Haute-Provence","country":"France","iso":"FRA"},"geometry":{"type":"Polygon","coordinates":[[[6.9383,44.658],[6.8357,44.534],[6.9178,44.4363],[6.695,44.1531],[6.9423,43.8972],[6.3545,43.7364],[6.2436,43.8011],[6.0282,43.6716],[5.5447,43.8176],[5.5062,44.1218],[5.89,44.1914],[5.8231,44.2765],[5.9143,44.2685],[5.9661,44.4057],[6.1349,44.4721],[6.236,44.3847],[6.3652,44.5347],[6.6129,44.4468],[6.9383,44.658]]]}},{"type":"Feature","properties":{"id":"FR-05","name":"Hautes-Alpes","country":"France","iso":"FRA"},"geometry":{"type":"Polygon","coordinates":[[[7.0388,44.7121],[6.6129,44.4468],[6.3652,44.5347],[6.236,44.3847],[6.0735,44.4676],[5.9143,44.2685],[5.8353,44.3005],[5.89,44.1914],[5.6789,44.1907],[5.627,44.3297],[5.4267,44.4194],[5.6513,44.4959],[5.6579,44.6414],[5.9964,44.822],[6.3568,44.8579],[6.3253,44.9995],[6.2223,45.0173],[6.2664,45.1248],[6.4594,45.0536],[6.6294,45.1235],[6.7454,44.9078],[6.9828,44.847],[7.0388,44.7121]]]}},{"type":"Feature","properties":{"id":"IT-TO","name":"Turin","country":"Italy","iso":"ITA"},"geometry":{"type":"Polygon","coordinates":[[[7.0388,44.7121],[7.0008,44.833],[6.7454,44.9078],[6.6027,45.1035],[7.0622,45.2185],[7.1379,45.5117],[7.8802,45.6027],[8.0275,45.4491],[7.9557,45.3281],[8.1519,45.1686],[7.8935,45.0903],[7.9434,44.8463],[7.0388,44.7121]]]}},{"type":"Feature","properties":{"id":"FR-73","name":"Savoie","country":"France","iso":"FRA"},"geometry":{"type":"Polygon","coordinates":[[[6.9634,45.6407],[7.1607,45.4109],[7.0555,45.2137],[6.4594,45.0536],[6.1601,45.155],[6.1254,45.4351],[5.7562,45.4393],[5.6005,45.6556],[5.7624,45.7242],[5.8404,45.9388],[5.9928,45.7577],[6.2544,45.6836],[6.5229,45.9084],[6.6895,45.7281],[6.7839,45.765],[6.9634,45.6407]]]}},{"type":"Feature","properties":{"id":"FR-74","name":"Haute-Savoie","country":"France","iso":"FRA"},"geometry":{"type":"Polygon","coordinates":[[[7.0221,45.9253],[6.7113,45.7275],[6.5123,45.9066],[6.2544,45.6836],[5.8836,45.8353],[5.8252,46.0953],[6.1403,46.1502],[6.2812,46.2401],[6.2141,46.3155],[6.2691,46.375],[6.6137,46.4559],[6.7871,46.4142],[6.7657,46.1516],[7.0221,45.9253]]]}},{"type":"Feature","properties":{"id":"RU-MUR","name":"Murmansk","country":"Russia","iso":"RUS"},"geometry":{"type":"MultiPolygon","coordinates":[[[[28.4442,68.8658],[29.173,69.0694],[29.3768,69.3016],[30.1234,69.4419],[30.2316,69.5583],[30.1191,69.6346],[30.853,69.5274],[30.9277,69.6721],[30.841,69.8058],[31.409,69.7158],[31.2967,69.6126],[31.8106,69.6877],[31.7009,69.7366],[31.7109,69.8274],[32.0989,69.7919],[31.9133,69.9362],[32.0545,69.9638],[33.1333,69.7287],[32.8718,69.5825],[32.1697,69.6549],[32.1117,69.7529],[31.9683,69.6542],[32.0559,69.6365],[32.0161,69.5642],[32.502,69.517],[32.1936,69.4345],[33.085,69.4761],[32.8235,69.3012],[32.9893,69.3935],[33.5237,69.4283],[33.2351,69.27],[33.5442,69.2086],[33.0606,69.0833],[33.0234,68.9547],[33.0643,69.0578],[33.4266,69.1047],[33.5762,69.1992],[33.5715,69.3041],[33.724,69.3368],[35.967,69.1768],[37.6805,68.7134],[38.3298,68.4422],[38.3887,68.3432],[38.7654,68.2906],[38.5101,68.3655],[38.6392,68.385],[39.5208,68.076],[39.8595,68.0466],[39.7098,68.1688],[39.7932,68.1647],[40.4107,67.8751],[40.3215,67.8449],[40.4668,67.7612],[40.6546,67.8146],[40.9658,67.7251],[41.054,67.6531],[40.9993,67.4675],[41.1501,67.4235],[41.1089,67.2538],[41.3397,67.2238],[41.3904,67.1249],[41.1781,66.8096],[40.4443,66.4055],[39.3436,66.1347],[38.5544,66.055],[35.5578,66.387],[34.8036,66.6135],[34.4802,66.5376],[34.356,66.6298],[34.5032,66.6383],[34.5217,66.6572],[34.0923,66.6724],[34.1414,66.7738],[33.9473,66.6849],[33.5237,66.8307],[33.6262,66.7481],[33.4832,66.7304],[32.8049,67.0103],[32.9688,67.0908],[32.3826,67.1597],[31.8509,67.1528],[32.262,67.125],[32.5498,67.0001],[32.3921,66.9536],[32.4959,66.9331],[32.4202,66.8859],[33.3186,66.6293],[32.5936,66.5823],[32.3627,66.4667],[32.3287,66.3592],[31.9015,66.3564],[31.5553,66.6552],[29.3625,66.6266],[29.0892,66.8375],[29.0999,66.9912],[29.9162,67.5081],[30.0094,67.6858],[29.3309,68.0727],[28.6903,68.1832],[28.4479,68.5297],[28.8015,68.8355],[28.4442,68.8658]]],[[[33.0459,66.5762],[33.2596,66.6184],[33.5368,66.5359],[33.4992,66.5229],[33.0459,66.5762]]],[[[32.3561,67.1391],[32.3937,67.1003],[32.3377,67.1249],[32.3561,67.1391]]],[[[33.9756,69.3696],[34.2158,69.4078],[34.4069,69.3525],[33.9756,69.3696]]],[[[36.5936,80.1588],[36.6526,80.1749],[36.8537,80.1519],[36.7859,80.1398],[36.5936,80.1588]]]]}},{"type":"Feature","properties":{"id":"RU-KR","name":"Karelia","country":"Russia","iso":"RUS"},"geometry":{"type":"MultiPolygon","coordinates":[[[[29.9002,66.1081],[29.3625,66.6266],[31.5553,66.6552],[31.9015,66.3564],[32.3287,66.3592],[32.3627,66.4667],[32.5936,66.5823],[33.0459,66.5762],[33.1658,66.5559],[32.9409,66.5285],[33.7354,66.426],[33.3108,66.3168],[34.1028,66.2469],[34.553,66.0937],[34.9686,65.7277],[34.6887,65.8097],[34.7766,65.5966],[34.6819,65.4534],[34.297,65.3851],[34.4629,65.3644],[34.7737,65.1002],[34.8161,65.0434],[34.7024,64.9804],[34.9421,64.8576],[34.757,64.7744],[35.009,64.7432],[34.8323,64.6979],[34.9776,64.6119],[34.7433,64.5559],[35.3488,64.2961],[35.5891,64.3223],[35.5825,64.4113],[35.8108,64.342],[36.2272,64.1362],[36.2922,64.0097],[36.5234,63.9714],[36.5567,63.7695],[36.4693,63.6755],[35.8574,63.5987],[36.2198,63.4165],[36.262,63.2355],[36.4123,63.2056],[36.2589,63.0318],[36.5005,62.826],[37.0978,62.6519],[37.5123,62.6376],[37.5726,62.3606],[37.4288,62.2132],[37.7293,62.1998],[37.8077,61.9976],[37.9295,61.9621],[37.7729,61.5221],[36.6323,61.5531],[36.4668,61.4066],[35.4363,61.1616],[35.3321,61.1802],[35.3318,61.2869],[34.7333,61.321],[34.406,61.1471],[34.2161,61.2419],[33.5349,61.2208],[33.4586,61.1272],[33.8671,61.0705],[33.7523,60.9437],[33.4174,61.0003],[33.1055,60.7459],[32.7034,60.6457],[29.5764,61.1707],[29.2771,61.3046],[31.2438,62.5033],[31.5695,62.9059],[31.204,63.2127],[29.9808,63.7415],[30.2015,63.7926],[30.5864,64.0847],[30.5362,64.2347],[30.0325,64.3969],[30.0704,64.4719],[29.9548,64.569],[30.1808,64.6428],[30.1189,64.7679],[29.7803,64.7956],[29.5881,64.9914],[29.8502,65.1215],[29.8332,65.205],[29.5801,65.2354],[29.8386,65.5649],[29.7029,65.6294],[30.1163,65.6872],[29.9002,66.1081]]],[[[35.8568,64.3874],[36.0313,64.3731],[36.0449,64.3603],[35.8568,64.3874]]],[[[35.8669,65.0313],[35.7447,64.9616],[35.5061,65.1213],[35.7865,65.1651],[35.8669,65.0313]]],[[[35.9274,65.0541],[36.0051,65.0265],[35.8919,65.0407],[35.9274,65.0541]]],[[[35.9904,65.1912],[36.261,65.1545],[35.9422,65.1546],[35.9904,65.1912]]]]}},{"type":"Feature","properties":{"id":"RU-LEN","name":"Leningrad","country":"Russia","iso":"RUS"},"geometry":{"type":"MultiPolygon","coordinates":[[[[27.7941,60.5332],[29.2771,61.3046],[29.5764,61.1707],[32.7034,60.6457],[33.1055,60.7459],[33.4174,61.0003],[33.7523,60.9437],[33.8671,61.0705],[33.4586,61.1272],[33.5349,61.2208],[34.2161,61.2419],[34.406,61.1471],[34.7333,61.321],[35.3318,61.2869],[35.3321,61.1802],[35.6918,61.1281],[35.4495,60.8635],[35.1438,60.7765],[35.2517,60.4454],[35.1474,60.2688],[35.1728,60.0799],[35.0853,60.0238],[35.4131,59.9728],[35.4742,59.9229],[35.3825,59.8754],[35.4056,59.7124],[35.6405,59.6535],[35.4971,59.6474],[35.4858,59.4855],[35.2889,59.4993],[35.4485,59.4277],[35.3203,59.3391],[35.3819,59.3003],[34.9162,59.2468],[34.7981,59.1024],[34.2531,59.1985],[33.9999,59.1488],[33.5203,59.373],[33.2559,59.3233],[33.0099,59.43],[32.6532,59.1247],[32.3023,59.2001],[32.1241,59.3943],[31.8074,59.3121],[31.5518,59.3681],[31.5575,59.2153],[31.306,58.9852],[31.0013,59.0748],[30.7057,58.7493],[30.1659,58.7654],[30.1226,58.4887],[29.6588,58.4506],[28.9787,58.8115],[28.28,58.852],[28.1224,58.9926],[27.6959,58.9772],[27.8823,59.2757],[28.1818,59.3561],[28.0191,59.4818],[28.007,59.7582],[28.1239,59.7923],[28.3753,59.6663],[28.4761,59.8518],[28.8325,59.7865],[29.1614,60.0026],[29.6971,59.95],[29.6796,59.8689],[30.2594,59.6099],[30.7562,59.7775],[30.5117,59.8624],[30.5273,59.9703],[30.3499,60.0626],[30.3904,60.1227],[29.633,60.266],[29.4179,60.1688],[29.0923,60.178],[28.617,60.382],[28.439,60.5599],[28.7028,60.4612],[28.6904,60.7385],[28.2158,60.5476],[27.7941,60.5332]]],[[[28.6045,60.645],[28.5755,60.5804],[28.561,60.6295],[28.6045,60.645]]],[[[27.885,60.0111],[27.8205,59.9827],[27.8026,59.9993],[27.8201,60.0308],[27.885,60.0111]]],[[[26.9641,60.0994],[26.9847,60.0177],[26.95,60.0996],[26.9641,60.0994]]],[[[28.7118,60.295],[28.6242,60.2702],[28.5414,60.3474],[28.5803,60.3489],[28.7118,60.295]]],[[[28.4849,60.3619],[28.5037,60.311],[28.4255,60.3608],[28.4849,60.3619]]]]}},{"type":"Feature","properties":{"id":"BR-AP","name":"Amap\u00e1","country":"Brazil","iso":"BRA"},"geometry":{"type":"MultiPolygon","coordinates":[[[[-54.743,2.4665],[-54.7041,2.3248],[-54.1349,2.1107],[-53.7648,2.3687],[-53.5318,2.247],[-53.3441,2.3496],[-53.2685,2.1957],[-52.9172,2.1957],[-52.5904,2.5047],[-52.3553,3.1516],[-51.5853,4.2338],[-51.4368,3.9295],[-51.5165,4.4411],[-51.1869,4.0788],[-51.1761,3.6483],[-51.0799,3.8823],[-51.0168,3.0356],[-50.6793,2.1717],[-50.7926,2.1618],[-50.7797,2.0709],[-50.6196,2.1052],[-50.4665,1.8154],[-49.9506,1.7213],[-49.883,1.3077],[-50.1497,1.2212],[-49.89,1.1652],[-50.4534,0.664],[-50.7906,0.1695],[-50.9798,0.1204],[-51.0814,-0.0325],[-51.327,-0.0795],[-51.2512,-0.1274],[-51.3707,-0.3429],[-51.6975,-0.7472],[-51.7191,-1.0334],[-52.0688,-1.2192],[-52.363,-1.0667],[-52.3813,-0.8868],[-52.5174,-0.8758],[-52.6311,-0.3898],[-52.8137,-0.1802],[-52.9154,-0.192],[-53.1284,0.387],[-53.1158,0.7368],[-53.4162,0.9418],[-53.4339,1.2565],[-53.5431,1.2439],[-53.6665,1.4276],[-53.8559,1.3851],[-54.077,1.5048],[-54.1047,1.6113],[-54.3616,1.7621],[-54.7355,1.772],[-54.743,2.4665]]],[[[-50.0157,0.8925],[-50.2834,0.7692],[-50.2255,0.8592],[-50.0157,0.8925]]],[[[-49.964,0.9738],[-50.1003,0.9591],[-49.9264,1.0699],[-49.964,0.9738]]],[[[-50.4544,2.1109],[-50.314,1.9683],[-50.4191,1.863],[-50.5238,2.0015],[-50.4544,2.1109]]],[[[-50.4979,2.1074],[-50.4633,2.1869],[-50.4152,2.1269],[-50.4979,2.1074]]]]}},{"type":"Feature","properties":{"id":"NG-KE","name":"Kebbi State","country":"Nigeria","iso":"NGA"},"geometry":{"type":"Polygon","coordinates":[[[3.695,11.1191],[3.4667,11.4425],[3.667,11.7597],[3.6416,12.518],[3.9291,12.7504],[4.1203,13.2106],[4.3409,13.2281],[4.672,13.0545],[4.8184,13.1065],[4.8295,12.3994],[4.6091,12.3185],[4.5294,11.589],[4.6064,11.5383],[4.8751,11.6923],[5.2834,11.7212],[5.8283,11.631],[6.0271,11.1112],[5.4767,10.9572],[5.2852,11.3445],[4.7794,11.2269],[4.8265,11.1166],[5.0541,11.0334],[5.0931,10.7478],[4.8271,10.6731],[4.8942,10.3347],[4.6554,10.2011],[4.6319,10.0993],[4.5395,10.1244],[4.5006,10.4604],[4.689,10.6458],[4.7221,10.9042],[4.4354,11.0285],[4.0052,11.0122],[3.695,11.1191]]]}},{"type":"Feature","properties":{"id":"NG-NI","name":"Niger State","country":"Nigeria","iso":"NGA"},"geometry":{"type":"Polygon","coordinates":[[[3.7569,10.4053],[3.8371,10.6548],[3.73,10.8077],[3.7128,11.1279],[4.7221,10.9042],[4.689,10.6458],[4.5006,10.4604],[4.5395,10.1244],[4.6319,10.0993],[4.6554,10.2011],[4.8942,10.3347],[4.8271,10.6731],[5.0931,10.7478],[5.0541,11.0334],[4.8265,11.1166],[4.7794,11.2269],[5.2852,11.3445],[5.4767,10.9572],[5.9964,11.1308],[6.1619,10.8627],[6.0931,10.4826],[6.1738,10.3612],[6.4267,10.5736],[6.5685,10.5347],[6.768,10.6378],[6.956,10.4824],[6.9445,10.3668],[7.0651,10.2646],[6.8921,10.1052],[7.2792,9.9776],[7.2962,9.781],[7.2173,9.741],[7.3381,9.5866],[7.2183,9.4166],[7.3108,9.2974],[7.1639,9.0976],[6.9631,9.2324],[6.754,9.2139],[6.759,8.4722],[6.835,8.4068],[6.6914,8.2069],[6.2774,8.7367],[5.8024,8.7418],[5.538,8.9294],[5.2095,9.0083],[5.0059,9.1966],[4.7708,9.1487],[4.6144,9.4219],[4.4536,9.4254],[4.4158,9.7034],[4.0141,10.118],[3.6648,10.1287],[3.5724,10.2857],[3.6521,10.4358],[3.7569,10.4053]]]}},{"type":"Feature","properties":{"id":"NG-KW","name":"Kwara State","country":"Nigeria","iso":"NGA"},"geometry":{"type":"Polygon","coordinates":[[[3.5131,9.8466],[3.6648,10.1287],[3.986,10.1414],[4.4158,9.7034],[4.4536,9.4254],[4.6144,9.4219],[4.7708,9.1487],[5.0059,9.1966],[5.2095,9.0083],[5.538,8.9294],[5.7905,8.7457],[6.2159,8.73],[6.1072,8.4046],[5.8051,8.4052],[5.5157,8.5307],[5.3492,8.3153],[5.536,8.0696],[5.3537,7.9743],[4.9409,8.0804],[4.5556,8.0341],[4.201,8.6934],[4.3141,8.9926],[4.0455,9.0207],[3.866,9.1775],[3.6956,8.9892],[2.7424,8.5275],[2.7692,9.057],[3.076,9.0952],[3.1326,9.4573],[3.3316,9.652],[3.3259,9.8017],[3.5131,9.8466]]]}},{"type":"Feature","properties":{"id":"NG-OG","name":"Ogun State","country":"Nigeria","iso":"NGA"},"geometry":{"type":"Polygon","coordinates":[[[2.7833,7.4192],[2.6717,7.8934],[2.8618,7.9547],[2.9092,7.7417],[2.9994,7.8337],[2.9698,7.6231],[3.1794,7.3498],[3.2902,7.3334],[3.412,7.4948],[3.4952,7.4021],[3.6543,7.4287],[3.7762,7.1437],[3.7121,7.0471],[4.1479,7.1462],[4.3641,6.9805],[4.5455,7.0074],[4.3549,6.6174],[4.5671,6.6288],[4.5923,6.4718],[4.466,6.4064],[4.5702,6.3358],[4.1548,6.4786],[4.2096,6.5769],[4.0876,6.5443],[4.0321,6.69],[3.2767,6.7047],[3.1688,6.5245],[2.7119,6.474],[2.7833,7.4192]]]}},{"type":"Feature","properties":{"id":"NG-OY","name":"Oyo State","country":"Nigeria","iso":"NGA"},"geometry":{"type":"Polygon","coordinates":[[[2.6717,7.8934],[2.7037,8.4179],[2.8011,8.5777],[3.6956,8.9892],[3.818,9.1727],[4.0455,9.0207],[4.3141,8.9926],[4.201,8.6934],[4.561,7.9659],[4.3999,7.8506],[4.2635,7.954],[4.0864,7.8477],[4.0341,7.6251],[4.1455,7.4744],[4.0771,7.1124],[3.7121,7.0471],[3.7762,7.1437],[3.6543,7.4287],[3.4952,7.4021],[3.412,7.4948],[3.2902,7.3334],[3.1794,7.3498],[2.9698,7.6231],[2.9994,7.8337],[2.9092,7.7417],[2.8618,7.9547],[2.6717,7.8934]]]}},{"type":"Feature","properties":{"id":"NG-LA","name":"Lagos","country":"Nigeria","iso":"NGA"},"geometry":{"type":"Polygon","coordinates":[[[2.7038,6.3684],[2.7119,6.474],[3.1688,6.5245],[3.2767,6.7047],[4.0918,6.6744],[4.0592,6.5673],[4.2096,6.5769],[4.1548,6.4786],[4.3463,6.4007],[3.4436,6.4103],[3.3849,6.4445],[3.8579,6.6022],[3.7737,6.6224],[3.5283,6.5278],[3.4812,6.6022],[3.4024,6.5522],[3.3698,6.45],[3.3845,6.3977],[2.7038,6.3684]]]}},{"type":"Feature","properties":{"id":"IT-RN","name":"Rimini","country":"Italy","iso":"ITA"},"geometry":{"type":"Polygon","coordinates":[[[12.4907,43.965],[12.2858,43.7689],[12.1022,43.759],[12.1617,43.9259],[12.3262,43.9586],[12.458,44.1664],[12.7538,43.9724],[12.6685,43.8425],[12.4907,43.965]],[[12.1776,43.8217],[12.2386,43.7988],[12.2382,43.8088],[12.1776,43.8217]]]}},{"type":"Feature","properties":{"id":"IT-PU","name":"Pesaro and Urbino","country":"Italy","iso":"ITA"},"geometry":{"type":"Polygon","coordinates":[[[12.478,43.9232],[12.675,43.8433],[12.804,43.9669],[13.1772,43.7515],[12.6089,43.4289],[12.1935,43.6442],[12.334,43.6891],[12.285,43.7947],[12.478,43.9232]],[[12.4076,43.6101],[12.4448,43.6011],[12.4298,43.6315],[12.4076,43.6101]]]}},{"type":"Feature","properties":{"id":"NG-BO","name":"Borno State","country":"Nigeria","iso":"NGA"},"geometry":{"type":"Polygon","coordinates":[[[13.6073,13.7041],[14.0649,13.078],[14.1889,12.3704],[14.4871,12.3378],[14.6683,12.1781],[14.5419,11.7098],[14.6058,11.5147],[14.1655,11.2383],[13.9823,11.2763],[13.7498,10.9424],[13.4222,10.9303],[13.3097,10.4679],[12.8409,10.5632],[12.1069,10.036],[11.9456,10.0447],[11.6395,10.3888],[11.8118,10.8577],[12.1667,11.0471],[12.1975,11.2843],[12.3883,11.542],[12.2357,11.6632],[12.3083,12.4496],[12.4875,12.6728],[12.3629,12.8853],[12.3867,13.0786],[12.4867,13.0708],[12.8423,13.4891],[13.2281,13.548],[13.3299,13.7094],[13.6073,13.7041]]]}},{"type":"Feature","properties":{"id":"IT-BL","name":"Belluno","country":"Italy","iso":"ITA"},"geometry":{"type":"Polygon","coordinates":[[[12.2081,46.5949],[12.7485,46.641],[12.7614,46.5726],[12.3384,46.2742],[12.4972,46.1042],[11.7797,45.8876],[11.7027,46.0952],[11.9713,46.1931],[11.7992,46.3532],[11.8957,46.4548],[11.8322,46.504],[12.022,46.5394],[12.0946,46.6683],[12.2081,46.5949]]]}},{"type":"Feature","properties":{"id":"IT-UD","name":"Udine","country":"Italy","iso":"ITA"},"geometry":{"type":"Polygon","coordinates":[[[12.7485,46.641],[13.701,46.5197],[13.3653,46.2903],[13.645,46.1617],[13.4079,45.9175],[13.4226,45.7241],[13.1193,45.772],[13.0956,45.6523],[12.9067,45.9355],[12.9657,46.3289],[12.5001,46.4042],[12.7602,46.5369],[12.7485,46.641]]]}},{"type":"Feature","properties":{"id":"IT-GO","name":"Gorizia","country":"Italy","iso":"ITA"},"geometry":{"type":"Polygon","coordinates":[[[13.4618,46.0064],[13.6228,45.9664],[13.5549,45.7372],[13.4017,45.6754],[13.4618,46.0064]]]}},{"type":"Feature","properties":{"id":"IT-TS","name":"Trieste","country":"Italy","iso":"ITA"},"geometry":{"type":"Polygon","coordinates":[[[13.5885,45.8065],[13.7787,45.7434],[13.887,45.6188],[13.7118,45.5932],[13.8081,45.6143],[13.5885,45.8065]]]}},{"type":"Feature","properties":{"id":"FR-64","name":"Pyrenees-Atlantics","country":"France","iso":"FRA"},"geometry":{"type":"Polygon","coordinates":[[[-1.7474,43.291],[-1.7941,43.386],[-1.514,43.5386],[-1.2041,43.5643],[-1.154,43.49],[-0.4604,43.5921],[-0.0897,43.5645],[0.0232,43.3392],[-0.2883,42.9947],[-0.3051,42.8308],[-0.569,42.7726],[-0.7597,42.9465],[-1.286,43.1092],[-1.4571,43.0451],[-1.4035,43.2433],[-1.7474,43.291]],[[-0.1119,43.3695],[-0.0662,43.3514],[-0.0755,43.3841],[-0.1119,43.3695]],[[-0.1386,43.2718],[-0.0805,43.2722],[-0.1136,43.3053],[-0.1386,43.2718]]]}},{"type":"Feature","properties":{"id":"FR-31","name":"Haute-Garonne","country":"France","iso":"FRA"},"geometry":{"type":"Polygon","coordinates":[[[0.8561,42.8128],[0.6563,42.8384],[0.6567,42.688],[0.4669,42.6904],[0.4645,42.8505],[0.6449,42.9569],[0.4416,43.1311],[0.7821,43.4124],[0.9996,43.3591],[1.0549,43.5204],[1.1773,43.5617],[0.9539,43.7873],[1.2462,43.7743],[1.5557,43.9183],[1.6878,43.6308],[2.0531,43.4861],[1.6473,43.2479],[1.5152,43.2967],[1.4409,43.213],[1.3057,43.299],[1.3823,43.2313],[1.2205,43.1696],[1.2901,43.1235],[1.0651,43.1441],[0.8376,42.9073],[0.8561,42.8128]]]}},{"type":"Feature","properties":{"id":"FR-65","name":"Hautes-Pyr\u00e9n\u00e9es","country":"France","iso":"FRA"},"geometry":{"type":"MultiPolygon","coordinates":[[[[-0.0389,42.6851],[-0.3051,42.8308],[-0.2883,42.9947],[0.0232,43.3392],[-0.0892,43.5914],[-0.0059,43.6087],[0.1957,43.3716],[0.6067,43.3109],[0.4416,43.1311],[0.6449,42.9569],[0.4645,42.8505],[0.4669,42.6904],[-0.0389,42.6851]]],[[[-0.1119,43.3695],[-0.064,43.3592],[-0.0968,43.3278],[-0.1119,43.3695]]],[[[-0.1386,43.2718],[-0.0805,43.2722],[-0.118,43.2476],[-0.1386,43.2718]]]]}},{"type":"Feature","properties":{"id":"FR-09","name":"Ari\u00e8ge","country":"France","iso":"FRA"},"geometry":{"type":"Polygon","coordinates":[[[0.9211,42.7844],[0.8376,42.9073],[0.9922,42.9903],[0.9966,43.0947],[1.1306,43.1552],[1.2427,43.0888],[1.2205,43.1696],[1.3823,43.2313],[1.3057,43.299],[1.4409,43.213],[1.5152,43.2967],[1.9454,43.1038],[1.9856,42.8731],[1.8655,42.8159],[2.1688,42.6701],[1.9285,42.5692],[1.4293,42.5954],[1.3426,42.7087],[0.9211,42.7844]]]}},{"type":"Feature","properties":{"id":"FR-66","name":"Pyr\u00e9n\u00e9es-Orientales","country":"France","iso":"FRA"},"geometry":{"type":"Polygon","coordinates":[[[1.7171,42.5399],[2.3226,42.708],[2.3412,42.8374],[2.8553,42.9138],[3.0463,42.8371],[3.0518,42.5549],[3.1816,42.4351],[2.9337,42.4702],[2.5148,42.3257],[2.2774,42.4286],[2.0092,42.3471],[1.7171,42.5399]],[[1.9475,42.4512],[1.9995,42.4439],[1.9566,42.4818],[1.9475,42.4512]]]}},{"type":"Feature","properties":{"id":"CO-NAR","name":"Nari\u00f1o","country":"Colombia","iso":"COL"},"geometry":{"type":"MultiPolygon","coordinates":[[[[-78.6413,1.2594],[-79.0215,1.6383],[-78.8461,1.8216],[-78.5712,1.7822],[-78.5454,1.9147],[-78.608,2.028],[-78.6656,1.9829],[-78.7032,2.1898],[-78.346,2.648],[-78.2548,2.5419],[-78.2469,2.6636],[-78.2078,2.5373],[-78.1325,2.4927],[-78.0853,2.5161],[-78.0961,2.6515],[-77.9839,2.5869],[-77.8401,2.1772],[-77.313,2.1714],[-77.3264,2.0622],[-77.1993,1.961],[-77.3251,1.6894],[-76.9409,1.7275],[-76.8448,1.6071],[-76.9117,1.3132],[-77.0887,1.1861],[-77.0382,0.9964],[-77.2386,0.6972],[-77.1091,0.5845],[-77.0862,0.3906],[-77.1852,0.3354],[-77.4244,0.4083],[-77.4681,0.6509],[-77.6456,0.7163],[-77.7032,0.8431],[-78.0779,0.9008],[-78.6413,1.2594]]],[[[-78.2149,2.6819],[-78.0962,2.54],[-78.1344,2.5044],[-78.2149,2.6819]]]]}},{"type":"Feature","properties":{"id":"CO-PUT","name":"Putumayo","country":"Colombia","iso":"COL"},"geometry":{"type":"Polygon","coordinates":[[[-75.7897,0.0844],[-76.3116,0.4585],[-76.4164,0.4019],[-76.408,0.2545],[-76.5654,0.2161],[-77.1039,0.3541],[-77.1122,0.5943],[-77.2386,0.6972],[-77.0288,1.0232],[-77.0887,1.1861],[-76.6382,1.4319],[-76.5205,1.3015],[-76.4924,1.0246],[-75.9498,1.0348],[-75.8281,0.8795],[-75.2739,0.7363],[-75.1867,0.4962],[-74.9962,0.4699],[-74.9624,0.2708],[-74.6829,0.1509],[-74.6638,-0.0542],[-74.3276,-0.1228],[-73.8641,-0.3929],[-74.4147,-0.5638],[-74.7907,-0.3126],[-74.8247,-0.1705],[-74.9335,-0.2094],[-75.1417,-0.0435],[-75.2835,-0.107],[-75.7897,0.0844]]]}},{"type":"Feature","properties":{"id":"BR-MS","name":"Mato Grosso do Sul","country":"Brazil","iso":"BRA"},"geometry":{"type":"Polygon","coordinates":[[[-58.1627,-20.2432],[-57.8597,-19.9801],[-58.1246,-19.7299],[-57.7158,-19.0446],[-57.7823,-18.9104],[-57.5667,-18.2561],[-57.4668,-18.2396],[-57.7245,-17.7366],[-57.4707,-17.9475],[-57.0831,-17.7632],[-56.7563,-17.3182],[-56.4168,-17.3158],[-56.1191,-17.1873],[-55.1805,-17.6858],[-54.6065,-17.505],[-54.3837,-17.6759],[-54.1284,-17.6239],[-53.6892,-17.2502],[-53.7537,-17.6513],[-53.8751,-17.7053],[-53.9768,-17.9333],[-53.0538,-18.0166],[-53.0335,-18.3574],[-52.769,-18.4118],[-52.8963,-18.6648],[-52.4827,-18.7074],[-51.8421,-19.0481],[-51.1131,-19.293],[-50.9371,-19.5493],[-51.0263,-19.7247],[-51.0291,-20.1893],[-51.58,-20.5964],[-51.632,-20.877],[-51.8711,-21.144],[-51.8674,-21.343],[-52.1039,-21.5234],[-52.0436,-21.6661],[-52.4622,-22.1831],[-53.5849,-22.9025],[-53.7251,-23.2964],[-53.9681,-23.4438],[-54.0772,-23.9492],[-54.2458,-24.0504],[-54.6392,-23.8044],[-55.1654,-24.0168],[-55.4207,-23.9545],[-55.6378,-23.0007],[-55.6237,-22.6387],[-55.861,-22.2895],[-56.2143,-22.2754],[-56.4076,-22.0758],[-56.6488,-22.2635],[-56.8561,-22.2932],[-57.9862,-22.0745],[-57.8176,-20.9536],[-57.9148,-20.9056],[-57.8596,-20.8316],[-57.9404,-20.7936],[-57.8577,-20.7399],[-57.9806,-20.6927],[-57.9894,-20.4331],[-58.1627,-20.2432]]]}},{"type":"Feature","properties":{"id":"BR-PR","name":"Paran\u00e1","country":"Brazil","iso":"BRA"},"geometry":{"type":"MultiPolygon","coordinates":[[[[-54.6002,-25.5749],[-54.2622,-24.3585],[-54.3248,-24.1182],[-54.0772,-23.9492],[-53.9681,-23.4438],[-53.7251,-23.2964],[-53.5849,-22.9025],[-52.9472,-22.5708],[-52.2171,-22.6438],[-52.0667,-22.5217],[-51.6953,-22.6626],[-51.3469,-22.6519],[-50.8801,-22.8221],[-50.7649,-22.9539],[-49.9781,-22.9038],[-49.6381,-23.2593],[-49.5957,-23.8821],[-49.2223,-24.35],[-49.2955,-24.666],[-48.5817,-24.6818],[-48.4876,-24.7457],[-48.5702,-25.0538],[-48.5001,-25.0826],[-48.4205,-24.9597],[-48.2302,-25.0136],[-48.179,-25.2041],[-48.0325,-25.2294],[-48.2091,-25.4576],[-48.2222,-25.3391],[-48.1273,-25.28],[-48.3328,-25.3583],[-48.3253,-25.2286],[-48.3674,-25.3048],[-48.4557,-25.2485],[-48.4727,-25.4757],[-48.743,-25.3521],[-48.7108,-25.4964],[-48.3612,-25.571],[-48.541,-25.8455],[-48.7694,-25.8674],[-48.5635,-25.8658],[-48.5827,-25.9809],[-49.1153,-25.9924],[-49.5516,-26.23],[-49.9447,-26.0146],[-50.3371,-26.1121],[-50.5884,-26.007],[-50.7375,-26.2362],[-51.2131,-26.3127],[-51.2914,-26.435],[-51.2386,-26.6073],[-51.4156,-26.7048],[-51.4994,-26.599],[-52.0065,-26.5816],[-52.1997,-26.4516],[-53.6616,-26.2598],[-53.91,-25.6292],[-54.0989,-25.5972],[-54.1164,-25.4946],[-54.1903,-25.5808],[-54.3954,-25.5811],[-54.4473,-25.6892],[-54.6002,-25.5749]]],[[[-48.3395,-25.4255],[-48.2554,-25.3482],[-48.2911,-25.4891],[-48.3395,-25.4255]]]]}},{"type":"Feature","properties":{"id":"BR-SC","name":"Santa Catarina","country":"Brazil","iso":"BRA"},"geometry":{"type":"MultiPolygon","coordinates":[[[[-53.7125,-26.9045],[-53.6616,-26.2598],[-53.3552,-26.2416],[-53.1118,-26.3695],[-52.8158,-26.3366],[-52.1897,-26.4544],[-52.0065,-26.5816],[-51.4994,-26.599],[-51.4156,-26.7048],[-51.2386,-26.6073],[-51.2914,-26.435],[-51.2131,-26.3127],[-50.7375,-26.2362],[-50.5884,-26.007],[-50.3371,-26.1121],[-49.9447,-26.0146],[-49.5516,-26.23],[-49.1153,-25.9924],[-48.5827,-25.9809],[-48.5829,-26.1726],[-48.6679,-26.236],[-48.798,-26.0881],[-48.7982,-26.3049],[-48.6079,-26.4367],[-48.6833,-26.6624],[-48.578,-26.7765],[-48.6072,-27.1044],[-48.4761,-27.154],[-48.62,-27.2467],[-48.5519,-27.3873],[-48.6474,-27.4796],[-48.5655,-27.8603],[-48.6359,-28.2302],[-48.7706,-28.492],[-48.8646,-28.3209],[-48.8549,-28.4753],[-48.7499,-28.5114],[-48.8153,-28.6104],[-49.3428,-28.9235],[-49.7135,-29.3245],[-49.9545,-29.1938],[-50.094,-29.2525],[-50.0523,-29.3554],[-50.1651,-29.1961],[-50.0025,-29.0985],[-49.9202,-28.7175],[-49.7043,-28.6087],[-49.7571,-28.4704],[-50.5392,-28.4158],[-51.3469,-27.6272],[-51.6756,-27.476],[-51.8772,-27.5204],[-51.9649,-27.3684],[-52.1791,-27.2682],[-52.6992,-27.2739],[-52.8686,-27.1614],[-52.9942,-27.2221],[-53.0175,-27.0832],[-53.2896,-27.1976],[-53.3689,-27.072],[-53.518,-27.1953],[-53.8408,-27.1681],[-53.7125,-26.9045]]],[[[-48.4346,-27.4047],[-48.4072,-27.5792],[-48.5638,-27.8173],[-48.5375,-27.4762],[-48.4346,-27.4047]]],[[[-48.5476,-26.1672],[-48.5832,-26.4211],[-48.7033,-26.3119],[-48.5476,-26.1672]]]]}},{"type":"Feature","properties":{"id":"NL-ZE","name":"Zeeland","country":"Netherlands","iso":"NLD"},"geometry":{"type":"MultiPolygon","coordinates":[[[[3.4539,51.2356],[3.3494,51.3752],[4.2215,51.368],[3.927,51.2063],[3.6095,51.2904],[3.4539,51.2356]]],[[[4.2811,51.3689],[3.957,51.4558],[3.8272,51.3911],[3.447,51.546],[3.8511,51.6108],[4.2811,51.3689]]],[[[4.2305,51.5196],[4.0913,51.5351],[3.9881,51.5903],[4.1834,51.6029],[4.2305,51.5196]]],[[[4.1978,51.6379],[4.136,51.6204],[4.1109,51.647],[4.1978,51.6379]]],[[[3.8142,51.7482],[4.0994,51.6541],[3.6867,51.6927],[3.8142,51.7482]]]]}},{"type":"Feature","properties":{"id":"NL-NB","name":"North Brabant","country":"Netherlands","iso":"NLD"},"geometry":{"type":"Polygon","coordinates":[[[4.7621,51.4134],[4.7787,51.4954],[4.6301,51.4182],[4.5126,51.4774],[4.3771,51.4429],[4.4112,51.3567],[4.2811,51.3689],[4.1861,51.6168],[4.909,51.8299],[5.1349,51.7348],[5.5008,51.835],[5.8827,51.7533],[6.0495,51.5745],[5.8378,51.567],[5.9344,51.3849],[5.5514,51.2168],[5.4932,51.2865],[5.2154,51.2587],[5.0275,51.4768],[4.9319,51.3956],[4.7621,51.4134]]]}},{"type":"Feature","properties":{"id":"DE-BW","name":"Baden-W\u00fcrttemberg","country":"Germany","iso":"DEU"},"geometry":{"type":"Polygon","coordinates":[[[9.5499,47.5335],[9.1834,47.6704],[8.7171,47.6946],[8.5831,47.8002],[8.391,47.6921],[8.6073,47.6563],[8.5607,47.5894],[7.6834,47.5443],[7.5179,47.675],[7.6211,47.9714],[7.5726,48.095],[7.8103,48.615],[8.0903,48.8075],[8.4799,49.297],[8.4168,49.5795],[8.5662,49.5273],[8.6757,49.6225],[8.8905,49.5061],[8.8463,49.3963],[9.1268,49.5082],[9.075,49.5723],[9.4229,49.6512],[9.3284,49.7784],[9.6493,49.7832],[9.6319,49.6967],[9.7972,49.7196],[9.9363,49.4817],[10.1275,49.5114],[10.1477,49.2035],[10.4588,48.9394],[10.4951,48.6995],[10.2939,48.703],[10.3195,48.5326],[9.9806,48.3813],[10.1393,48.0944],[10.1271,47.6773],[9.8646,47.6748],[9.5499,47.5335]]]}},{"type":"Feature","properties":{"id":"FR-67","name":"Bas-Rhin","country":"France","iso":"FRA"},"geometry":{"type":"Polygon","coordinates":[[[7.6449,49.0363],[8.2003,48.9586],[7.8103,48.615],[7.7507,48.3414],[7.5433,48.1229],[7.1099,48.3423],[7.0887,48.5234],[7.2629,48.5758],[7.3177,48.7559],[6.9771,48.9175],[7.0864,49.0646],[7.3417,48.9434],[7.5641,48.9396],[7.6449,49.0363]]]}},{"type":"Feature","properties":{"id":"FR-68","name":"Haut-Rhin","country":"France","iso":"FRA"},"geometry":{"type":"Polygon","coordinates":[[[7.582,48.1214],[7.6211,47.9714],[7.5119,47.7073],[7.586,47.5846],[7.4063,47.4382],[7.1683,47.4436],[7.0234,47.606],[7.0503,47.7156],[6.8702,47.8023],[6.9518,47.957],[7.2087,48.3034],[7.582,48.1214]]]}},{"type":"Feature","properties":{"id":"FR-90","name":"Territoire de Belfort","country":"France","iso":"FRA"},"geometry":{"type":"Polygon","coordinates":[[[7.1515,47.5191],[6.9392,47.4268],[6.9192,47.5342],[6.8071,47.5629],[6.7591,47.7228],[6.836,47.8242],[7.0503,47.7156],[7.0234,47.606],[7.1515,47.5191]]]}},{"type":"Feature","properties":{"id":"FR-25","name":"Doubs","country":"France","iso":"FRA"},"geometry":{"type":"Polygon","coordinates":[[[6.9192,47.5342],[6.8666,47.3542],[7.0366,47.3295],[6.4426,46.9442],[6.4292,46.7608],[6.138,46.5576],[6.0538,46.6163],[6.2066,46.7664],[5.9497,46.9848],[5.7479,47.0249],[5.8152,47.1436],[5.6988,47.265],[6.3211,47.5012],[6.8071,47.5629],[6.9192,47.5342]]]}},{"type":"Feature","properties":{"id":"FR-01","name":"Ain","country":"France","iso":"FRA"},"geometry":{"type":"Polygon","coordinates":[[[6.1186,46.3318],[5.8252,46.0953],[5.7724,45.7415],[5.6409,45.6458],[5.369,45.88],[5.2392,45.7857],[4.9169,45.8113],[4.7485,45.9569],[4.9466,46.5072],[5.311,46.4554],[5.5099,46.2607],[5.6479,46.344],[5.8719,46.2719],[6.059,46.4174],[6.1186,46.3318]]]}},{"type":"Feature","properties":{"id":"FR-39","name":"Jura","country":"France","iso":"FRA"},"geometry":{"type":"Polygon","coordinates":[[[6.138,46.5576],[5.8809,46.2755],[5.6479,46.344],[5.4826,46.2662],[5.3113,46.4199],[5.4246,46.491],[5.3502,46.8097],[5.4583,46.8563],[5.2502,46.981],[5.5217,47.2893],[5.6988,47.265],[5.8152,47.1436],[5.7522,47.0189],[5.9497,46.9848],[6.2066,46.7664],[6.0538,46.6163],[6.138,46.5576]]]}},{"type":"Feature","properties":{"id":"DE-BB","name":"Brandenburg","country":"Germany","iso":"DEU"},"geometry":{"type":"Polygon","coordinates":[[[14.608,52.5965],[14.5454,52.3822],[14.7614,52.0767],[14.5828,51.8251],[14.7325,51.6583],[14.7068,51.5408],[14.1588,51.5269],[13.9606,51.357],[13.1876,51.3852],[13.1996,51.5243],[13.0617,51.6151],[13.2368,51.8555],[12.4208,52.0116],[12.2076,52.1782],[12.2951,52.5161],[12.1233,52.553],[12.2257,52.6726],[12.2084,52.8617],[11.2741,53.1175],[11.5281,53.1207],[11.5996,53.2373],[11.8392,53.2265],[12.1919,53.3693],[13.001,53.1677],[13.469,53.3023],[13.7977,53.5423],[13.9206,53.4271],[14.2426,53.4271],[14.1032,53.2725],[14.3913,53.334],[14.4416,53.2518],[14.3568,53.0667],[14.1445,52.9599],[14.1239,52.8507],[14.608,52.5965]],[[13.7509,52.4503],[13.4738,52.6636],[13.2891,52.6571],[13.1523,52.5979],[13.0916,52.4153],[13.654,52.3423],[13.7509,52.4503]]]}},{"type":"Feature","properties":{"id":"DE-MV","name":"Mecklenburg-Western Pomerania","country":"Germany","iso":"DEU"},"geometry":{"type":"MultiPolygon","coordinates":[[[[14.2639,53.7],[14.3913,53.334],[14.2488,53.2591],[14.1032,53.2725],[14.2426,53.4271],[13.9206,53.4271],[13.7806,53.5438],[13.8086,53.4847],[13.469,53.3023],[12.9754,53.165],[12.1919,53.3693],[11.8392,53.2265],[11.5996,53.2373],[11.5281,53.1207],[11.2741,53.1175],[10.6012,53.3718],[10.8297,53.5701],[10.9544,53.5661],[10.9428,53.6805],[10.7578,53.7492],[10.7632,53.8651],[10.9613,53.9119],[10.906,53.9612],[11.1751,54.018],[11.4577,53.9062],[11.6897,54.1552],[12.0881,54.1941],[12.0916,54.114],[12.115,54.0979],[12.1089,54.183],[12.5339,54.4883],[12.9212,54.4335],[12.6242,54.4229],[12.527,54.3723],[12.4385,54.3875],[12.3688,54.2692],[12.6808,54.4109],[12.8547,54.3579],[13.0342,54.4337],[13.1149,54.28],[13.4836,54.0913],[13.7119,54.1737],[13.8081,54.1047],[13.7461,54.0364],[13.906,53.9431],[13.8185,53.878],[13.8171,53.8529],[14.2639,53.7]]],[[[14.2101,53.9385],[13.8401,53.8503],[13.9317,53.8993],[13.9045,53.9954],[14.0483,53.9409],[14.0513,54.0051],[13.7741,54.0228],[13.815,54.1013],[13.7529,54.1531],[14.2101,53.9385]]],[[[11.3757,53.9818],[11.4266,54.0229],[11.4979,54.0228],[11.4577,53.9614],[11.3757,53.9818]]],[[[11.5396,54.057],[11.5339,54.0849],[11.6159,54.1121],[11.5396,54.057]]],[[[13.1023,54.5961],[13.1189,54.5864],[13.0614,54.4685],[13.1023,54.5961]]],[[[13.5755,54.4719],[13.7664,54.3449],[13.7232,54.2784],[13.617,54.3176],[13.6909,54.3518],[13.4997,54.3449],[13.3596,54.2755],[13.4072,54.2282],[13.1155,54.3381],[13.2669,54.3859],[13.157,54.4268],[13.2731,54.4821],[13.1434,54.5429],[13.2979,54.5197],[13.3694,54.5851],[13.3489,54.5237],[13.5071,54.4883],[13.5208,54.5708],[13.4414,54.5572],[13.3692,54.6121],[13.2533,54.5646],[13.231,54.6533],[13.3908,54.6882],[13.4246,54.5851],[13.6707,54.5662],[13.5755,54.4719]]]]}},{"type":"Feature","properties":{"id":"RU-KGD","name":"Kaliningrad","country":"Russia","iso":"RUS"},"geometry":{"type":"Polygon","coordinates":[[[21.3748,55.29],[22.05,55.0335],[22.5807,55.0576],[22.8443,54.8323],[22.6817,54.5699],[22.7672,54.3563],[19.6095,54.4567],[19.9002,54.6671],[19.9767,54.9646],[20.4824,54.9755],[20.9246,55.2827],[20.9895,55.2704],[20.5309,54.9647],[21.0907,54.9016],[21.2434,54.9612],[21.1834,55.2017],[21.3748,55.29]]]}},{"type":"Feature","properties":{"id":"RU-SMO","name":"Smolensk","country":"Russia","iso":"RUS"},"geometry":{"type":"Polygon","coordinates":[[[30.9806,55.0187],[30.984,55.1309],[30.7943,55.2855],[30.9183,55.3878],[30.9071,55.5778],[31.0473,55.7685],[33.1654,55.6456],[33.5155,55.7613],[33.66,55.9462],[33.8274,55.9298],[33.8984,56.0708],[34.2203,56.0744],[34.6309,55.9179],[35.207,55.9379],[35.3985,55.6109],[35.282,55.5592],[35.3697,55.2388],[35.1413,54.9652],[34.8658,54.8838],[34.921,54.7716],[34.654,54.6629],[34.4081,54.6801],[34.4996,54.632],[34.3746,54.4217],[34.1075,54.5503],[33.7248,54.5593],[33.6372,54.4768],[33.6171,54.1828],[33.4242,54.0489],[33.4769,53.9744],[33.2481,53.954],[33.289,53.8217],[32.7662,53.4144],[32.4294,53.5616],[32.4616,53.7068],[31.7447,53.7949],[31.8226,54.0534],[31.3247,54.2292],[31.209,54.448],[31.0646,54.4923],[31.1679,54.6216],[30.7706,54.786],[30.8148,54.928],[30.9806,55.0187]]]}},{"type":"Feature","properties":{"id":"RU-BRY","name":"Bryansk","country":"Russia","iso":"RUS"},"geometry":{"type":"Polygon","coordinates":[[[32.6979,53.3259],[32.7178,53.4311],[32.8571,53.4382],[32.9237,53.591],[33.289,53.8217],[33.2481,53.954],[33.6564,54.0317],[33.8735,53.8743],[34.2063,53.888],[34.5373,53.5982],[34.5,53.4273],[35.0172,53.3918],[35.109,53.1452],[35.3136,53.0622],[34.7961,52.8645],[35.0915,52.698],[34.8329,52.424],[34.8822,52.231],[34.6788,52.2027],[34.6723,52.0655],[34.3963,52.0076],[34.3711,51.8268],[34.0962,51.9518],[34.0653,52.1586],[33.779,52.3601],[33.5101,52.2875],[33.4805,52.3578],[33.1829,52.3673],[32.909,52.2411],[32.3536,52.3216],[32.2333,52.0809],[31.9104,52.0291],[31.7643,52.1006],[31.5674,52.3114],[31.5506,52.5119],[31.6286,52.5481],[31.4806,52.6825],[31.5608,52.7871],[31.2471,53.0144],[31.4164,53.2],[32.1173,53.0811],[32.4236,53.2044],[32.4548,53.3004],[32.6979,53.3259]]]}},{"type":"Feature","properties":{"id":"RU-KRS","name":"Kursk","country":"Russia","iso":"RUS"},"geometry":{"type":"Polygon","coordinates":[[[34.3569,51.7056],[34.4365,51.9028],[34.3356,51.9347],[34.3849,51.9964],[34.6841,52.0716],[34.6754,52.1999],[34.8423,52.2002],[34.8968,52.3532],[35.5487,52.433],[35.6294,52.2489],[36.3507,52.3681],[36.8202,52.1203],[37.1866,52.0791],[37.3869,51.9266],[37.5126,52.0115],[37.7587,52.0149],[37.8911,51.8842],[38.2988,51.961],[38.5051,51.7319],[38.1399,51.6287],[38.352,51.3719],[38.2915,51.2925],[38.0417,51.4212],[37.3686,51.3858],[36.611,51.078],[35.984,51.1597],[35.9989,51.0533],[35.8101,50.9404],[35.5464,50.9057],[35.2822,50.9611],[35.3464,51.0366],[35.1436,51.0585],[35.0787,51.2076],[34.186,51.2489],[34.3002,51.3684],[34.1859,51.3942],[34.2237,51.5148],[34.0795,51.6431],[34.3569,51.7056]]]}},{"type":"Feature","properties":{"id":"RU-BEL","name":"Belgorod","country":"Russia","iso":"RUS"},"geometry":{"type":"Polygon","coordinates":[[[35.6732,50.3402],[35.4253,50.5005],[35.3762,50.6346],[35.4689,50.6685],[35.2822,50.9611],[35.8042,50.9382],[35.9989,51.0533],[35.984,51.1597],[36.611,51.078],[37.1247,51.233],[37.1442,51.3429],[38.0417,51.4212],[38.044,51.3539],[38.4399,51.2635],[38.501,51.1856],[38.3695,51.146],[38.3989,51.0735],[38.8458,51.0365],[38.8719,50.9009],[38.7329,50.8995],[38.7245,50.7901],[39.1188,50.6105],[38.9904,50.4327],[39.099,50.1647],[39.2724,50.0596],[39.181,49.8595],[38.9374,49.8035],[38.2999,50.0605],[38.0004,49.8998],[37.4152,50.4319],[36.5944,50.2044],[36.269,50.2814],[36.1058,50.4211],[35.6732,50.3402]]]}},{"type":"Feature","properties":{"id":"RU-VOR","name":"Voronezh","country":"Russia","iso":"RUS"},"geometry":{"type":"Polygon","coordinates":[[[39.3277,49.7263],[39.181,49.8595],[39.2724,50.0596],[39.099,50.1647],[38.9904,50.4327],[39.1188,50.6105],[38.7245,50.7901],[38.7329,50.8995],[38.8719,50.9009],[38.8458,51.0365],[38.4034,51.0714],[38.3695,51.146],[38.501,51.1889],[38.2937,51.2847],[38.352,51.3719],[38.1399,51.6287],[38.5051,51.7319],[38.2988,51.961],[38.6877,52.1002],[39.0359,51.9883],[39.2652,52.105],[39.7381,51.9245],[40.1224,51.9924],[40.7346,51.9404],[40.9377,51.8902],[40.8876,51.7466],[41.0661,51.7102],[41.4923,51.8011],[41.9522,51.6564],[42.1924,51.7263],[42.2737,51.6004],[42.4558,51.6281],[42.864,51.3759],[42.9045,51.2408],[42.573,51.1685],[41.8549,51.1886],[41.7244,51.0182],[41.1675,50.7805],[41.5258,50.5987],[41.4189,50.5022],[41.5086,50.3921],[41.2805,50.1646],[41.3505,50.0836],[41.11,49.9725],[40.8848,49.6903],[39.8287,49.5415],[39.5575,49.724],[39.3277,49.7263]]]}},{"type":"Feature","properties":{"id":"RU-ROS","name":"Rostov","country":"Russia","iso":"RUS"},"geometry":{"type":"Polygon","coordinates":[[[39.674,48.9701],[40.1417,49.2458],[40.0349,49.4871],[40.1185,49.5885],[40.8848,49.6903],[41.11,49.9725],[41.3505,50.0836],[41.2805,50.1646],[41.3621,50.2263],[41.6167,49.9622],[42.1151,49.7503],[42.1805,49.6739],[42.072,49.5018],[42.0706,49.1519],[42.3438,49.1521],[42.3926,49.0531],[42.6628,48.9673],[42.7454,48.7969],[42.6286,48.548],[42.0779,48.4113],[42.1465,48.2872],[42.0495,48.2599],[42.099,48.1609],[42.0206,48.0375],[42.4919,48.0136],[42.731,47.8516],[42.9553,47.5103],[43.0811,47.5775],[43.2257,47.4502],[43.7315,47.4766],[43.8023,47.2825],[43.9392,47.2689],[43.9737,47.3934],[44.1164,47.4184],[44.1209,47.5422],[44.2446,47.5693],[44.334,47.4752],[44.2624,46.9001],[43.8143,46.5801],[43.9264,46.5283],[43.9664,46.3398],[43.8617,46.2918],[43.773,46.4079],[43.6194,46.1973],[43.3556,46.1724],[42.9284,46.4356],[42.6099,46.4076],[42.1685,46.5787],[42.0343,46.5433],[42.2063,46.317],[41.9631,46.2891],[41.8569,46.155],[41.6592,46.1783],[41.7126,45.996],[41.1624,45.9536],[40.9546,46.1934],[40.9983,46.2944],[40.7566,46.2325],[40.2367,46.346],[40.2822,46.4432],[40.046,46.5478],[40.1315,46.7223],[40.0234,46.7648],[39.4435,46.8089],[39.2381,46.7692],[39.1678,46.6185],[38.8604,46.588],[38.9115,46.815],[38.6735,46.863],[39.0752,47.0327],[39.28,47.0128],[39.3887,47.1152],[39.28,47.0878],[39.264,47.2608],[39.0881,47.2864],[38.8474,47.1636],[38.478,47.1425],[38.5599,47.2182],[38.7756,47.2455],[38.8104,47.2878],[38.5534,47.2298],[38.4279,47.1335],[38.2166,47.1033],[38.3009,47.276],[38.1887,47.301],[38.2744,47.5278],[38.7345,47.6771],[38.8772,47.8612],[39.7591,47.8329],[39.7599,48.015],[39.9932,48.2732],[39.8159,48.3082],[39.9241,48.3761],[39.8353,48.5735],[39.6317,48.5869],[39.7794,48.8077],[40.0528,48.8497],[39.674,48.9701]]]}},{"type":"Feature","properties":{"id":"RU-BU","name":"Republic of Buryatia","country":"Russia","iso":"RUS"},"geometry":{"type":"Polygon","coordinates":[[[100.006,51.7317],[98.9947,52.0583],[98.7995,52.2742],[98.6461,52.2628],[98.6293,52.4243],[98.934,52.6656],[98.9378,52.7975],[98.8507,52.8355],[98.9381,52.9249],[99.2067,52.8534],[99.3703,53.1093],[99.6902,53.132],[99.8777,53.2042],[99.8694,53.2975],[100.2479,53.3765],[100.401,53.2342],[100.3951,53.1012],[100.8656,52.8003],[101.46,52.621],[101.9632,52.2224],[102.5421,52.2276],[102.7688,51.9896],[103.2089,51.8091],[103.1814,51.6111],[103.3278,51.438],[103.8167,51.4013],[103.8137,51.1319],[104.2124,51.2811],[104.6094,51.2683],[104.6499,51.6224],[105.4612,51.8633],[106.1983,52.4402],[108.0608,53.2051],[108.4235,53.7832],[109.0407,54.4809],[108.5579,54.543],[108.6986,54.681],[108.7627,54.9301],[108.6903,55.0623],[108.7822,55.1695],[108.6222,55.4559],[108.8541,55.8663],[109.2551,55.9795],[108.9912,56.0397],[108.8296,56.2397],[108.557,56.3457],[108.7204,56.5016],[108.699,56.5829],[109.4102,56.7349],[109.7671,56.7041],[109.989,56.969],[111.1523,56.8134],[111.3721,56.9004],[111.4625,57.1025],[111.5869,57.1072],[111.8137,56.9084],[112.4578,56.8637],[112.6621,56.9597],[112.7459,56.9339],[112.7472,56.761],[112.8958,56.6917],[113.5137,56.6788],[113.8975,56.5254],[114.1448,56.6811],[114.7793,56.6994],[115.0859,57.1186],[115.4499,57.097],[116.131,57.2386],[116.2384,57.1493],[115.622,56.9337],[115.5987,56.7649],[115.4356,56.6411],[115.6879,56.5954],[115.8005,56.4661],[115.6944,56.4392],[115.688,56.3267],[115.8376,56.1789],[115.7625,56.076],[115.897,55.9481],[115.8448,55.7048],[115.945,55.4138],[116.3933,55.4022],[116.4688,55.2579],[116.7825,55.1437],[116.9234,54.8855],[116.7036,54.554],[115.6294,54.4423],[114.9576,54.0192],[113.8061,53.6431],[113.8894,53.5354],[113.8425,53.3818],[113.9828,53.2362],[114.1977,53.1925],[114.129,53.0763],[114.3251,53.0677],[114.3128,52.9718],[114.1029,52.7046],[113.5806,52.4545],[112.5448,52.347],[112.4054,52.2084],[112.0696,52.2804],[111.5947,51.9255],[111.0551,51.7937],[110.677,51.5045],[110.0492,51.6161],[109.3668,51.3528],[109.0739,51.5066],[108.942,51.4405],[108.5915,51.5062],[108.3542,51.2673],[108.57,51.1108],[108.3357,51.0458],[108.2497,50.8435],[108.067,50.7535],[108.6758,50.4947],[107.9902,50.3348],[107.7724,50.1521],[107.7446,49.9674],[107.1922,50.006],[106.6565,50.327],[106.2223,50.2924],[105.3286,50.4765],[104.4058,50.3005],[104.1217,50.1483],[103.3066,50.1904],[103.2017,50.297],[102.9274,50.303],[102.3029,50.5639],[102.3294,50.7188],[102.2168,50.7989],[102.1465,51.0976],[102.1839,51.3239],[101.3502,51.4505],[100.5109,51.7269],[100.006,51.7317]]]}},{"type":"Feature","properties":{"id":"RU-TY","name":"Tuva Republic","country":"Russia","iso":"RUS"},"geometry":{"type":"Polygon","coordinates":[[[98.9377,52.1247],[98.6827,51.8195],[98.3322,51.7183],[98.2204,51.4752],[98.0509,51.4664],[97.9157,51.3006],[97.8085,50.9705],[97.9846,50.8469],[98.0385,50.623],[98.2935,50.5186],[98.2625,50.2838],[98.048,50.023],[97.5666,49.9168],[97.5427,49.8227],[97.3017,49.7255],[96.9692,49.8867],[96.5851,49.8575],[96.056,49.9988],[95.9463,49.9385],[95.8279,50.0202],[95.5007,49.8867],[94.9216,50.0459],[94.6035,50.0197],[94.3545,50.2236],[94.2587,50.5575],[93.1049,50.5988],[92.9617,50.7779],[92.7961,50.788],[92.6498,50.6741],[92.3609,50.8684],[92.1589,50.6891],[91.7498,50.6841],[91.4157,50.4614],[90.9751,50.4139],[90.6839,50.2162],[89.6332,49.9079],[89.5132,50.1994],[89.3494,50.2642],[89.5173,50.3698],[89.5137,50.4694],[89.6333,50.3852],[89.8657,50.5017],[89.0597,51.0559],[88.9437,51.233],[88.9672,51.4279],[88.7357,51.5594],[89.2062,51.6585],[89.2591,51.5486],[89.7304,51.5822],[89.965,51.7614],[90.1009,51.7509],[90.0275,51.9844],[90.1294,52.1352],[90.3501,52.1916],[90.736,52.0694],[90.8493,51.908],[91.5577,51.8999],[92.1052,51.783],[92.8526,51.8331],[93.678,52.2238],[93.7645,52.4395],[94.0714,52.6672],[94.1487,52.8417],[94.5123,52.9108],[94.7011,53.2376],[94.5945,53.3157],[95.2468,53.4566],[95.3963,53.3722],[95.7571,53.5205],[96.0916,53.4505],[96.252,53.6161],[96.4437,53.5107],[96.8749,53.7291],[97.3339,53.5944],[97.6063,53.373],[97.9576,53.3577],[98.0308,53.2526],[98.2891,53.2233],[98.3032,53.1037],[98.9377,53.1494],[99.0644,53.0974],[98.9893,53.0345],[99.2498,52.9538],[99.2067,52.8534],[98.9287,52.9185],[98.8507,52.8355],[98.9378,52.7975],[98.934,52.6656],[98.6293,52.4243],[98.6461,52.2628],[98.7995,52.2742],[98.9377,52.1247]]]}},{"type":"Feature","properties":{"id":"RU-ZAB","name":"Zabaykalsky Krai","country":"Russia","iso":"RUS"},"geometry":{"type":"Polygon","coordinates":[[[114.7537,50.2362],[114.2863,50.2769],[113.5797,50.0199],[113.1827,49.802],[113.0608,49.596],[112.7771,49.5014],[112.4733,49.5341],[111.3385,49.3647],[110.6881,49.1345],[110.3712,49.2418],[110.1814,49.162],[109.2867,49.3385],[108.5381,49.3274],[107.9274,49.67],[107.9565,49.9234],[107.7446,49.9674],[107.7724,50.1521],[107.9902,50.3348],[108.6758,50.4947],[108.067,50.7535],[108.2497,50.8435],[108.3357,51.0458],[108.57,51.1108],[108.3542,51.2673],[108.5915,51.5062],[108.942,51.4405],[109.0739,51.5066],[109.3668,51.3528],[110.0492,51.6161],[110.677,51.5045],[111.0551,51.7937],[111.5947,51.9255],[112.0696,52.2804],[112.4054,52.2084],[112.5448,52.347],[113.5806,52.4545],[114.1029,52.7046],[114.3128,52.9718],[114.3251,53.0677],[114.129,53.0763],[114.1977,53.1925],[113.9828,53.2362],[113.8425,53.3818],[113.8894,53.5354],[113.8145,53.649],[114.9576,54.0192],[115.6294,54.4423],[116.7233,54.5652],[116.9275,54.8259],[116.8927,54.9767],[116.7825,55.1437],[116.4688,55.2579],[116.3933,55.4022],[115.945,55.4138],[115.8448,55.7048],[115.897,55.9481],[115.7625,56.076],[115.8376,56.1789],[115.688,56.3267],[115.6944,56.4392],[115.8005,56.4661],[115.4341,56.6898],[115.5873,56.7472],[115.589,56.902],[115.7108,56.9635],[116.7965,56.7245],[117.3279,56.9427],[117.4114,56.8266],[117.5708,56.8512],[117.6854,57.0136],[117.6009,57.1497],[117.7945,57.2927],[117.4319,57.2547],[117.2543,57.5139],[117.2866,57.6125],[117.1419,57.6413],[117.0861,57.8103],[117.4093,57.9058],[117.4081,58.1268],[117.5873,58.1802],[117.4678,58.2989],[117.6686,58.3952],[118.3174,58.3525],[118.6304,58.1752],[119.1081,58.2227],[119.1598,58.0416],[119.0442,57.7408],[119.1557,57.6944],[119.1423,57.5334],[119.4952,57.5859],[119.4046,57.4319],[119.6863,57.1684],[119.6213,57.0209],[119.8984,56.8894],[119.6695,56.765],[119.8659,56.6855],[119.8093,56.5976],[119.9604,56.4931],[120.2661,56.4575],[120.5406,56.2748],[120.0616,56.1382],[120.134,55.909],[120.4018,55.8647],[121.207,56.0159],[121.3543,55.8088],[121.3634,55.5074],[121.7984,55.6138],[121.9836,55.4764],[121.9393,55.2141],[122.024,55.1809],[121.9332,55.1214],[121.9467,54.9941],[121.652,54.7411],[121.8968,54.8012],[121.9244,54.575],[122.1351,54.4279],[121.7132,54.4152],[121.6548,54.3555],[121.7526,54.1444],[121.6335,54.0824],[121.9259,53.8227],[122.0251,53.4298],[120.8457,53.2734],[120.033,52.7607],[120.0794,52.59],[120.454,52.639],[120.724,52.5422],[120.6262,52.3468],[120.7792,52.1176],[120.6476,51.911],[120.1005,51.6599],[119.7408,51.0715],[119.518,50.9048],[119.4967,50.7371],[119.1335,50.3815],[119.364,50.3195],[119.3378,50.1241],[119.2085,50.0151],[118.6444,49.9546],[117.7689,49.511],[117.0576,49.6729],[116.2176,50.0138],[115.7163,49.8778],[115.3878,49.8911],[114.7537,50.2362]]]}},{"type":"Feature","properties":{"id":"RU-AMU","name":"Amur","country":"Russia","iso":"RUS"},"geometry":{"type":"Polygon","coordinates":[[[123.8766,53.4887],[123.2773,53.5694],[122.0251,53.4298],[121.9259,53.8227],[121.6335,54.0824],[121.7526,54.1444],[121.6548,54.3555],[121.7132,54.4152],[122.1351,54.4279],[121.9244,54.575],[121.8968,54.8012],[121.652,54.7411],[121.9467,54.9941],[121.9332,55.1214],[122.0243,55.1852],[121.9393,55.2141],[121.9795,55.4832],[121.7689,55.6152],[121.3634,55.5074],[121.3543,55.8088],[121.207,56.0159],[120.1798,55.8742],[120.0616,56.1382],[120.5406,56.2748],[120.2661,56.4575],[119.9604,56.4931],[119.8093,56.5976],[119.8659,56.6855],[119.6759,56.7794],[120.3028,57.0041],[121.4069,56.9755],[121.5987,56.7439],[122.1596,56.7384],[122.5892,56.4896],[122.8875,56.5947],[123.2892,56.4235],[123.9154,56.3773],[124.5093,55.8736],[125.2477,55.8796],[125.5463,55.7358],[125.8246,55.7949],[126.0586,55.714],[126.1275,55.6376],[126.0616,55.5846],[126.4226,55.5538],[126.6116,55.6531],[126.7245,55.5965],[127.1876,55.6908],[127.4775,55.5524],[127.6746,55.6832],[128.2222,55.6638],[128.4961,55.5167],[128.9565,55.4652],[129.0871,55.5281],[129.0398,55.652],[129.6434,55.7446],[130.6958,55.7247],[131.107,55.6154],[132.5307,55.679],[132.6289,55.5001],[132.9455,55.3747],[132.6822,55.3675],[132.6064,55.202],[132.3548,55.1914],[132.3851,55.064],[132.062,55.0449],[131.9611,54.9905],[131.9769,54.8925],[131.1995,54.6128],[131.1141,54.3233],[130.7421,54.2805],[130.5069,54.1198],[130.3986,53.9093],[130.9211,53.7678],[131.4208,53.7513],[131.5333,53.3142],[131.4459,53.2192],[131.8531,53.2335],[131.8942,53.128],[132.0997,53.2223],[133.1534,53.2912],[133.2152,53.4254],[133.5733,53.546],[134.0106,53.4332],[134.5552,53.6209],[134.9155,53.427],[134.8142,53.3406],[134.9564,53.2539],[134.6589,52.9391],[134.658,52.7243],[134.7839,52.6547],[134.6435,52.5594],[134.6347,52.427],[133.3213,52.6818],[133.24,52.6276],[133.2462,52.4501],[133.4361,52.2807],[133.3401,52.2039],[132.8289,52.1778],[132.5791,52.0742],[132.5169,51.953],[132.4037,51.9634],[132.4273,51.8639],[132.2787,51.793],[131.4096,51.6813],[131.4974,51.3529],[131.3295,51.376],[131.0605,51.243],[130.9262,51.0274],[130.7823,50.9931],[130.8398,50.8759],[130.6451,50.6573],[130.7284,50.5977],[130.9326,50.6657],[131.0111,50.5681],[130.8702,50.4751],[130.9199,50.393],[131.2969,50.3653],[131.4415,50.1862],[131.2954,49.9823],[131.4972,49.9104],[131.4845,49.7412],[131.3545,49.7037],[131.4999,49.6113],[131.4987,49.4218],[131.3957,49.2436],[131.1641,49.2411],[130.9827,48.9722],[130.5409,48.8535],[130.2493,48.8645],[129.9265,49.0257],[129.4806,49.4213],[129.0879,49.3521],[128.7601,49.4709],[128.8017,49.5651],[128.6719,49.6114],[128.0925,49.5416],[127.7036,49.6606],[127.5081,49.8223],[127.4867,50.0256],[127.5906,50.2087],[127.3307,50.3282],[127.289,50.466],[127.3671,50.5778],[127.2874,50.751],[126.9318,51.0638],[126.9812,51.3089],[126.8237,51.2656],[126.9094,51.3911],[126.8003,51.419],[126.8304,51.5081],[126.6769,51.5766],[126.7256,51.7087],[126.4461,51.9825],[126.556,52.1306],[126.3167,52.1998],[126.4393,52.2753],[126.3157,52.3162],[126.2123,52.533],[125.9773,52.6108],[126.088,52.7754],[125.9769,52.765],[125.8374,52.9067],[125.6465,52.8849],[125.7335,52.9817],[125.6214,53.0621],[125.1274,53.2065],[124.9192,53.1939],[124.8701,53.108],[123.8766,53.4887]]]}},{"type":"Feature","properties":{"id":"RU-YEV","name":"Jewish","country":"Russia","iso":"RUS"},"geometry":{"type":"Polygon","coordinates":[[[130.6393,48.4772],[130.5297,48.6163],[130.6739,48.9242],[130.9827,48.9722],[131.1824,49.2499],[131.4627,49.2058],[131.7983,49.3254],[131.9864,49.2364],[132.1198,49.4855],[132.3977,49.393],[132.3916,49.2924],[132.7698,49.348],[132.8154,49.2347],[133.1734,49.1751],[133.3213,48.8192],[133.7701,48.7592],[133.9214,48.6416],[134.3918,48.743],[134.5611,48.5977],[134.9866,48.5948],[134.7692,48.3737],[134.5051,48.4137],[133.7379,48.2511],[133.5244,48.0954],[133.092,48.1068],[132.6746,47.9506],[132.5364,47.7111],[131.914,47.6676],[130.9418,47.718],[130.907,47.8843],[130.6747,48.0639],[130.8251,48.3178],[130.759,48.4857],[130.6393,48.4772]]]}},{"type":"Feature","properties":{"id":"RU-KHA","name":"Khabarovsk Krai","country":"Russia","iso":"RUS"},"geometry":{"type":"MultiPolygon","coordinates":[[[[134.7187,48.2634],[134.3863,48.3813],[134.9059,48.4279],[134.983,48.6045],[134.5611,48.5977],[134.3918,48.743],[133.9347,48.6398],[133.7701,48.7592],[133.3213,48.8192],[133.1734,49.1751],[132.8154,49.2347],[132.7698,49.348],[132.3916,49.2924],[132.3977,49.393],[132.1385,49.4839],[131.9983,49.3736],[131.9864,49.2364],[131.7983,49.3254],[131.447,49.2077],[131.4999,49.6113],[131.3545,49.7037],[131.4845,49.7412],[131.499,49.9052],[131.2952,49.9898],[131.4645,50.1498],[131.2969,50.3653],[130.9199,50.393],[130.8702,50.4751],[131.0111,50.5681],[130.9326,50.6657],[130.7284,50.5977],[130.6451,50.6573],[130.8398,50.8759],[130.7823,50.9931],[130.9262,51.0274],[131.0605,51.243],[131.3295,51.376],[131.4974,51.3529],[131.4096,51.6813],[132.2855,51.7949],[132.5898,52.0815],[133.4262,52.255],[133.2462,52.4501],[133.3053,52.676],[134.6347,52.427],[134.6435,52.5594],[134.7839,52.6547],[134.658,52.7243],[134.6589,52.9391],[134.9564,53.2539],[134.8142,53.3406],[134.9155,53.427],[134.5552,53.6209],[134.0106,53.4332],[133.5733,53.546],[133.2152,53.4254],[133.1534,53.2912],[132.0997,53.2223],[131.8942,53.128],[131.8531,53.2335],[131.4459,53.2192],[131.5333,53.3142],[131.4208,53.7513],[130.9211,53.7678],[130.3936,53.9153],[130.7421,54.2805],[131.106,54.3162],[131.1995,54.6128],[131.9769,54.8925],[131.9611,54.9905],[132.062,55.0449],[132.3851,55.064],[132.3548,55.1914],[132.6064,55.202],[132.6822,55.3675],[132.9455,55.3747],[132.4,55.7032],[131.8037,55.6143],[130.923,55.6786],[130.8646,55.8995],[131.0926,56.2059],[131.1256,56.4105],[131.3065,56.4973],[131.4019,56.4216],[131.4974,56.5495],[131.7014,56.4591],[131.6739,56.6537],[131.7995,56.7224],[131.4822,57.076],[131.1017,57.2309],[131.2606,57.3048],[131.5059,57.2458],[131.7359,57.5093],[131.6931,57.5605],[132.0475,57.6611],[131.4637,58.1599],[132.1198,58.0465],[132.0085,58.1145],[132.1948,58.2425],[132.1242,58.4868],[132.417,58.482],[132.3719,58.5239],[132.5668,58.6456],[132.5213,58.7849],[132.5993,58.891],[132.8079,58.8802],[132.8364,59.1033],[133.429,59.2756],[135.1869,59.1162],[135.4217,59.3869],[135.7572,59.5288],[136.7587,59.3546],[137.4657,59.5553],[137.447,59.636],[137.6157,59.7398],[137.9999,59.797],[138.0349,59.6858],[138.253,59.7125],[138.1738,59.8312],[138.2731,59.9554],[138.2007,60.2367],[138.3291,60.3906],[138.2428,60.4927],[138.4375,60.6804],[138.1828,60.8894],[138.3458,61.0001],[138.2916,61.11],[138.703,61.1931],[138.6437,61.2693],[138.7346,61.3431],[139.5482,61.4817],[139.9531,61.8326],[139.9943,61.9777],[140.2796,62.0534],[140.3472,62.3875],[140.6276,62.4205],[140.7047,62.5727],[141.0886,62.4085],[141.2954,62.4351],[141.5448,62.1786],[141.8614,62.0271],[142.1773,62.0853],[142.4133,61.8713],[142.6811,61.9656],[142.9812,61.9056],[143.2132,62.1155],[143.6094,62.0247],[143.5608,61.9397],[143.6469,61.8699],[143.9272,61.9891],[143.9344,61.7569],[144.2224,61.7332],[144.5465,61.8597],[144.7145,62.0438],[145.4684,61.9557],[145.7328,62.06],[146.2121,61.9066],[146.5797,61.6408],[146.6148,61.4341],[146.7676,61.4033],[146.6833,61.3126],[146.7499,61.2164],[146.7012,60.9589],[146.4861,60.9329],[146.404,60.6661],[146.0599,60.7373],[145.51,60.4637],[145.793,60.1982],[146.3742,60.2712],[146.4539,60.1318],[146.676,60.102],[146.6451,59.9896],[146.7761,59.9064],[147.1113,59.8849],[147.0929,59.4176],[146.8605,59.3613],[146.4396,59.4604],[146.3191,59.4017],[146.3631,59.2128],[146.0503,59.1389],[145.825,59.2413],[145.957,59.4167],[145.8089,59.3668],[145.6747,59.4364],[145.0008,59.3696],[143.9039,59.4227],[143.4936,59.3185],[143.1648,59.381],[142.2624,59.1246],[141.5837,58.6177],[140.74,58.2713],[140.4957,57.8448],[140.0348,57.7131],[139.7897,57.4827],[138.6231,56.9593],[138.5817,56.7845],[138.4544,56.8393],[138.1296,56.5856],[138.2235,56.4242],[137.9141,56.3595],[137.3908,55.9456],[136.4302,55.5652],[136.1616,55.3183],[135.1837,54.8592],[135.2442,54.7012],[135.6541,54.666],[135.7502,54.571],[136.8235,54.6475],[136.8408,54.4323],[136.7386,54.4138],[136.8145,54.1593],[136.6592,53.935],[136.7643,53.7753],[137.1857,53.8511],[137.2909,54.0357],[137.0614,54.1457],[137.3948,54.3083],[137.7358,54.321],[137.4839,54.0847],[137.3079,54.1184],[137.5905,53.9561],[137.8628,53.9676],[137.488,53.6706],[137.2176,53.6006],[137.3351,53.5294],[138.1501,53.6728],[138.5786,53.9993],[138.5799,53.8283],[138.2156,53.4918],[138.4392,53.5137],[138.6558,53.7318],[138.7718,54.0156],[138.7671,54.1047],[138.6647,54.0775],[138.7466,54.2425],[138.6436,54.2972],[139.3023,54.1906],[139.7676,54.3039],[140.2406,54.057],[140.3308,53.9703],[140.2573,53.8686],[140.5812,53.6393],[141.4075,53.3038],[141.3578,53.2209],[141.433,53.1489],[141.1888,52.9875],[140.7067,53.111],[141.2606,52.8522],[141.201,52.7774],[141.3163,52.6591],[141.1282,52.4229],[141.5558,52.1623],[141.355,52.1059],[141.3026,52.0217],[141.4255,51.9255],[140.9153,51.6238],[140.9014,51.4941],[140.8001,51.4542],[140.8738,51.3718],[140.6863,51.3128],[140.7067,51.0317],[140.5298,50.8624],[140.4421,50.5301],[140.5454,50.3441],[140.523,50.1511],[140.6909,50.0803],[140.4152,49.8746],[140.535,49.7774],[140.5608,49.5754],[140.4356,49.2944],[140.3359,49.2875],[140.3436,49.0471],[140.2192,49.0139],[140.398,48.9927],[140.213,48.7674],[140.177,48.4618],[139.2617,47.7879],[139.0264,47.3894],[138.5516,47.4766],[138.6427,47.6057],[138.5126,47.6634],[138.8163,47.7698],[138.8256,47.8609],[138.5795,48.0219],[138.7078,48.1888],[138.543,48.1892],[138.4851,48.4066],[138.3056,48.4446],[137.8856,48.2207],[137.4359,48.1987],[137.3155,48.0903],[137.6052,47.8983],[137.4403,47.782],[138.0502,47.6759],[137.9723,47.5977],[138.0868,47.5166],[137.4524,47.1984],[137.0655,47.2949],[136.9498,47.1559],[136.9783,47.0157],[136.6072,46.7873],[136.2637,46.765],[136.0686,46.851],[135.9415,46.7898],[135.7459,46.9486],[135.3673,46.9164],[135.4233,47.0406],[135.09,47.1944],[134.6744,47.1056],[134.4445,46.9474],[134.4193,46.6801],[134.0149,46.6265],[134.0692,46.9812],[134.2273,47.1177],[134.1836,47.3275],[134.5569,47.4712],[134.7726,47.7107],[134.5594,48.0095],[134.7187,48.2634]]],[[[137.7165,54.3922],[137.918,54.5094],[137.7151,54.3672],[137.7165,54.3922]]],[[[137.6226,54.5708],[137.6411,54.4005],[137.5681,54.3966],[137.5467,54.5163],[137.6226,54.5708]]],[[[137.1712,55.1195],[137.075,54.9332],[136.6704,54.9073],[136.8093,55.0181],[137.1712,55.1195]]],[[[137.8831,55.0029],[138.2122,55.0364],[137.7189,54.6243],[137.4854,54.8793],[137.2259,54.7778],[137.5679,55.1946],[137.9522,55.1469],[137.8831,55.0029]]],[[[139.2436,54.581],[139.2615,54.5992],[139.2767,54.6131],[139.2436,54.581]]],[[[138.1959,54.7011],[138.2268,54.7156],[138.241,54.7137],[138.1959,54.7011]]]]}},{"type":"Feature","properties":{"id":"RU-PRI","name":"Primorsky Krai","country":"Russia","iso":"RUS"},"geometry":{"type":"MultiPolygon","coordinates":[[[[133.9025,46.259],[133.9025,46.5736],[134.4193,46.6801],[134.4445,46.9474],[134.705,47.1168],[135.1086,47.1917],[135.4233,47.0406],[135.3673,46.9164],[135.7459,46.9486],[135.9415,46.7898],[136.0686,46.851],[136.5772,46.7775],[136.9783,47.0157],[136.9498,47.1559],[137.0655,47.2949],[137.4524,47.1984],[137.8222,47.3572],[138.0868,47.5166],[137.9723,47.5977],[138.0502,47.6759],[137.4403,47.782],[137.6052,47.8983],[137.3155,48.0903],[137.4359,48.1987],[137.8856,48.2207],[138.3056,48.4446],[138.4851,48.4066],[138.543,48.1892],[138.7078,48.1888],[138.5795,48.0219],[138.8256,47.8609],[138.8163,47.7698],[138.5126,47.6634],[138.6427,47.6057],[138.5516,47.4766],[139.0264,47.3894],[138.5628,47.0299],[138.3446,46.5487],[138.034,46.156],[136.3546,44.7888],[136.1653,44.4965],[135.8379,44.3627],[135.4636,43.9497],[135.5188,43.8808],[135.4258,43.7632],[135.1822,43.7106],[135.1284,43.5006],[133.9268,42.8827],[133.1577,42.6884],[133.0244,42.6994],[133.0789,42.7498],[132.9898,42.827],[132.8159,42.7564],[132.7634,42.9081],[132.5779,42.8404],[132.4044,42.9423],[132.3115,42.8454],[132.3458,43.2979],[131.9299,43.0696],[131.8499,43.1005],[132.052,43.3148],[131.8157,43.3367],[131.565,42.9963],[131.3939,42.945],[131.4717,42.8732],[131.2731,42.7773],[131.2195,42.5547],[131.1203,42.6672],[130.8897,42.5996],[130.8155,42.6342],[130.9497,42.6531],[130.6567,42.6641],[130.8729,42.5277],[130.6729,42.3111],[130.5308,42.5305],[130.5719,42.6218],[130.3797,42.6967],[131.103,42.9104],[131.0783,43.0318],[131.2809,43.3802],[131.1607,43.5328],[131.2645,44.0542],[131.0658,44.682],[130.9334,44.8417],[131.4338,44.9613],[131.8531,45.3376],[131.9688,45.234],[132.9662,45.0289],[133.1215,45.1313],[133.1798,45.4938],[133.4773,45.6277],[133.4773,45.8201],[133.6581,45.9345],[133.6874,46.1418],[133.9025,46.259]]],[[[131.9201,43.0195],[131.8833,42.9608],[131.757,42.9901],[131.8265,43.0652],[131.9201,43.0195]]],[[[132.4536,42.8609],[132.4015,42.832],[132.4275,42.8959],[132.4536,42.8609]]]]}},{"type":"Feature","properties":{"id":"NG-AD","name":"Adamawa State","country":"Nigeria","iso":"NGA"},"geometry":{"type":"Polygon","coordinates":[[[13.7498,10.9424],[13.5388,10.6214],[13.4349,10.1534],[13.2302,10.0453],[13.1955,9.5422],[12.8554,9.3781],[12.7729,8.7591],[12.558,8.6057],[12.3688,8.6096],[12.4039,8.4965],[12.227,8.3863],[12.1978,7.9752],[11.9035,7.4536],[11.805,7.8064],[11.6477,7.9436],[11.5152,7.8522],[11.4043,8.0584],[11.8593,8.5739],[11.9715,8.919],[11.5259,9.592],[11.9251,9.7842],[11.9456,10.0447],[12.1069,10.036],[12.8409,10.5632],[13.3097,10.4679],[13.4222,10.9303],[13.7498,10.9424]]]}},{"type":"Feature","properties":{"id":"NG-TA","name":"Taraba State","country":"Nigeria","iso":"NGA"},"geometry":{"type":"Polygon","coordinates":[[[11.9035,7.4536],[11.7366,7.2633],[11.8722,7.0794],[11.5618,6.8761],[11.5334,6.6451],[11.3442,6.4431],[11.1135,6.434],[11.0367,6.7405],[10.5787,7.1308],[10.496,6.8747],[10.2108,6.8792],[10.1429,7.0077],[9.7885,6.7948],[9.6448,6.5212],[9.7096,7.0241],[9.8747,7.209],[9.8766,7.5625],[9.5712,7.8423],[9.1141,7.833],[9.3696,8.0579],[9.3352,8.317],[9.8175,8.3731],[10.2289,8.7467],[10.6185,8.8801],[10.5604,9.4967],[10.9303,9.6026],[11.5259,9.592],[11.9715,8.919],[11.8593,8.5739],[11.4043,8.0584],[11.5152,7.8522],[11.6477,7.9436],[11.805,7.8064],[11.9035,7.4536]]]}},{"type":"Feature","properties":{"id":"NG-BE","name":"Benue State","country":"Nigeria","iso":"NGA"},"geometry":{"type":"Polygon","coordinates":[[[9.6448,6.5212],[9.4886,6.4182],[9.3209,6.6423],[8.991,6.6622],[8.9566,6.7902],[8.6959,6.8917],[8.5774,6.7511],[8.2919,6.6756],[8.2178,6.7916],[7.9986,6.6957],[7.9291,6.5192],[7.8603,6.5615],[7.8261,6.8599],[7.6404,6.8621],[7.4937,7.0745],[7.6338,7.0144],[7.8792,7.4162],[7.7837,7.4461],[7.666,8.0257],[8.4182,7.7751],[8.3706,8.0715],[8.558,8.1334],[8.9789,8.0555],[9.1694,7.9145],[9.1261,7.8106],[9.4184,7.8597],[9.6847,7.7644],[9.921,7.4464],[9.8747,7.209],[9.7096,7.0241],[9.6448,6.5212]]]}},{"type":"Feature","properties":{"id":"NG-CR","name":"Cross River State","country":"Nigeria","iso":"NGA"},"geometry":{"type":"Polygon","coordinates":[[[9.4886,6.4182],[8.8452,5.831],[8.9039,5.5951],[8.7989,5.1596],[8.5298,4.7089],[8.1755,4.9914],[8.249,4.8128],[8.069,5.0357],[8.0625,5.2135],[7.869,5.3336],[7.9571,5.3915],[7.8778,5.6903],[7.9746,5.9926],[8.2465,6.0179],[8.4389,6.4012],[8.2919,6.6756],[8.7645,6.8857],[8.9566,6.7902],[8.991,6.6622],[9.3209,6.6423],[9.4886,6.4182]]]}},{"type":"Feature","properties":{"id":"NG-SO","name":"Sokoto State","country":"Nigeria","iso":"NGA"},"geometry":{"type":"Polygon","coordinates":[[[5.5218,13.8803],[6.3689,13.6263],[6.7539,13.1749],[6.6259,13.0923],[6.294,13.1628],[6.2621,13.0577],[6.0621,13.0223],[6.0386,12.7689],[5.7402,12.7218],[5.5527,12.5274],[5.5208,12.2579],[5.0681,12.2693],[5.0235,11.6806],[4.5615,11.5528],[4.6091,12.3185],[4.8295,12.3994],[4.8184,13.1065],[4.672,13.0545],[4.3409,13.2281],[4.1203,13.2106],[4.1258,13.473],[4.5067,13.6947],[5.2276,13.7413],[5.5218,13.8803]]]}},{"type":"Feature","properties":{"id":"NG-ZA","name":"Zamfara State","country":"Nigeria","iso":"NGA"},"geometry":{"type":"Polygon","coordinates":[[[6.7539,13.1749],[6.9066,13.0069],[7.0629,12.9951],[7.113,12.0384],[7.2332,11.8952],[6.9134,11.7663],[6.8974,11.4108],[6.7018,11.0895],[6.3228,11.0322],[6.1619,10.8627],[5.8663,11.6182],[5.3853,11.7184],[5.0235,11.6806],[5.0312,12.1494],[5.0681,12.2693],[5.5208,12.2579],[5.5527,12.5274],[5.7402,12.7218],[6.0386,12.7689],[6.0621,13.0223],[6.2621,13.0577],[6.294,13.1628],[6.6259,13.0923],[6.7539,13.1749]]]}},{"type":"Feature","properties":{"id":"NG-YO","name":"Yobe State","country":"Nigeria","iso":"NGA"},"geometry":{"type":"Polygon","coordinates":[[[10.7713,13.3827],[11.44,13.3644],[12.3867,13.0786],[12.3629,12.8853],[12.4875,12.6728],[12.3083,12.4496],[12.2357,11.6632],[12.3883,11.542],[12.1975,11.2843],[12.1667,11.0471],[11.8685,10.9191],[11.7398,10.6049],[11.593,10.5972],[11.5837,10.9623],[11.354,11.2159],[10.9393,11.3361],[10.9681,11.5753],[10.5394,12.7729],[10.2627,12.8077],[10.1593,12.9839],[9.7699,12.7925],[9.6477,12.8305],[10.1198,13.2501],[10.7713,13.3827]]]}},{"type":"Feature","properties":{"id":"NG-KT","name":"Katsina State","country":"Nigeria","iso":"NGA"},"geometry":{"type":"Polygon","coordinates":[[[7.824,13.3453],[8.1051,13.2997],[8.6793,12.9236],[8.977,12.8344],[8.7681,12.6783],[8.5992,12.7152],[8.5354,12.8299],[8.1373,12.8137],[8.1172,12.6562],[8.2828,12.5696],[7.8413,12.2661],[7.8937,11.6508],[7.7153,11.5639],[7.7762,11.3592],[7.6606,11.2746],[7.4668,11.3688],[7.1533,11.1163],[6.9931,11.2098],[7.0263,11.3212],[6.8818,11.3661],[6.9134,11.7663],[7.2332,11.8952],[7.113,12.0384],[7.0629,12.9951],[7.824,13.3453]]]}},{"type":"Feature","properties":{"id":"NG-JI","name":"Jigawa State","country":"Nigeria","iso":"NGA"},"geometry":{"type":"Polygon","coordinates":[[[8.9779,12.8432],[9.7699,12.7925],[10.1593,12.9839],[10.2627,12.8077],[10.5394,12.7729],[10.6095,12.5024],[10.2875,12.4244],[10.155,12.0085],[9.6997,11.8512],[9.6252,11.7294],[9.7987,11.7145],[9.7933,11.4817],[10.0006,11.2623],[10.3902,11.1776],[10.2068,10.9504],[9.8911,10.9769],[9.8105,11.2614],[9.2247,11.3424],[9.3507,11.555],[9.1296,11.7158],[9.1812,12.0303],[8.9366,12.0619],[8.9462,12.2218],[8.7851,12.2987],[8.6783,12.5393],[8.471,12.5633],[8.3622,12.4252],[8.2493,12.6224],[8.1172,12.6562],[8.1373,12.8137],[8.5354,12.8299],[8.5992,12.7152],[8.7681,12.6783],[8.9779,12.8432]]]}},{"type":"Feature","properties":{"id":"US-WA","name":"Washington","country":"United States of America","iso":"USA"},"geometry":{"type":"MultiPolygon","coordinates":[[[[-122.8081,48.9345],[-117.0382,48.9925],[-117.044,46.3785],[-116.8788,46.0015],[-119.0024,45.9995],[-120.9001,45.6418],[-121.7926,45.7214],[-122.2611,45.5663],[-122.7216,45.6489],[-122.8065,45.9781],[-122.9667,46.1357],[-123.693,46.3052],[-124.0758,46.2683],[-124.0725,46.6425],[-124.0143,46.3851],[-123.9581,46.3782],[-123.8406,46.4158],[-123.9564,46.6231],[-123.764,46.6784],[-124.0934,46.7432],[-124.1268,46.8985],[-124.0213,46.8323],[-124.0469,46.8911],[-123.8131,46.959],[-124.1169,47.0429],[-124.1058,46.9334],[-124.1785,46.9255],[-124.4228,47.7419],[-124.672,47.9907],[-124.7275,48.3877],[-123.971,48.1656],[-123.2469,48.1153],[-123.15,48.1771],[-123.1083,48.1838],[-123.1613,48.1519],[-123.0079,48.0386],[-122.9275,48.0951],[-122.8733,47.9937],[-122.8778,48.1066],[-122.7702,48.1411],[-122.792,48.0829],[-122.6201,47.8776],[-122.8004,47.6799],[-122.8564,47.8261],[-123.1613,47.3568],[-123.0741,47.3446],[-122.8392,47.432],[-123.1135,47.391],[-122.571,47.8198],[-122.6132,47.946],[-122.5281,47.9055],[-122.4684,47.7565],[-122.661,47.7305],[-122.5922,47.5827],[-122.6969,47.6231],[-122.6815,47.5275],[-122.5531,47.5834],[-122.5079,47.5203],[-122.5685,47.2641],[-122.6863,47.3012],[-122.6279,47.38],[-122.6331,47.4046],[-122.7728,47.1731],[-122.8057,47.3978],[-123.0788,47.1303],[-122.9302,47.1745],[-123.0105,47.0825],[-122.9354,47.1303],[-122.8933,47.0473],[-122.8171,47.1657],[-122.7225,47.0893],[-122.5716,47.2093],[-122.5375,47.3159],[-122.4331,47.2649],[-122.3285,47.3571],[-122.4044,47.7976],[-122.1917,48.0263],[-122.3402,48.09],[-122.3756,48.2132],[-122.4695,48.1771],[-122.348,48.0543],[-122.5104,48.1474],[-122.534,48.2497],[-122.3859,48.3038],[-122.5589,48.434],[-122.6835,48.4302],[-122.633,48.5163],[-122.4889,48.4549],[-122.567,48.5854],[-122.4403,48.5807],[-122.5086,48.7557],[-122.6673,48.7319],[-122.8081,48.9345]]],[[[-123.0905,48.9925],[-123.0353,48.9925],[-123.0885,48.9722],[-123.0905,48.9925]]],[[[-123.9978,46.4534],[-123.9482,46.4642],[-123.9641,46.4068],[-123.9978,46.4534]]],[[[-122.471,47.4958],[-122.3668,47.3835],[-122.5273,47.3463],[-122.471,47.4958]]],[[[-122.4969,47.6071],[-122.5779,47.6015],[-122.5578,47.7138],[-122.511,47.6959],[-122.4969,47.6071]]],[[[-122.7308,48.0424],[-122.6869,48.0732],[-122.6815,48.0073],[-122.7308,48.0424]]],[[[-122.3594,47.9766],[-122.3867,47.9049],[-122.5392,47.9722],[-122.6072,48.1538],[-122.7441,48.2059],[-122.6566,48.3851],[-122.5176,48.294],[-122.7237,48.2338],[-122.5806,48.1885],[-122.5355,48.0059],[-122.514,48.0908],[-122.3594,47.9766]]],[[[-122.8871,48.5637],[-122.8277,48.4174],[-122.9376,48.4583],[-122.8871,48.5637]]],[[[-122.7354,48.5904],[-122.6745,48.5688],[-122.7143,48.5419],[-122.7354,48.5904]]],[[[-123.1776,48.5988],[-122.965,48.4515],[-123.1393,48.4958],[-123.1776,48.5988]]],[[[-122.7458,48.6644],[-122.821,48.6091],[-122.8964,48.6998],[-122.8744,48.5937],[-123.0265,48.6265],[-122.918,48.7114],[-122.7458,48.6644]]],[[[-122.6985,48.7347],[-122.6551,48.6647],[-122.7152,48.7391],[-122.6985,48.7347]]],[[[-122.7464,47.1537],[-122.6714,47.165],[-122.7011,47.124],[-122.7464,47.1537]]],[[[-122.9219,47.2372],[-122.8483,47.1933],[-122.8739,47.1679],[-122.9219,47.2372]]],[[[-123.411,46.1751],[-123.405,46.2009],[-123.3157,46.1485],[-123.411,46.1751]]]]}},{"type":"Feature","properties":{"id":"CA-BC","name":"British Columbia","country":"Canada","iso":"CAN"},"geometry":{"type":"MultiPolygon","coordinates":[[[[-114.0375,49.0343],[-122.753,48.9925],[-122.9066,49.0883],[-123.0905,48.9925],[-123.143,49.0609],[-123.0407,49.151],[-123.212,49.13],[-123.1376,49.1957],[-123.2469,49.2746],[-122.9608,49.2819],[-122.8557,49.4418],[-122.9381,49.3258],[-123.27,49.3354],[-123.171,49.7053],[-123.5027,49.5054],[-123.5336,49.3885],[-123.8856,49.4773],[-124.0611,49.6308],[-123.9393,49.7436],[-123.7771,49.5053],[-123.7601,49.6097],[-123.5335,49.7053],[-123.7945,49.644],[-123.9276,49.7636],[-123.8836,49.9011],[-123.9536,49.9897],[-123.7545,50.0937],[-123.8284,50.1584],[-123.9935,50.2198],[-123.8079,50.1032],[-123.9932,50.0108],[-123.9382,49.8288],[-124.0375,49.925],[-124.0816,49.8083],[-124.283,49.7466],[-124.5133,49.7975],[-124.8289,50.0548],[-124.6849,49.9865],[-124.6029,50.2403],[-124.7134,50.3314],[-124.4112,50.4457],[-124.359,50.5093],[-124.8301,50.3176],[-125.007,50.4321],[-125.0815,50.3247],[-125.0574,50.4773],[-124.8699,50.583],[-124.8236,50.7345],[-124.9105,50.7936],[-124.8138,50.9272],[-124.9865,50.8083],[-124.9082,50.6274],[-125.1783,50.4191],[-125.3567,50.5431],[-125.5771,50.4707],[-125.4546,50.7204],[-125.6702,50.4394],[-125.7872,50.5316],[-126.0077,50.4715],[-126.2806,50.5194],[-125.9386,50.6301],[-126.269,50.6303],[-125.7165,50.6785],[-125.6202,50.7577],[-125.6454,50.8549],[-125.5073,50.9392],[-125.637,51.1037],[-125.5421,50.9392],[-125.6793,50.8703],[-125.6477,50.7824],[-125.9213,50.6849],[-126.2123,50.6751],[-126.0312,50.7894],[-126.1789,50.781],[-126.1838,50.8679],[-126.5474,50.8374],[-126.4989,50.9223],[-126.2233,50.905],[-126.1731,50.9388],[-126.4595,50.9517],[-126.5147,51.0764],[-126.5351,50.9417],[-126.6742,50.8782],[-127.1658,50.9392],[-126.922,50.8723],[-127.0218,50.8219],[-127.429,50.9431],[-127.5308,51.0037],[-127.4811,51.1099],[-127.6619,51.0975],[-127.7895,51.2334],[-127.221,51.2893],[-127.1385,51.3228],[-127.1173,51.3985],[-127.2819,51.3023],[-127.7784,51.3649],[-127.5519,51.4709],[-127.468,51.6284],[-126.6772,51.6457],[-126.6034,51.7138],[-126.6661,51.8026],[-126.6993,51.6654],[-127.4232,51.6719],[-127.3501,51.8702],[-127.4927,51.6987],[-127.6456,51.7001],[-127.4674,51.6623],[-127.7139,51.4577],[-127.7616,51.4941],[-127.6593,51.5146],[-127.8027,51.5377],[-127.8826,51.8655],[-127.6661,51.9596],[-127.5826,52.1278],[-127.468,52.1412],[-127.5765,52.0937],[-127.6244,52.0285],[-127.1483,52.319],[-126.9976,52.2975],[-126.6723,51.9875],[-126.9385,52.3059],[-126.7338,52.3712],[-127.1897,52.3879],[-127.2277,52.5229],[-126.9255,52.7343],[-127.0764,52.8851],[-126.9869,52.7109],[-127.6166,52.2985],[-127.7554,52.2818],[-127.7366,52.3544],[-127.8724,52.2195],[-127.8883,52.5151],[-127.9026,52.3853],[-128.0159,52.3467],[-128.0531,52.4852],[-127.8777,52.5841],[-128.0924,52.5133],[-128.2967,52.2756],[-128.3922,52.296],[-128.2262,52.4605],[-128.1322,52.8731],[-128.0288,52.9167],[-128.1383,52.9267],[-128.2482,52.8032],[-128.443,52.8277],[-128.5568,53.1287],[-128.481,53.1457],[-128.8491,53.2786],[-128.831,53.4883],[-128.9176,53.4587],[-128.9745,53.5566],[-128.7895,53.5703],[-128.4939,53.3441],[-128.3519,53.4815],[-128.127,53.4509],[-128.1042,53.3376],[-127.8715,53.2283],[-128.1111,53.4883],[-128.3741,53.5036],[-128.5294,53.4337],[-128.8077,53.6154],[-128.7751,53.7983],[-128.4737,53.8415],[-128.6939,53.8993],[-128.5983,54.0302],[-128.9329,53.7764],[-128.9062,53.8447],[-129.0092,53.8993],[-128.9732,53.7776],[-129.0638,53.8105],[-129.0333,53.7495],[-129.2283,53.6327],[-129.2898,53.3854],[-130.1047,53.9471],[-130.0501,54.1562],[-129.715,53.9538],[-129.9272,54.1873],[-129.637,54.1811],[-129.4753,54.2351],[-129.829,54.2421],[-130.1249,54.1609],[-130.1763,54.1952],[-130.2815,54.2144],[-130.1947,54.263],[-130.2494,54.4064],[-130.4825,54.3737],[-130.3797,54.461],[-130.4312,54.633],[-130.053,54.3374],[-129.9589,54.3221],[-130.0849,54.3921],[-129.9814,54.5154],[-130.1011,54.4263],[-130.3724,54.6643],[-130.2344,54.7114],[-130.0116,54.6199],[-129.8795,54.6206],[-130.2015,54.7285],[-130.0501,54.893],[-130.1737,54.8445],[-130.022,54.9739],[-129.6413,54.9896],[-130.001,55.0224],[-129.6392,55.4411],[-129.4757,55.4641],[-129.6347,55.4616],[-129.713,55.4208],[-129.8248,55.6192],[-129.7862,55.3568],[-130.1248,55.0053],[-130.1674,55.0854],[-129.9494,55.2932],[-130.1306,55.7363],[-129.9613,55.9208],[-130.0715,56.0841],[-130.404,56.1219],[-130.7603,56.3452],[-131.5604,56.5941],[-131.8256,56.5933],[-131.8716,56.7935],[-132.1074,56.8588],[-132.0319,57.0284],[-132.3412,57.0804],[-132.231,57.1968],[-133.415,58.3305],[-133.3922,58.4039],[-133.8311,58.718],[-134.2222,58.8427],[-134.6921,59.2352],[-134.9578,59.281],[-135.0958,59.4189],[-135.0185,59.5594],[-135.4651,59.7897],[-136.3503,59.5924],[-136.2447,59.5282],[-136.4676,59.4616],[-136.5695,59.1722],[-137.4869,58.9001],[-137.6114,59.2393],[-138.5992,59.7538],[-138.7049,59.8985],[-139.0602,60.0001],[-120.0,60.0001],[-120.001,53.8228],[-119.7325,53.6231],[-119.9265,53.6149],[-119.9049,53.5219],[-119.6416,53.3538],[-119.3933,53.3645],[-119.2634,53.1983],[-118.8502,53.1833],[-118.6243,52.887],[-118.4206,52.8403],[-118.2074,52.4821],[-118.2266,52.3703],[-117.992,52.4847],[-117.7363,52.3913],[-117.8218,52.2795],[-117.7537,52.2003],[-117.5908,52.1304],[-117.3189,52.182],[-116.9377,51.7199],[-116.6716,51.8059],[-116.2575,51.3144],[-115.6204,50.9702],[-115.5719,50.9003],[-115.6467,50.852],[-115.3347,50.7252],[-115.2206,50.5504],[-114.9997,50.5629],[-114.7751,50.3541],[-114.6611,50.0643],[-114.6248,49.7802],[-114.7439,49.5876],[-114.5763,49.5562],[-114.578,49.3945],[-114.0375,49.0343]]],[[[-128.0099,51.7237],[-127.8975,51.4298],[-128.0503,51.4599],[-128.1566,51.6279],[-128.0099,51.7237]]],[[[-128.1383,51.864],[-128.251,51.8759],[-128.1592,52.0348],[-127.9534,52.049],[-128.0176,51.7722],[-128.1352,51.7473],[-128.1383,51.864]]],[[[-130.9967,52.1117],[-131.0714,52.061],[-131.024,51.9466],[-131.1268,52.1116],[-130.9967,52.1117]]],[[[-128.123,52.1517],[-127.8777,52.1719],[-127.9615,52.0828],[-128.123,52.1517]]],[[[-128.2482,52.0217],[-128.2907,52.1247],[-128.1453,52.1936],[-128.1626,52.0732],[-128.2482,52.0217]]],[[[-128.2278,52.2128],[-128.3398,52.0793],[-128.5224,52.1576],[-128.4473,52.238],[-128.2278,52.2128]]],[[[-127.9077,52.2009],[-128.1732,52.2551],[-127.9853,52.3021],[-127.9077,52.2009]]],[[[-127.2408,52.4264],[-127.238,52.3129],[-127.5767,52.1862],[-127.7181,51.9882],[-127.9022,51.9682],[-127.751,52.2502],[-127.2408,52.4264]]],[[[-128.6182,52.4537],[-128.6232,52.3301],[-128.6796,52.2681],[-128.7638,52.4495],[-128.6182,52.4537]]],[[[-128.563,52.6114],[-128.4979,52.4363],[-128.8175,52.522],[-128.7001,52.522],[-128.732,52.5955],[-128.563,52.6114]]],[[[-131.5646,52.7274],[-131.6569,52.7216],[-131.6744,52.7069],[-131.469,52.7343],[-131.4527,52.6452],[-131.5925,52.666],[-131.602,52.5952],[-131.7024,52.7213],[-131.5646,52.7274]]],[[[-128.3104,52.4294],[-128.4664,52.3827],[-128.3913,52.7965],[-128.3186,52.6876],[-128.3104,52.4294]]],[[[-128.9301,52.6144],[-128.9813,52.4537],[-129.2761,52.7274],[-129.2751,52.8247],[-128.9301,52.6144]]],[[[-128.275,52.6025],[-128.323,52.7788],[-128.1732,52.8236],[-128.275,52.6025]]],[[[-128.5099,52.6539],[-128.536,52.7664],[-128.5021,52.872],[-128.5099,52.6539]]],[[[-129.5721,53.0197],[-129.6205,52.9582],[-129.6535,53.0222],[-129.5721,53.0197]]],[[[-129.6187,53.0563],[-129.5197,53.0266],[-129.6876,53.0639],[-129.6187,53.0563]]],[[[-129.694,53.1389],[-129.5889,53.0718],[-129.7429,53.1321],[-129.694,53.1389]]],[[[-129.3041,53.0359],[-129.3949,53.0004],[-129.5504,53.1662],[-129.4611,53.1867],[-129.3041,53.0359]]],[[[-131.0097,52.2271],[-131.175,52.1245],[-131.2772,52.2408],[-131.2797,52.1324],[-131.5584,52.3302],[-131.5116,52.4085],[-132.086,52.7343],[-131.9388,52.7731],[-132.086,52.8577],[-132.1338,52.7547],[-132.3423,52.9425],[-132.1139,53.0012],[-132.4888,53.0317],[-132.5658,53.1457],[-132.3731,53.1327],[-132.0655,53.1613],[-131.798,53.2556],[-131.5956,53.0419],[-132.004,53.0639],[-131.9221,52.9875],[-131.6262,52.9981],[-131.613,52.9267],[-131.8,52.8748],[-131.9221,52.9403],[-131.9836,52.8782],[-131.829,52.8032],[-131.6609,52.8057],[-131.8395,52.7138],[-131.7296,52.7007],[-131.6608,52.5424],[-131.469,52.5077],[-131.4076,52.3581],[-131.2484,52.4469],[-131.2545,52.3553],[-131.3597,52.3444],[-131.0097,52.2271]]],[[[-128.8038,52.7007],[-128.9273,52.6728],[-129.1212,52.8445],[-129.0168,52.8593],[-129.0707,52.8925],[-128.838,53.0359],[-128.8773,53.072],[-129.0155,53.1457],[-128.8646,53.0359],[-129.1,52.903],[-129.1837,52.9495],[-129.0781,53.3028],[-128.6347,53.1632],[-128.5387,53.0197],[-128.5946,52.6144],[-128.7554,52.6039],[-128.6484,52.9161],[-128.6645,52.9709],[-128.8038,52.7007]]],[[[-129.2935,53.1079],[-129.2757,53.331],[-129.1978,53.3217],[-129.1396,53.1048],[-129.2935,53.1079]]],[[[-128.9972,53.5439],[-128.94,53.3239],[-129.1482,53.3637],[-128.9972,53.5439]]],[[[-129.743,53.2353],[-129.7696,53.1594],[-129.9394,53.1689],[-130.3255,53.4],[-130.4139,53.4986],[-130.3381,53.5163],[-130.5271,53.5527],[-130.5153,53.6304],[-129.974,53.458],[-129.743,53.2353]]],[[[-129.1662,53.3854],[-129.16,53.627],[-128.8236,53.7081],[-128.8843,53.5762],[-128.9805,53.5847],[-129.0939,53.5089],[-129.1662,53.3854]]],[[[-130.4064,53.687],[-130.2609,53.7978],[-130.0917,53.5703],[-130.3319,53.624],[-130.4064,53.687]]],[[[-130.2528,53.8925],[-129.831,53.7354],[-129.5157,53.4883],[-129.6163,53.4991],[-129.6392,53.4815],[-129.3365,53.3606],[-129.3287,53.2634],[-129.4296,53.3356],[-129.585,53.2237],[-129.8968,53.4781],[-129.913,53.6113],[-130.0575,53.6079],[-129.8719,53.6392],[-130.0917,53.6461],[-130.2909,53.8378],[-130.2528,53.8925]]],[[[-130.3313,53.9676],[-130.4892,53.8993],[-130.6758,53.961],[-130.6222,53.8564],[-130.7155,53.8577],[-130.6739,53.9892],[-130.4216,54.1],[-130.2289,53.9538],[-130.4786,53.8439],[-130.3313,53.9676]]],[[[-132.1959,53.1594],[-132.7098,53.2618],[-132.5384,53.327],[-132.7576,53.3171],[-132.703,53.3785],[-132.4001,53.3303],[-132.9773,53.5566],[-132.8911,53.6197],[-133.1444,53.8969],[-133.0381,54.0439],[-133.0729,54.1668],[-132.5757,54.1184],[-132.6614,53.9409],[-132.4068,54.0994],[-132.161,54.0085],[-132.117,53.872],[-132.2406,53.777],[-132.6579,53.6907],[-132.3529,53.6728],[-132.4838,53.5771],[-132.1592,53.6999],[-132.1938,53.774],[-132.0785,53.8925],[-132.1822,54.0439],[-131.9164,54.0401],[-131.6608,54.1668],[-131.9333,53.6186],[-131.963,53.2829],[-132.2777,53.2147],[-132.1269,53.201],[-132.1959,53.1594]]],[[[-130.1559,54.1416],[-130.2528,54.1907],[-130.1625,54.161],[-130.1559,54.1416]]],[[[-130.7565,54.2145],[-130.6976,54.1149],[-130.8048,54.1737],[-130.7565,54.2145]]],[[[-130.4206,54.3319],[-130.3654,54.2425],[-130.4691,54.3039],[-130.4206,54.3319]]],[[[-130.2985,54.2536],[-130.305,54.3337],[-130.253,54.3113],[-130.2985,54.2536]]],[[[-130.6911,54.3671],[-130.756,54.3939],[-130.6876,54.3996],[-130.6911,54.3671]]],[[[-130.7428,54.6056],[-130.7769,54.5504],[-130.9691,54.462],[-130.9312,54.6227],[-130.7428,54.6056]]],[[[-130.5919,54.7422],[-130.4836,54.8104],[-130.4343,54.7695],[-130.4618,54.7121],[-130.5919,54.7422]]],[[[-130.2084,54.8111],[-130.24,54.7305],[-130.3777,54.6982],[-130.3404,54.7369],[-130.2084,54.8111]]],[[[-130.2698,54.8315],[-130.4616,54.8315],[-130.1674,55.0165],[-130.2698,54.8315]]],[[[-123.3053,48.6188],[-123.3029,48.597],[-123.3375,48.6484],[-123.3053,48.6188]]],[[[-123.369,48.7742],[-123.5311,48.7344],[-123.5956,48.9518],[-123.4311,48.8419],[-123.496,48.8455],[-123.369,48.7742]]],[[[-123.3945,48.8724],[-123.6973,49.1093],[-123.3171,48.8698],[-123.3945,48.8724]]],[[[-123.7213,49.1608],[-123.7767,49.1333],[-123.8698,49.1905],[-123.8339,49.2012],[-123.7213,49.1608]]],[[[-126.0065,49.2141],[-125.9689,49.1487],[-126.035,49.2018],[-126.0065,49.2141]]],[[[-126.2314,49.3786],[-126.0694,49.2555],[-126.2235,49.2771],[-126.2314,49.3786]]],[[[-123.35,49.4175],[-123.3759,49.3371],[-123.4294,49.3467],[-123.35,49.4175]]],[[[-124.3546,49.5224],[-124.1717,49.4547],[-124.3791,49.5073],[-124.3546,49.5224]]],[[[-123.4516,49.4452],[-123.4181,49.5309],[-123.3225,49.4861],[-123.3427,49.4429],[-123.4516,49.4452]]],[[[-124.6074,49.5309],[-124.6629,49.4943],[-124.7038,49.5212],[-124.6837,49.5493],[-124.6074,49.5309]]],[[[-124.836,49.5977],[-124.6908,49.4829],[-124.8254,49.5401],[-124.836,49.5977]]],[[[-124.0745,49.7414],[-124.2051,49.7053],[-124.0201,49.781],[-124.0745,49.7414]]],[[[-124.6644,49.7469],[-124.3479,49.7042],[-124.1232,49.4998],[-124.4388,49.6119],[-124.6644,49.7469]]],[[[-126.6587,49.7878],[-126.6794,49.5918],[-126.987,49.8151],[-126.7685,49.8835],[-126.6587,49.7878]]],[[[-127.286,50.0371],[-127.2723,49.978],[-127.3186,49.9996],[-127.286,50.0371]]],[[[-125.0055,50.0176],[-124.9957,50.2321],[-124.891,50.069],[-125.0055,50.0176]]],[[[-125.1988,50.0411],[-125.3237,50.1433],[-125.336,50.2745],[-125.1715,50.219],[-125.1988,50.0411]]],[[[-124.8323,50.1174],[-124.9171,50.3035],[-124.7538,50.1683],[-124.8323,50.1174]]],[[[-124.8026,50.2286],[-124.7251,50.3045],[-124.6507,50.2244],[-124.7258,50.1632],[-124.7233,50.2929],[-124.8026,50.2286]]],[[[-125.2125,50.3223],[-125.4042,50.3322],[-125.288,50.4374],[-125.048,50.2056],[-125.1422,50.1258],[-125.1361,50.2324],[-125.2125,50.3223]]],[[[-125.5469,50.4434],[-125.6358,50.3825],[-125.7834,50.3974],[-125.5469,50.4434]]],[[[-125.368,50.4611],[-125.3924,50.3674],[-125.5448,50.3778],[-125.478,50.4295],[-125.368,50.4611]]],[[[-125.7491,50.4218],[-125.8236,50.4088],[-125.9654,50.4382],[-125.8058,50.475],[-125.7491,50.4218]]],[[[-126.5869,50.5949],[-126.6149,50.5527],[-126.6709,50.5896],[-126.5869,50.5949]]],[[[-126.3676,50.583],[-126.2267,50.5693],[-126.6245,50.5346],[-126.3676,50.583]]],[[[-126.4713,50.6282],[-126.3635,50.6188],[-126.5585,50.6032],[-126.4713,50.6282]]],[[[-127.1075,50.6711],[-126.8331,50.6252],[-127.1504,50.64],[-127.1075,50.6711]]],[[[-126.6177,50.6723],[-126.2895,50.8286],[-126.1789,50.7508],[-126.2881,50.6546],[-126.6177,50.6723]]],[[[-126.5624,50.8021],[-126.9051,50.8293],[-126.641,50.8498],[-126.5624,50.8021]]],[[[-123.4168,48.6911],[-123.3025,48.4143],[-123.4373,48.4446],[-123.6539,48.3143],[-125.094,48.73],[-125.1852,48.801],[-124.847,49.0205],[-124.7794,49.152],[-124.8084,49.2466],[-124.9077,49.0064],[-125.2404,48.9555],[-125.3334,49.0418],[-125.4695,48.9177],[-125.6066,48.9619],[-125.8717,49.0902],[-125.6129,49.2064],[-125.7467,49.1481],[-125.7748,49.3701],[-125.8437,49.267],[-126.0281,49.2739],[-125.9509,49.3203],[-125.912,49.4384],[-126.0144,49.3223],[-126.0551,49.4453],[-126.2548,49.4505],[-126.2881,49.3627],[-126.4321,49.4726],[-126.4874,49.3837],[-126.5727,49.4143],[-126.5488,49.596],[-126.1075,49.6833],[-126.4532,49.6743],[-126.4674,49.7923],[-126.5731,49.7069],[-126.6497,49.898],[-126.8436,49.9735],[-126.8395,49.8882],[-126.9193,49.9735],[-126.9361,49.8666],[-127.1419,49.8666],[-127.2375,49.9618],[-127.0887,50.1107],[-127.0969,50.1509],[-127.2853,50.1509],[-127.3625,50.0325],[-127.4634,50.187],[-127.8981,50.1141],[-127.747,50.2432],[-127.9681,50.3422],[-127.9258,50.4621],[-127.5912,50.4857],[-127.4469,50.3769],[-127.5625,50.5211],[-127.419,50.6035],[-127.8777,50.6301],[-127.5926,50.5436],[-128.0602,50.4526],[-128.4172,50.7719],[-127.8825,50.8669],[-126.8642,50.5301],[-125.4767,50.339],[-125.1783,49.925],[-124.8821,49.7249],[-124.9762,49.668],[-124.7947,49.4726],[-123.9549,49.2292],[-123.7569,49.0421],[-123.8351,49.0002],[-123.5799,48.8216],[-123.6508,48.7531],[-123.5267,48.678],[-123.5355,48.5401],[-123.4168,48.6911]]],[[[-127.9154,50.9396],[-127.875,50.8904],[-127.983,50.9167],[-127.9154,50.9396]]],[[[-127.5579,51.0893],[-127.542,51.0522],[-127.6117,51.0751],[-127.5579,51.0893]]],[[[-131.6813,52.8421],[-131.7435,52.8113],[-131.8376,52.841],[-131.7594,52.8571],[-131.6813,52.8421]]],[[[-132.2296,52.9952],[-132.3031,52.9667],[-132.3826,53.0041],[-132.3647,53.0073],[-132.2296,52.9952]]],[[[-133.0614,54.2563],[-133.0005,54.1901],[-133.0818,54.2318],[-133.0614,54.2563]]],[[[-123.307,48.7646],[-123.2504,48.7661],[-123.1867,48.7364],[-123.307,48.7646]]],[[[-123.0438,48.7888],[-123.1853,48.7746],[-123.2235,48.8327],[-123.0438,48.7888]]],[[[-125.915,49.1763],[-125.797,49.227],[-125.8014,49.1439],[-125.915,49.1763]]],[[[-128.6159,50.7828],[-128.6037,50.8198],[-128.5726,50.7952],[-128.6159,50.7828]]],[[[-128.7044,50.8072],[-128.6622,50.825],[-128.655,50.8088],[-128.7044,50.8072]]],[[[-127.8344,50.8787],[-127.6882,50.9009],[-127.656,50.8378],[-127.8344,50.8787]]],[[[-128.487,51.9537],[-128.4324,51.9024],[-128.4788,51.9068],[-128.487,51.9537]]],[[[-129.4496,52.644],[-129.4001,52.6795],[-129.4024,52.6466],[-129.4496,52.644]]],[[[-129.3662,52.8145],[-129.312,52.8393],[-129.3289,52.7996],[-129.3662,52.8145]]],[[[-130.6165,53.5064],[-130.587,53.4662],[-130.6361,53.4984],[-130.6165,53.5064]]],[[[-130.4379,53.7569],[-130.5694,53.8367],[-130.42,53.7833],[-130.4379,53.7569]]],[[[-130.87,54.4348],[-130.79,54.4937],[-130.7296,54.4208],[-130.87,54.4348]]],[[[-131.0909,54.5822],[-131.0568,54.6257],[-131.05,54.606],[-131.0909,54.5822]]]]}},{"type":"Feature","properties":{"id":"US-ID","name":"Idaho","country":"United States of America","iso":"USA"},"geometry":{"type":"Polygon","coordinates":[[[-117.0382,48.9925],[-116.0482,48.9925],[-116.0489,48.0037],[-115.7189,47.6998],[-115.7328,47.5556],[-115.6392,47.4793],[-115.724,47.4417],[-115.3333,47.2644],[-114.7612,46.716],[-114.3295,46.6716],[-114.5032,46.1601],[-114.3875,45.8883],[-114.5499,45.7835],[-114.541,45.5691],[-114.2976,45.4837],[-113.9895,45.7027],[-113.8032,45.6078],[-113.7148,45.309],[-113.4365,45.022],[-113.4339,44.8628],[-113.1414,44.7765],[-112.9955,44.4652],[-112.8382,44.377],[-112.7515,44.4885],[-112.39,44.4583],[-112.2422,44.5687],[-111.4605,44.5491],[-111.4944,44.6439],[-111.3755,44.7549],[-111.0514,44.4979],[-111.0502,41.9998],[-117.0166,41.9995],[-117.0314,43.8287],[-116.892,44.1767],[-117.1951,44.2977],[-117.2038,44.4825],[-116.8639,44.8661],[-116.455,45.6008],[-116.5428,45.7624],[-116.8386,45.9099],[-117.044,46.3785],[-117.0382,48.9925]]]}},{"type":"Feature","properties":{"id":"US-MT","name":"Montana","country":"United States of America","iso":"USA"},"geometry":{"type":"Polygon","coordinates":[[[-116.0482,48.9925],[-104.0476,48.9926],[-104.0393,44.9999],[-111.0508,45.0],[-111.0514,44.4979],[-111.3755,44.7549],[-111.4944,44.6439],[-111.4605,44.5491],[-112.2422,44.5687],[-112.39,44.4583],[-112.7515,44.4885],[-112.8382,44.377],[-112.9955,44.4652],[-113.1414,44.7765],[-113.4339,44.8628],[-113.4365,45.022],[-113.7148,45.309],[-113.8032,45.6078],[-113.9895,45.7027],[-114.2976,45.4837],[-114.5455,45.5728],[-114.5499,45.7835],[-114.3875,45.8883],[-114.5032,46.1601],[-114.3253,46.6649],[-114.7612,46.716],[-115.3333,47.2644],[-115.724,47.4417],[-115.6392,47.4793],[-115.7328,47.5556],[-115.7189,47.6998],[-116.0489,48.0037],[-116.0482,48.9925]]]}},{"type":"Feature","properties":{"id":"CA-AB","name":"Alberta","country":"Canada","iso":"CAN"},"geometry":{"type":"Polygon","coordinates":[[[-109.9993,48.9926],[-114.0638,48.9925],[-114.1541,49.1482],[-114.3764,49.2046],[-114.578,49.3945],[-114.5763,49.5562],[-114.7439,49.5876],[-114.6248,49.7802],[-114.6611,50.0643],[-114.7751,50.3541],[-114.9997,50.5629],[-115.2206,50.5504],[-115.3347,50.7252],[-115.6467,50.852],[-115.5719,50.9003],[-115.6204,50.9702],[-116.2575,51.3144],[-116.6716,51.8059],[-116.9377,51.7199],[-117.3189,52.182],[-117.5908,52.1304],[-117.7537,52.2003],[-117.8218,52.2795],[-117.7363,52.3913],[-117.992,52.4847],[-118.2266,52.3703],[-118.2074,52.4821],[-118.4206,52.8403],[-118.6243,52.887],[-118.8502,53.1833],[-119.2634,53.1983],[-119.3933,53.3645],[-119.6416,53.3538],[-119.9049,53.5219],[-119.9265,53.6149],[-119.7325,53.6231],[-120.001,53.8228],[-120.0,60.0001],[-110.0,60.0001],[-109.9993,48.9926]]]}},{"type":"Feature","properties":{"id":"CA-SK","name":"Saskatchewan","country":"Canada","iso":"CAN"},"geometry":{"type":"Polygon","coordinates":[[[-101.3643,48.9927],[-109.9993,48.9926],[-110.0,60.0001],[-102.0016,60.0001],[-102.0011,55.8165],[-101.3643,48.9927]]]}},{"type":"Feature","properties":{"id":"US-ND","name":"North Dakota","country":"United States of America","iso":"USA"},"geometry":{"type":"Polygon","coordinates":[[[-104.0476,48.9926],[-97.2261,48.9927],[-97.101,48.6505],[-97.1219,48.1327],[-96.8561,47.6019],[-96.7947,46.6423],[-96.6016,46.3239],[-96.5563,45.9418],[-104.0449,45.942],[-104.0476,48.9926]]]}},{"type":"Feature","properties":{"id":"CA-MB","name":"Manitoba","country":"Canada","iso":"CAN"},"geometry":{"type":"Polygon","coordinates":[[[-95.1619,49.0011],[-101.3643,48.9927],[-102.0011,55.8165],[-102.0016,60.0001],[-94.8031,60.0001],[-94.8194,59.6387],[-94.7385,59.3477],[-94.6601,59.3588],[-94.7722,59.298],[-94.7931,59.0938],[-94.9673,59.0859],[-94.9992,59.0528],[-94.804,59.0631],[-94.6833,58.9504],[-94.746,58.8331],[-94.6081,58.8815],[-94.4369,58.7238],[-94.2041,58.8065],[-94.3617,58.223],[-94.232,58.4011],[-94.1774,58.7791],[-93.1558,58.7444],[-93.1234,58.5129],[-92.8078,58.0758],[-92.7858,57.8394],[-92.4236,57.3544],[-92.5972,57.0483],[-92.882,56.9145],[-91.0311,57.2646],[-88.947,56.8532],[-95.1538,52.8214],[-95.1619,49.0011]]]}},{"type":"Feature","properties":{"id":"US-MN","name":"Minnesota","country":"United States of America","iso":"USA"},"geometry":{"type":"Polygon","coordinates":[[[-97.2261,48.9927],[-95.1771,48.9927],[-95.1606,49.3695],[-94.9825,49.3562],[-94.8273,49.2929],[-94.6889,48.7788],[-93.8749,48.6362],[-93.7787,48.5195],[-92.9797,48.6177],[-92.6486,48.5363],[-92.7189,48.4598],[-92.4906,48.4331],[-92.3719,48.2226],[-92.2816,48.3318],[-92.0705,48.3467],[-91.5748,48.0482],[-91.2764,48.0648],[-90.8738,48.2343],[-90.7503,48.084],[-90.1204,48.1154],[-89.9205,47.9875],[-89.499,47.9951],[-89.9576,47.2861],[-90.654,47.3081],[-92.2892,46.663],[-92.2926,46.0833],[-92.7041,45.9131],[-92.8912,45.7038],[-92.8832,45.5761],[-92.7509,45.5592],[-92.663,45.4263],[-92.7593,45.2833],[-92.8198,44.7578],[-92.1026,44.4369],[-91.6626,44.0733],[-91.4075,44.0134],[-91.2842,43.8978],[-91.2501,43.501],[-96.4536,43.5001],[-96.4536,45.2966],[-96.8631,45.6008],[-96.5877,45.8388],[-96.5649,46.1714],[-96.7947,46.6423],[-96.8561,47.6019],[-97.1219,48.1327],[-97.101,48.6505],[-97.2261,48.9927]]]}},{"type":"Feature","properties":{"id":"CA-ON","name":"Ontario","country":"Canada","iso":"CAN"},"geometry":{"type":"MultiPolygon","coordinates":[[[[-89.499,47.9951],[-89.9205,47.9875],[-90.1204,48.1154],[-90.7503,48.084],[-90.8738,48.2343],[-91.2764,48.0648],[-91.5748,48.0482],[-92.0705,48.3467],[-92.2816,48.3318],[-92.3719,48.2226],[-92.4906,48.4331],[-92.7041,48.4452],[-92.6486,48.5363],[-92.9556,48.6122],[-93.7568,48.5165],[-93.8749,48.6362],[-94.6889,48.7788],[-94.8391,49.3089],[-95.1612,49.3739],[-95.1538,52.8214],[-88.8912,56.8613],[-87.9796,56.4429],[-87.5892,56.0798],[-87.6186,56.0028],[-87.5008,56.0449],[-87.3653,55.9482],[-85.9043,55.662],[-85.1279,55.3498],[-85.389,55.1121],[-85.4173,54.9992],[-85.0539,55.2941],[-84.6131,55.2452],[-83.9291,55.3265],[-83.6115,55.2322],[-83.5669,55.1907],[-83.5883,55.1568],[-83.5611,55.1332],[-83.558,55.1847],[-83.5829,55.2325],[-83.7132,55.2766],[-82.9757,55.2391],[-82.8976,55.1741],[-82.9517,55.1127],[-82.2523,55.1179],[-82.2014,54.8339],[-82.4445,54.3654],[-82.383,54.1252],[-82.2426,54.065],[-82.126,53.8122],[-82.2192,53.6044],[-82.1144,53.289],[-82.2506,53.213],[-82.3012,52.9676],[-82.0419,52.8428],[-81.4787,52.3035],[-81.8202,52.2594],[-81.8828,52.1936],[-81.512,52.2393],[-80.9791,52.0018],[-80.5949,51.7114],[-80.4298,51.3572],[-81.0126,51.0354],[-80.3851,51.3414],[-79.986,51.2551],[-79.5208,50.9429],[-79.5129,47.5968],[-79.5803,47.4518],[-79.4313,47.087],[-78.7198,46.3471],[-77.6584,46.1839],[-76.9935,45.7902],[-76.8177,45.8859],[-76.6229,45.565],[-76.3435,45.4736],[-76.0488,45.5155],[-75.841,45.3872],[-75.2836,45.5767],[-74.6437,45.6561],[-74.3935,45.5727],[-74.478,45.3169],[-74.3462,45.2206],[-74.713,44.9993],[-75.2702,44.8638],[-75.8703,44.4086],[-76.1498,44.3045],[-76.8415,43.6255],[-78.7508,43.6171],[-79.1743,43.4645],[-79.032,43.0134],[-78.9091,42.9302],[-79.0194,42.8027],[-80.2466,42.3655],[-81.2767,42.2087],[-82.4249,41.6768],[-82.6669,41.6691],[-83.0684,41.8477],[-83.1595,42.0463],[-83.08,42.3051],[-82.5262,42.6199],[-82.1457,43.5764],[-82.5483,45.3346],[-83.6369,45.7739],[-83.4628,46.0078],[-83.6139,46.1156],[-83.9646,46.0632],[-84.0968,46.2248],[-84.1104,46.5265],[-84.5666,46.4612],[-84.7733,46.6334],[-84.8787,46.8979],[-88.3473,48.2987],[-89.499,47.9951]]],[[[-79.5208,50.9655],[-79.7471,51.1955],[-79.6968,51.3985],[-79.5208,51.4667],[-79.5208,50.9655]]]]}},{"type":"Feature","properties":{"id":"US-MI","name":"Michigan","country":"United States of America","iso":"USA"},"geometry":{"type":"Polygon","coordinates":[[[-89.499,47.9951],[-88.3473,48.2987],[-84.8787,46.8979],[-84.7733,46.6334],[-84.5666,46.4612],[-84.1104,46.5265],[-84.0968,46.2248],[-83.9646,46.0632],[-83.6139,46.1156],[-83.4628,46.0078],[-83.6369,45.7739],[-82.5888,45.3718],[-82.1454,43.6006],[-82.5262,42.6199],[-83.08,42.3051],[-83.1309,41.938],[-83.4138,41.7353],[-87.2077,41.7597],[-87.0188,42.4962],[-87.1472,43.3799],[-87.0614,43.9696],[-86.7146,44.8452],[-86.2506,45.2361],[-86.7636,45.4438],[-87.0924,45.4438],[-87.4033,45.205],[-87.436,45.079],[-87.6536,45.1208],[-87.7348,45.1993],[-87.6612,45.3704],[-87.8822,45.3774],[-87.8026,45.687],[-88.11,45.8032],[-88.1232,45.9315],[-90.1185,46.3406],[-90.2303,46.5087],[-90.399,46.551],[-89.499,47.9951]]]}},{"type":"Feature","properties":{"id":"US-OH","name":"Ohio","country":"United States of America","iso":"USA"},"geometry":{"type":"Polygon","coordinates":[[[-83.1309,41.938],[-82.7111,41.6802],[-82.4513,41.6719],[-81.2767,42.2087],[-80.5202,42.3238],[-80.5202,40.6468],[-80.6768,40.5888],[-80.6006,40.3233],[-80.8411,39.7011],[-81.2116,39.4063],[-81.4632,39.4065],[-81.6824,39.271],[-81.8185,39.0798],[-81.764,38.9372],[-81.9017,38.8742],[-81.9374,38.9906],[-82.0584,39.0032],[-82.2087,38.786],[-82.1775,38.6118],[-82.3495,38.4379],[-82.589,38.4188],[-82.8982,38.7516],[-83.1515,38.6189],[-83.5343,38.7074],[-83.7143,38.6385],[-83.8659,38.7622],[-84.2176,38.8235],[-84.4659,39.1115],[-84.8235,39.0974],[-84.8061,41.6968],[-83.4138,41.7353],[-83.1309,41.938]]]}},{"type":"Feature","properties":{"id":"US-PA","name":"Pennsylvania","country":"United States of America","iso":"USA"},"geometry":{"type":"Polygon","coordinates":[[[-80.5202,42.3238],[-79.763,42.5377],[-79.7629,41.9999],[-75.339,41.9974],[-75.0789,41.8281],[-74.9843,41.4983],[-74.7045,41.3761],[-75.1288,40.9981],[-75.0576,40.8723],[-75.1982,40.7005],[-75.1822,40.5704],[-74.7286,40.1632],[-75.1478,39.9026],[-75.6521,39.8253],[-75.777,39.721],[-80.5194,39.7215],[-80.5202,42.3238]]]}},{"type":"Feature","properties":{"id":"US-NY","name":"New York","country":"United States of America","iso":"USA"},"geometry":{"type":"MultiPolygon","coordinates":[[[[-79.763,42.5377],[-78.919,42.8892],[-79.1743,43.4645],[-78.6881,43.6318],[-76.8415,43.6255],[-76.3278,44.1815],[-75.1296,44.9252],[-74.8865,45.0094],[-73.3513,45.0046],[-73.3773,44.6187],[-73.2931,44.4543],[-73.4385,44.0597],[-73.3634,43.7795],[-73.425,43.6069],[-73.247,43.552],[-73.2655,42.7456],[-73.5072,42.079],[-73.4841,41.2179],[-73.723,41.1035],[-73.6429,41.0011],[-73.7977,40.8132],[-73.9323,40.8178],[-73.9088,40.8686],[-73.9219,40.8868],[-73.8754,41.0133],[-73.8716,41.1155],[-73.9473,41.3111],[-73.9071,40.9908],[-74.9843,41.4983],[-75.0789,41.8281],[-75.339,41.9974],[-79.7629,41.9999],[-79.763,42.5377]]],[[[-73.9388,40.8282],[-73.9758,40.714],[-74.0169,40.6993],[-73.928,40.8775],[-73.9167,40.8633],[-73.9388,40.8282]]],[[[-73.2561,40.6391],[-73.3203,40.6351],[-73.5741,40.5751],[-73.3394,40.6446],[-73.2561,40.6391]]],[[[-74.1918,40.6283],[-74.0536,40.6027],[-74.2508,40.5014],[-74.1918,40.6283]]],[[[-73.0403,40.682],[-72.7571,40.7688],[-73.1475,40.6443],[-73.2458,40.6238],[-73.305,40.6299],[-73.2553,40.6297],[-73.0403,40.682]]],[[[-72.6246,40.9078],[-71.8574,41.0717],[-72.724,40.7704],[-72.6505,40.7975],[-73.7109,40.6102],[-73.5818,40.5845],[-73.9395,40.542],[-73.7688,40.6185],[-74.04,40.6198],[-73.9086,40.7887],[-73.7575,40.7711],[-73.7202,40.8662],[-73.4798,40.8772],[-73.4857,40.9456],[-72.6283,40.9836],[-72.2755,41.1626],[-72.6246,40.9078]]],[[[-71.9702,41.2736],[-72.0388,41.2494],[-71.9207,41.2914],[-71.9702,41.2736]]],[[[-72.3713,41.055],[-72.2805,41.0789],[-72.2755,41.0318],[-72.3713,41.055]]],[[[-72.1415,41.0968],[-72.0784,41.1],[-72.1008,41.0542],[-72.1415,41.0968]]]]}},{"type":"Feature","properties":{"id":"CA-QC","name":"Quebec","country":"Canada","iso":"CAN"},"geometry":{"type":"MultiPolygon","coordinates":[[[[-71.5041,45.0137],[-74.713,44.9993],[-74.0044,45.2452],[-73.7347,45.4186],[-73.519,45.4263],[-73.4488,45.7045],[-73.2173,45.8988],[-73.1561,46.0497],[-72.731,46.1766],[-72.2743,46.4206],[-72.1899,46.5262],[-71.8671,46.6667],[-71.7142,46.6322],[-71.3025,46.7452],[-71.1579,46.8408],[-70.9736,46.8619],[-70.5349,47.0106],[-69.4455,47.9919],[-68.2056,48.6419],[-66.6221,49.1226],[-65.5658,49.2665],[-64.6134,49.123],[-64.2987,48.9592],[-64.1553,48.7742],[-64.5594,48.8829],[-64.175,48.6445],[-64.2821,48.569],[-64.1888,48.5266],[-65.2856,48.0126],[-65.7838,48.1156],[-65.8957,48.2255],[-66.067,48.102],[-66.4733,48.1201],[-66.9191,47.9815],[-66.9616,47.8945],[-67.3637,47.8393],[-67.6128,47.9975],[-68.3779,47.9283],[-68.4081,47.5363],[-69.0636,47.2908],[-69.054,47.4184],[-69.2509,47.4529],[-70.0078,46.7041],[-70.0743,46.4195],[-70.2809,46.2119],[-70.2625,45.923],[-70.6868,45.5727],[-70.732,45.4916],[-70.6413,45.4085],[-70.813,45.4234],[-70.8924,45.2346],[-70.9932,45.3478],[-71.1603,45.2458],[-71.3343,45.2887],[-71.449,45.2269],[-71.5041,45.0137]]],[[[-79.5208,50.9429],[-79.3343,50.7269],[-79.5208,50.9655],[-79.5602,51.5555],[-79.2555,51.6387],[-79.2756,51.5316],[-79.0115,51.4674],[-78.9532,51.2192],[-78.847,51.1645],[-78.9198,51.233],[-78.8266,51.3501],[-78.8822,51.4033],[-78.69,51.4873],[-79.0388,51.7685],[-78.8406,51.8423],[-78.8926,51.9468],[-78.5913,52.1061],[-78.5467,52.2466],[-78.4082,52.2482],[-78.5528,52.2681],[-78.516,52.4768],[-78.7651,52.5704],[-78.69,52.5977],[-78.8502,52.7574],[-78.69,52.8851],[-78.8553,52.8839],[-78.9017,52.9266],[-78.7856,52.9819],[-78.9842,53.0284],[-78.8954,53.2686],[-79.1146,53.5089],[-78.9231,53.5667],[-79.1561,53.7081],[-79.0488,53.7257],[-79.0525,53.8378],[-78.9017,53.8173],[-79.1351,53.9614],[-78.9796,54.0192],[-79.2926,54.0911],[-79.0463,54.1805],[-79.3821,54.1941],[-79.2859,54.2556],[-79.464,54.3102],[-79.4503,54.42],[-79.6012,54.5572],[-79.5255,54.5914],[-79.7656,54.6596],[-77.7816,55.2735],[-76.6815,56.0429],[-76.5184,56.4136],[-76.5327,57.1153],[-76.8087,57.6755],[-77.4706,58.212],[-78.571,58.6387],[-78.4686,58.706],[-78.5657,58.9577],[-78.3164,58.9255],[-78.1066,59.2099],[-77.6752,59.4023],[-77.9154,59.4191],[-77.7303,59.5487],[-77.7782,59.7101],[-77.5703,59.6934],[-77.443,59.5776],[-77.3127,59.5668],[-77.5455,59.7449],[-77.2916,59.7995],[-77.425,59.9193],[-77.1892,60.0602],[-77.6342,60.0665],[-77.4083,60.1353],[-77.7432,60.4042],[-77.4151,60.5468],[-77.8293,60.6433],[-77.5106,60.841],[-77.8949,60.7523],[-77.97,60.7927],[-77.9194,60.8353],[-78.1965,60.7927],[-77.6927,61.2073],[-77.7853,61.4547],[-77.5455,61.4853],[-77.6413,61.5602],[-77.4766,61.54],[-77.9897,61.7148],[-78.137,62.0135],[-78.1549,62.2973],[-77.4718,62.5938],[-75.5922,62.273],[-75.8938,62.1638],[-75.3277,62.3175],[-74.5581,62.1091],[-74.755,62.2136],[-73.6707,62.4821],[-72.9474,62.1227],[-72.6291,62.1169],[-72.6078,61.9722],[-72.796,61.8354],[-72.6662,61.8832],[-72.6019,61.8126],[-72.6052,61.9437],[-72.2323,61.8813],[-72.1318,61.8006],[-72.2237,61.7502],[-71.9952,61.6771],[-72.0851,61.6063],[-72.2435,61.6176],[-72.3031,61.5679],[-71.9795,61.6038],[-71.9568,61.7112],[-71.581,61.6138],[-71.8574,61.5338],[-71.7482,61.4791],[-71.8916,61.4307],[-71.5831,61.4102],[-71.8227,61.355],[-71.6656,61.3345],[-71.7271,61.2873],[-71.5968,61.2594],[-71.5729,61.1557],[-71.4977,61.2309],[-71.3716,61.129],[-70.5354,61.0123],[-70.1553,61.0876],[-70.0897,60.9612],[-70.1512,60.882],[-69.9159,60.81],[-69.777,60.9195],[-69.6623,60.8852],[-69.651,61.0643],[-69.5366,61.0797],[-69.3697,60.9168],[-69.3813,60.7999],[-69.7198,60.684],[-69.6667,60.5672],[-69.829,60.5257],[-69.7198,60.3756],[-69.7655,60.3171],[-69.6024,60.2247],[-69.628,60.0767],[-69.8263,60.0716],[-69.8216,59.9892],[-71.0351,60.0665],[-69.7351,59.9703],[-69.7676,59.9156],[-69.5615,59.8647],[-69.6122,59.7839],[-69.5478,59.7648],[-69.6577,59.7033],[-69.5162,59.6493],[-69.7485,59.5161],[-69.6321,59.3851],[-69.7551,59.3177],[-69.4226,59.3615],[-69.2325,59.2413],[-69.5426,59.1695],[-69.3424,59.0938],[-69.5035,59.0733],[-69.4517,58.8952],[-69.6652,58.7922],[-69.6719,58.9274],[-69.8631,59.0597],[-69.8017,58.8263],[-69.9116,58.8741],[-70.2542,58.7717],[-69.9212,58.7791],[-69.9183,58.6864],[-69.7974,58.7008],[-69.8768,58.6447],[-69.8135,58.5965],[-69.3782,58.8695],[-68.7734,58.9217],[-68.4103,58.8239],[-68.3487,58.6003],[-68.191,58.5464],[-68.3541,58.1237],[-68.9701,57.9604],[-69.3697,57.7705],[-68.4176,58.0386],[-68.3099,58.1209],[-68.1739,58.4911],[-68.0062,58.5795],[-67.8898,58.4987],[-67.8627,58.3093],[-68.1295,58.083],[-67.8627,58.2373],[-67.7385,58.4692],[-67.6754,58.4234],[-67.7323,58.2851],[-67.648,58.2362],[-67.7401,57.9637],[-67.7135,57.9271],[-67.5679,58.2304],[-67.0869,58.3628],[-66.9466,58.4984],[-66.8522,58.425],[-66.6151,58.498],[-66.5954,58.6772],[-66.3824,58.8536],[-65.9442,58.6208],[-66.0534,58.3328],[-65.8275,58.5799],[-66.1086,58.7791],[-65.7956,58.8635],[-65.9822,58.9172],[-65.8616,58.943],[-65.8855,59.0082],[-65.6774,58.9286],[-65.7933,59.0051],[-65.6835,59.0528],[-65.5071,58.9881],[-65.5941,59.046],[-65.3197,59.046],[-65.6425,59.0733],[-65.7176,59.1583],[-65.7393,59.2706],[-65.5941,59.1894],[-65.6029,59.2571],[-65.4917,59.2583],[-65.559,59.3767],[-65.3576,59.2822],[-65.4472,59.3668],[-65.3818,59.4023],[-65.5599,59.491],[-64.984,59.3812],[-65.4119,59.5179],[-65.5463,59.7313],[-65.3235,59.848],[-65.0841,59.7717],[-64.984,59.7648],[-65.2309,59.8821],[-65.1405,59.8713],[-65.2098,59.923],[-65.0709,59.9433],[-65.1286,60.0466],[-64.8741,60.2042],[-64.9573,60.2589],[-64.8488,60.3657],[-64.5314,60.3039],[-64.8447,60.2641],[-64.5992,60.1178],[-64.9042,60.0478],[-64.6544,59.9167],[-64.7677,59.8801],[-64.7745,59.6992],[-64.9032,59.6038],[-64.702,59.4473],[-64.3494,59.5051],[-64.5034,59.4295],[-64.534,59.1953],[-64.2921,59.0073],[-64.7542,59.0651],[-64.8822,58.9351],[-64.3104,58.8847],[-64.1571,58.7508],[-63.7604,58.8791],[-63.4837,58.7586],[-64.0594,58.669],[-64.078,58.552],[-63.8904,58.5668],[-63.8199,58.4741],[-64.1564,58.3481],[-64.4276,58.0748],[-64.2214,58.0452],[-64.0539,57.7679],[-63.9394,57.801],[-63.6959,57.659],[-63.5839,57.7081],[-63.7649,57.5644],[-63.7079,57.3852],[-63.8692,57.2498],[-63.7433,57.2267],[-63.876,57.0592],[-63.8714,56.8781],[-64.1257,56.7093],[-63.8771,56.4393],[-64.1697,56.4257],[-64.0911,56.2628],[-63.8769,56.2173],[-64.0103,56.0698],[-63.8618,56.1233],[-63.8043,56.0432],[-63.4449,56.0228],[-63.8403,55.9133],[-63.669,55.6236],[-63.7674,55.4615],[-63.3302,55.3886],[-63.6599,55.2702],[-63.4104,55.252],[-63.5889,55.1208],[-63.6053,54.9022],[-63.8148,54.9405],[-63.904,54.782],[-63.7292,54.6471],[-63.8986,54.6016],[-64.3923,54.7892],[-64.7676,54.7382],[-64.7821,54.8348],[-65.1028,54.9568],[-65.2959,54.8257],[-65.4726,54.8421],[-65.4799,54.7309],[-65.6806,54.7148],[-65.856,54.9075],[-66.2543,54.9981],[-66.7704,55.3388],[-66.8372,55.3172],[-66.6887,55.2017],[-66.7623,55.1042],[-66.6608,54.9842],[-66.7288,54.9387],[-66.6071,54.8039],[-66.7013,54.7402],[-66.9665,54.8143],[-67.3094,55.0157],[-67.2741,55.066],[-67.4351,55.0635],[-67.0858,54.6806],[-67.2681,54.4846],[-67.4985,54.5946],[-67.5088,54.488],[-67.7496,54.4261],[-67.6395,54.1888],[-67.8081,54.034],[-67.3231,53.5663],[-66.8898,53.4149],[-67.0101,53.353],[-66.9964,53.0813],[-67.2406,53.1673],[-67.385,53.1054],[-67.3025,52.8681],[-67.0617,52.875],[-66.8657,52.6617],[-66.6559,52.7959],[-66.6249,52.9369],[-66.3635,53.0022],[-66.2879,52.8474],[-66.4014,52.844],[-66.2879,52.6101],[-66.4048,52.648],[-66.3498,52.3591],[-66.4805,52.335],[-66.3739,52.1424],[-66.2638,52.1561],[-66.2844,52.3075],[-65.9921,52.0598],[-65.655,52.108],[-65.6619,51.9876],[-65.5003,52.0977],[-65.3386,51.8191],[-64.7711,51.764],[-64.5304,51.5921],[-64.2793,51.74],[-64.3618,51.967],[-64.2346,51.9807],[-64.2518,52.1149],[-64.1555,52.1321],[-64.2208,52.2662],[-64.1279,52.3866],[-64.1658,52.6755],[-63.612,52.8612],[-63.3791,52.6512],[-63.8759,52.6084],[-64.0812,52.4734],[-63.9727,52.3536],[-63.7495,52.3224],[-63.6401,52.0506],[-63.8196,52.0681],[-63.7387,51.9998],[-57.101,52.0001],[-57.1003,51.419],[-57.25,51.5083],[-57.6859,51.4804],[-58.0402,51.3137],[-58.6227,51.2773],[-58.6256,51.1515],[-59.008,51.015],[-58.9403,50.8846],[-59.008,50.7611],[-59.0878,50.8877],[-59.2028,50.7319],[-59.4195,50.6649],[-59.424,50.54],[-59.8031,50.4457],[-59.8856,50.3769],[-59.8273,50.3281],[-60.1349,50.213],[-60.1535,50.2884],[-60.7941,50.2047],[-60.8026,50.2671],[-61.7179,50.1],[-61.7843,50.1099],[-61.5761,50.1874],[-61.7768,50.1341],[-61.8632,50.2302],[-62.7091,50.3154],[-63.4206,50.219],[-63.809,50.3154],[-65.9642,50.2932],[-66.0875,50.1925],[-66.4682,50.2685],[-66.5495,50.1983],[-66.4349,50.1575],[-66.6356,50.185],[-67.1315,49.8313],[-67.2451,49.4588],[-67.3763,49.3392],[-68.0546,49.2944],[-68.3009,49.1982],[-68.1811,49.1245],[-68.3923,49.0639],[-68.4443,49.0616],[-68.3698,49.1156],[-68.4033,49.1845],[-68.4443,49.1982],[-68.4071,49.123],[-68.6151,49.0395],[-68.6435,48.9177],[-69.0557,48.7735],[-69.676,48.1499],[-70.3692,48.3741],[-70.9872,48.4652],[-71.0698,48.4446],[-70.7885,48.3957],[-70.8656,48.3242],[-70.4775,48.3564],[-69.736,48.1225],[-69.932,47.7731],[-70.2369,47.4956],[-70.4869,47.4448],[-70.7506,47.0918],[-70.9569,47.0207],[-71.3417,46.7423],[-71.8805,46.6907],[-72.2279,46.5534],[-72.6025,46.3013],[-72.9945,46.2108],[-73.022,46.1096],[-73.1586,46.0749],[-73.4203,45.7651],[-73.7554,45.6764],[-73.9792,45.4984],[-74.3795,45.5616],[-74.0161,45.4504],[-73.9615,45.3542],[-74.1533,45.3201],[-74.3462,45.2206],[-74.478,45.3169],[-74.3935,45.5727],[-74.6437,45.6561],[-75.2836,45.5767],[-75.7755,45.3938],[-76.1284,45.5296],[-76.3435,45.4736],[-76.6475,45.5808],[-76.8177,45.8859],[-77.0166,45.7962],[-77.469,46.1151],[-78.694,46.3365],[-78.9641,46.533],[-79.4313,47.087],[-79.5803,47.4518],[-79.5129,47.5968],[-79.5208,50.9429]]],[[[-59.3411,50.538],[-59.3763,50.6523],[-59.3375,50.6444],[-59.296,50.5723],[-59.3411,50.538]]],[[[-58.3984,51.2545],[-58.4742,51.2204],[-58.5629,51.2334],[-58.4795,51.278],[-58.3984,51.2545]]],[[[-69.3542,59.1406],[-69.0613,59.0766],[-69.2189,58.9634],[-69.3635,58.9634],[-69.2862,59.0698],[-69.3542,59.1406]]],[[[-74.1284,45.3076],[-73.9206,45.3338],[-74.165,45.2697],[-74.1284,45.3076]]],[[[-73.9173,45.41],[-73.8581,45.3818],[-73.9845,45.4064],[-73.9173,45.41]]],[[[-73.8993,45.5009],[-73.9432,45.5076],[-73.8865,45.5234],[-73.8993,45.5009]]],[[[-73.8573,45.5494],[-73.7409,45.6643],[-73.5648,45.6987],[-73.7183,45.5624],[-73.8573,45.5494]]],[[[-73.4993,45.7099],[-73.5887,45.4479],[-73.9736,45.4446],[-73.694,45.5553],[-73.4993,45.7099]]],[[[-70.8854,47.0266],[-70.8743,46.937],[-71.1247,46.877],[-70.8854,47.0266]]],[[[-61.671,47.5465],[-61.7435,47.4831],[-61.8594,47.4237],[-61.7854,47.4338],[-61.6715,47.538],[-61.5925,47.5608],[-61.9656,47.283],[-61.793,47.2403],[-62.0106,47.2248],[-61.9255,47.4132],[-61.5621,47.6271],[-61.3822,47.6367],[-61.671,47.5465]]],[[[-63.7642,49.602],[-64.5106,49.8681],[-64.1328,49.9501],[-63.1241,49.7839],[-61.8826,49.3545],[-61.6608,49.151],[-61.8116,49.069],[-62.2482,49.0679],[-63.0933,49.2329],[-63.5868,49.39],[-63.7642,49.602]]],[[[-63.8575,50.2174],[-63.927,50.2214],[-63.9015,50.254],[-63.8575,50.2174]]],[[[-70.4254,47.405],[-70.3239,47.4274],[-70.4357,47.377],[-70.4254,47.405]]],[[[-68.8798,48.4035],[-68.8381,48.4138],[-68.8911,48.388],[-68.8798,48.4035]]],[[[-58.8856,50.7943],[-58.8463,50.7894],[-58.8611,50.7796],[-58.8856,50.7943]]],[[[-58.547,51.1504],[-58.4274,51.1671],[-58.6212,51.0918],[-58.547,51.1504]]],[[[-58.3076,51.2523],[-58.3629,51.2022],[-58.411,51.2016],[-58.3882,51.2389],[-58.3076,51.2523]]],[[[-67.5583,58.411],[-67.5308,58.2969],[-67.6359,58.291],[-67.6366,58.4022],[-67.5583,58.411]]],[[[-69.0612,59.0112],[-68.9746,58.9896],[-69.1203,58.9573],[-69.0612,59.0112]]],[[[-69.9219,61.0131],[-69.9776,60.9299],[-70.0039,60.9351],[-70.0119,60.9968],[-69.9219,61.0131]]],[[[-71.5864,61.302],[-71.4878,61.3371],[-71.4865,61.3019],[-71.5864,61.302]]],[[[-72.1308,61.889],[-71.9939,61.8707],[-71.9734,61.8589],[-72.1308,61.889]]],[[[-72.4624,62.0367],[-72.3842,62.0324],[-72.3281,62.016],[-72.4624,62.0367]]]]}},{"type":"Feature","properties":{"id":"US-VT","name":"Vermont","country":"United States of America","iso":"USA"},"geometry":{"type":"Polygon","coordinates":[[[-73.3513,45.0046],[-71.5058,45.0137],[-71.635,44.7403],[-71.5494,44.5866],[-72.0201,44.3177],[-72.1006,43.9733],[-72.3918,43.5577],[-72.5555,42.878],[-72.4668,42.7293],[-73.2762,42.7461],[-73.247,43.552],[-73.425,43.6069],[-73.3634,43.7795],[-73.4385,44.0597],[-73.2931,44.4543],[-73.3773,44.6187],[-73.3513,45.0046]]]}},{"type":"Feature","properties":{"id":"US-NH","name":"New Hampshire","country":"United States of America","iso":"USA"},"geometry":{"type":"Polygon","coordinates":[[[-71.635,44.7403],[-71.449,45.2269],[-71.085,45.3043],[-70.9768,43.3945],[-70.7085,43.0452],[-70.8143,42.8773],[-71.2963,42.7021],[-72.4667,42.7292],[-72.5555,42.878],[-72.3918,43.5577],[-72.1006,43.9733],[-72.0201,44.3177],[-71.5494,44.5866],[-71.635,44.7403]]]}},{"type":"Feature","properties":{"id":"US-ME","name":"Maine","country":"United States of America","iso":"USA"},"geometry":{"type":"MultiPolygon","coordinates":[[[[-71.085,45.3043],[-70.9681,45.3445],[-70.8924,45.2346],[-70.813,45.4234],[-70.6413,45.4085],[-70.7303,45.508],[-70.2625,45.923],[-70.2809,46.2119],[-70.0743,46.4195],[-70.0078,46.7041],[-69.2509,47.4529],[-69.0697,47.4319],[-69.0575,47.2695],[-68.9062,47.1902],[-68.2997,47.3678],[-67.8087,47.0751],[-67.807,45.7129],[-67.4313,45.5979],[-67.4713,45.2663],[-67.3192,45.1539],[-67.255,45.205],[-67.176,45.1787],[-67.0401,44.9732],[-67.2034,44.9049],[-67.1487,44.8155],[-67.0593,44.8974],[-66.9773,44.8155],[-67.1965,44.6442],[-67.332,44.7095],[-67.4094,44.5958],[-67.5544,44.6441],[-67.6035,44.5281],[-67.8284,44.5843],[-67.9022,44.3972],[-67.9779,44.4991],[-68.0605,44.3283],[-68.202,44.5251],[-68.4093,44.4046],[-68.4782,44.4934],[-68.4648,44.3898],[-68.5744,44.4108],[-68.5414,44.2373],[-68.8208,44.3146],[-68.6993,44.4097],[-68.8162,44.4021],[-68.7426,44.5373],[-68.8016,44.5603],[-68.8071,44.4729],[-68.9866,44.4212],[-68.9375,44.332],[-69.1914,43.9522],[-69.3695,43.9726],[-69.3643,44.0605],[-69.5476,43.8349],[-69.534,44.021],[-69.5924,43.8077],[-69.6701,43.8736],[-69.6296,44.0273],[-69.7592,43.8864],[-69.758,43.7595],[-69.7825,44.0574],[-69.8828,43.9766],[-69.7906,43.7331],[-69.8793,43.8706],[-69.9849,43.7263],[-69.9858,43.8628],[-70.1826,43.7571],[-70.2869,43.6505],[-70.2049,43.5611],[-70.3437,43.5395],[-70.3216,43.4525],[-70.7441,43.0838],[-70.9768,43.3945],[-71.085,45.3043]]],[[[-69.6471,43.8373],[-69.6888,43.8282],[-69.6732,43.8529],[-69.6471,43.8373]]],[[[-69.6693,43.9558],[-69.6987,43.8725],[-69.7148,43.8594],[-69.7226,43.9076],[-69.6693,43.9558]]],[[[-68.651,44.0652],[-68.6081,44.0235],[-68.6562,44.0105],[-68.651,44.0652]]],[[[-68.8568,44.1811],[-68.8633,44.1199],[-68.9427,44.1173],[-68.8568,44.1811]]],[[[-68.4596,44.185],[-68.4323,44.129],[-68.5065,44.1602],[-68.4596,44.185]]],[[[-68.8854,44.2995],[-68.9427,44.2904],[-68.901,44.3113],[-68.8854,44.2995]]],[[[-68.5117,44.379],[-68.4844,44.3139],[-68.5299,44.3308],[-68.5117,44.379]]],[[[-68.9114,44.366],[-68.8594,44.3581],[-68.9036,44.3191],[-68.9114,44.366]]],[[[-67.582,44.5144],[-67.5846,44.4441],[-67.6146,44.5144],[-67.582,44.5144]]],[[[-67.3034,44.6251],[-67.276,44.6029],[-67.3216,44.6029],[-67.3034,44.6251]]],[[[-67.0121,44.8994],[-67.0382,44.9549],[-66.9896,44.8976],[-67.0121,44.8994]]],[[[-68.9102,44.0955],[-68.773,44.0819],[-68.7746,44.0619],[-68.9102,44.0955]]],[[[-68.6421,44.26],[-68.6228,44.1713],[-68.7163,44.1673],[-68.7246,44.2191],[-68.6421,44.26]]],[[[-68.2448,44.4245],[-68.1765,44.3283],[-68.4141,44.2586],[-68.3758,44.4041],[-68.2448,44.4245]]]]}},{"type":"Feature","properties":{"id":"CA-NB","name":"New Brunswick","country":"Canada","iso":"CAN"},"geometry":{"type":"MultiPolygon","coordinates":[[[[-67.176,45.1787],[-67.3192,45.1539],[-67.4713,45.2663],[-67.4313,45.5979],[-67.807,45.7129],[-67.8136,47.0819],[-68.2464,47.3606],[-68.8897,47.1906],[-69.0636,47.2908],[-68.4081,47.5363],[-68.3779,47.9283],[-68.1135,47.9283],[-68.1135,47.9975],[-67.6128,47.9975],[-67.3637,47.8393],[-66.3859,48.0751],[-65.7722,47.8829],[-65.6357,47.6223],[-65.0257,47.8496],[-65.0734,47.7799],[-64.8263,47.8155],[-64.8605,47.7525],[-64.6686,47.7321],[-64.8922,47.5615],[-64.9596,47.2943],[-65.3675,47.0878],[-64.7996,47.0816],[-64.9058,46.8869],[-64.7921,46.7247],[-64.8394,46.7169],[-64.8542,46.6763],[-64.7136,46.6872],[-64.7111,46.4805],[-64.6134,46.4193],[-64.704,46.3275],[-64.5585,46.3691],[-64.5594,46.2238],[-63.7711,46.1152],[-64.0727,46.06],[-64.0513,45.9768],[-64.2734,45.8357],[-64.3615,45.8851],[-64.495,45.721],[-64.5315,45.9022],[-64.5724,45.8856],[-64.704,46.0622],[-64.7649,46.0873],[-64.5724,45.8607],[-64.6413,45.7242],[-65.7523,45.2444],[-65.9293,45.213],[-66.136,45.3126],[-66.0019,45.3986],[-66.0098,45.4643],[-66.1968,45.3338],[-66.0602,45.258],[-66.4407,45.0799],[-66.491,45.1556],[-66.8889,45.0607],[-66.8479,45.1283],[-66.9435,45.1898],[-67.0401,45.0756],[-67.176,45.1787]]],[[[-66.9049,44.9558],[-66.9193,44.8373],[-66.9818,44.8725],[-66.9049,44.9558]]],[[[-66.9479,44.9831],[-67.0169,44.9792],[-66.9388,45.0248],[-66.9479,44.9831]]],[[[-66.906,44.6062],[-66.7432,44.782],[-66.6904,44.62],[-66.906,44.6062]]],[[[-64.5048,47.8898],[-64.4774,47.9444],[-64.5389,47.8072],[-64.6966,47.7594],[-64.6687,47.8713],[-64.5048,47.8898]]],[[[-64.5941,47.9144],[-64.4843,48.0201],[-64.5904,47.9035],[-64.5941,47.9144]]]]}},{"type":"Feature","properties":{"id":"US-AZ","name":"Arizona","country":"United States of America","iso":"USA"},"geometry":{"type":"Polygon","coordinates":[[[-111.0063,31.3272],[-114.8221,32.5002],[-114.7208,32.7246],[-114.5359,32.7382],[-114.4607,32.8549],[-114.5017,33.0194],[-114.6967,33.0894],[-114.7235,33.3212],[-114.5326,33.5686],[-114.5159,33.9636],[-114.1191,34.2932],[-114.369,34.4715],[-114.617,34.8793],[-114.5719,35.2126],[-114.7413,36.0136],[-114.5548,36.1605],[-114.1239,36.0459],[-114.042,36.2198],[-114.0402,37.0031],[-109.0466,36.9998],[-109.0474,31.3274],[-111.0063,31.3272]]]}},{"type":"Feature","properties":{"id":"US-CA","name":"California","country":"United States of America","iso":"USA"},"geometry":{"type":"MultiPolygon","coordinates":[[[[-114.5359,32.7382],[-117.1251,32.5317],[-117.2262,32.6972],[-117.1151,32.6003],[-117.1332,32.6898],[-117.1746,32.7267],[-117.2553,32.6914],[-117.3222,33.1085],[-117.5088,33.3352],[-118.1174,33.7436],[-118.1929,33.7317],[-118.2215,33.7709],[-118.2546,33.7654],[-118.2768,33.7566],[-118.2913,33.7032],[-118.412,33.7417],[-118.5141,34.0222],[-119.1287,34.1005],[-119.5632,34.4148],[-120.4541,34.4428],[-120.6366,34.5629],[-120.6449,35.1394],[-120.8767,35.2238],[-120.8873,35.4329],[-121.2883,35.6648],[-121.5067,36.0033],[-121.8997,36.3044],[-121.9811,36.5837],[-121.7637,36.7221],[-121.8042,36.836],[-121.9056,36.9691],[-122.135,36.9657],[-122.3393,37.1186],[-122.5205,37.5314],[-122.5152,37.7811],[-122.4086,37.8104],[-122.3741,37.6042],[-122.1002,37.4551],[-122.0321,37.4634],[-122.2173,37.7585],[-122.3315,37.7824],[-122.3139,37.8858],[-122.4297,37.9643],[-122.3663,38.0123],[-121.69,38.0091],[-121.6067,38.0994],[-121.6128,38.0215],[-121.4454,38.0039],[-121.6041,38.1058],[-121.7787,38.036],[-121.6826,38.1472],[-121.8982,38.0532],[-122.0552,38.1337],[-122.1303,38.0421],[-122.3965,38.1532],[-122.5023,38.1135],[-122.4388,37.8821],[-122.5284,37.8164],[-122.9201,38.0653],[-122.9625,37.992],[-123.0275,37.9945],[-122.9963,38.2427],[-122.8257,38.0721],[-122.8323,38.0959],[-123.7262,38.9186],[-123.854,39.8335],[-124.3635,40.2615],[-124.4092,40.4438],[-124.2397,40.7587],[-124.2258,40.6861],[-124.0825,40.8435],[-124.2328,40.7666],[-124.0622,41.4359],[-124.1595,41.7367],[-124.2629,41.7764],[-124.2145,41.9995],[-120.0008,41.9995],[-120.0,38.9992],[-118.1262,37.6913],[-114.6282,35.0036],[-114.369,34.4715],[-114.1191,34.2932],[-114.5159,33.9636],[-114.5326,33.5686],[-114.7235,33.3212],[-114.6967,33.0894],[-114.5017,33.0194],[-114.4607,32.8549],[-114.5359,32.7382]]],[[[-118.3588,32.8278],[-118.4992,32.8506],[-118.6072,33.0309],[-118.5644,33.0238],[-118.3588,32.8278]]],[[[-119.5321,33.2863],[-119.4343,33.224],[-119.5789,33.2761],[-119.5321,33.2863]]],[[[-118.4636,33.3235],[-118.6039,33.4766],[-118.3692,33.4084],[-118.3043,33.309],[-118.4636,33.3235]]],[[[-120.0441,34.0373],[-119.9688,33.9411],[-120.1099,33.8931],[-120.2485,34.0011],[-120.0441,34.0373]]],[[[-120.3691,34.0762],[-120.3083,34.0182],[-120.4492,34.0359],[-120.3691,34.0762]]],[[[-119.5649,34.0553],[-119.8172,33.9593],[-119.933,34.0602],[-119.5649,34.0553]]],[[[-118.2675,33.747],[-118.2363,33.728],[-118.2576,33.7166],[-118.2675,33.747]]]]}},{"type":"Feature","properties":{"id":"US-NM","name":"New Mexico","country":"United States of America","iso":"USA"},"geometry":{"type":"Polygon","coordinates":[[[-106.5061,31.7703],[-108.2151,31.7778],[-108.2148,31.3274],[-109.0474,31.3274],[-109.0466,36.9998],[-103.0008,36.9998],[-103.0656,32.0017],[-106.6622,32.0003],[-106.5061,31.7703]]]}},{"type":"Feature","properties":{"id":"US-TX","name":"Texas","country":"United States of America","iso":"USA"},"geometry":{"type":"MultiPolygon","coordinates":[[[[-106.2092,31.4773],[-106.6622,32.0003],[-103.0656,32.0017],[-103.0421,36.4996],[-100.0024,36.4999],[-99.9993,34.5755],[-99.6808,34.3947],[-99.4165,34.3804],[-99.3624,34.4623],[-99.1759,34.2206],[-98.586,34.1571],[-98.4907,34.0752],[-98.1065,34.1497],[-97.9267,33.8731],[-97.6406,33.9945],[-97.4364,33.827],[-97.2118,33.9101],[-97.1441,33.7251],[-96.9327,33.9573],[-96.7484,33.8489],[-96.6008,33.9049],[-96.3288,33.7019],[-95.9379,33.8956],[-95.7833,33.8554],[-95.5981,33.9521],[-95.3571,33.8682],[-95.2203,33.9629],[-94.3874,33.5618],[-94.0473,33.5542],[-94.0432,31.9982],[-93.8401,31.7904],[-93.8296,31.5938],[-93.5148,31.042],[-93.7305,30.5657],[-93.7172,30.0798],[-93.9244,29.8656],[-93.8758,29.675],[-94.102,29.6706],[-94.7628,29.3665],[-94.701,29.4628],[-94.5045,29.526],[-94.486,29.5661],[-94.779,29.5299],[-94.7341,29.7822],[-94.9196,29.6553],[-95.0523,29.7497],[-95.0239,29.5422],[-94.8211,29.374],[-95.1705,29.2089],[-95.1589,29.0457],[-95.6019,28.7639],[-95.952,28.6887],[-95.9402,28.6257],[-95.7192,28.7155],[-96.2189,28.4895],[-95.9878,28.6448],[-96.2265,28.5871],[-96.1369,28.6267],[-96.1881,28.6909],[-96.3458,28.6353],[-96.3833,28.73],[-96.4448,28.7639],[-96.3697,28.6267],[-96.4276,28.5954],[-96.4932,28.5789],[-96.4471,28.6356],[-96.6509,28.7297],[-96.4932,28.5106],[-96.5476,28.4693],[-96.4038,28.4349],[-96.6537,28.3195],[-96.7933,28.4797],[-96.7823,28.2416],[-96.8802,28.1506],[-96.9451,28.1265],[-96.9103,28.2636],[-96.973,28.1339],[-97.014,28.209],[-97.1732,28.159],[-97.1491,28.0055],[-97.0211,28.1003],[-97.1841,27.8366],[-97.5211,27.8732],[-97.2596,27.6951],[-97.4112,27.335],[-97.5416,27.2904],[-97.4869,27.4002],[-97.6302,27.3002],[-97.7743,27.4685],[-97.6676,27.3109],[-97.7743,27.2978],[-97.4261,27.2637],[-97.4807,27.022],[-97.5628,26.9937],[-97.4813,26.8776],[-97.562,26.8379],[-97.3105,26.1233],[-97.212,26.0912],[-97.2556,25.9989],[-97.1518,26.075],[-97.1375,25.9745],[-97.366,25.8439],[-97.6599,26.0307],[-98.2227,26.0754],[-98.8013,26.3721],[-99.1064,26.423],[-99.2483,26.8271],[-99.4617,27.057],[-99.515,27.5886],[-99.8329,27.7768],[-100.0565,28.1379],[-100.2751,28.2772],[-100.669,29.1162],[-101.2339,29.6227],[-101.3122,29.5979],[-101.4051,29.7784],[-102.1093,29.8021],[-102.321,29.8939],[-102.4061,29.7773],[-102.691,29.7368],[-102.8588,29.2291],[-103.1228,28.9965],[-103.3866,29.0288],[-104.444,29.5892],[-104.6805,29.9423],[-104.6816,30.1929],[-104.9343,30.6105],[-106.2092,31.4773]]],[[[-97.3771,27.2078],[-97.1664,26.1028],[-97.3975,26.831],[-97.405,27.1252],[-97.3916,27.1931],[-97.3771,27.2078]]],[[[-97.2541,27.6597],[-97.044,27.8353],[-97.3975,27.2289],[-97.2541,27.6597]]],[[[-96.8802,28.1301],[-96.8501,28.0712],[-97.0344,27.852],[-96.9726,28.0099],[-96.8802,28.1301]]],[[[-96.4277,28.3933],[-96.4169,28.3288],[-96.8358,28.0712],[-96.8078,28.1876],[-96.4277,28.3933]]],[[[-96.3697,28.4069],[-96.3129,28.4586],[-96.2325,28.4895],[-96.2839,28.4477],[-96.3697,28.4069]]],[[[-94.8341,29.3598],[-94.7244,29.3332],[-95.1165,29.089],[-94.8341,29.3598]]]]}},{"type":"Feature","properties":{"id":"CO-CHO","name":"Choc\u00f3","country":"Colombia","iso":"COL"},"geometry":{"type":"MultiPolygon","coordinates":[[[[-77.4694,8.5378],[-77.3667,8.6784],[-76.9855,8.2562],[-76.9599,8.0652],[-77.1264,7.7809],[-76.5083,7.1863],[-76.5461,6.991],[-76.8166,7.0083],[-76.811,6.8626],[-76.9728,6.8102],[-76.7881,6.4835],[-76.798,6.3006],[-76.6738,6.1617],[-76.2582,6.174],[-76.1113,5.9756],[-76.0425,5.5773],[-76.1829,5.3519],[-76.0759,5.0357],[-76.5471,4.3917],[-76.4433,4.1883],[-76.7432,3.9946],[-77.2212,4.1681],[-77.2363,4.2653],[-77.3872,4.3472],[-77.3258,4.7525],[-77.258,4.7041],[-77.3486,4.8542],[-77.381,5.403],[-77.5592,5.5031],[-77.2459,5.7342],[-77.4844,6.1888],[-77.3454,6.5661],[-77.6963,6.8492],[-77.665,7.0156],[-77.8958,7.2351],[-77.7312,7.5303],[-77.7642,7.7057],[-77.58,7.5284],[-77.3397,7.7072],[-77.3004,7.9021],[-77.1633,7.9393],[-77.4694,8.5378]]],[[[-77.4352,4.1528],[-77.3601,4.2211],[-77.2852,4.2113],[-77.2986,4.1788],[-77.4352,4.1528]]],[[[-77.4281,4.341],[-77.2717,4.2585],[-77.5495,4.2048],[-77.4281,4.341]]]]}},{"type":"Feature","properties":{"id":"BR-AM","name":"Amazonas","country":"Brazil","iso":"BRA"},"geometry":{"type":"Polygon","coordinates":[[[-67.4397,2.1396],[-67.1172,1.7098],[-67.0861,1.176],[-66.8751,1.2225],[-66.2851,0.7458],[-66.1344,0.7311],[-65.596,0.9836],[-65.5185,0.8865],[-65.5427,0.6493],[-65.3272,0.9103],[-65.203,0.9238],[-65.1368,1.1269],[-64.7309,1.2476],[-64.409,1.5075],[-64.3529,1.3658],[-64.093,1.6226],[-63.995,1.958],[-63.7832,1.975],[-63.3865,2.2359],[-63.1481,2.1775],[-63.0306,2.0317],[-62.6987,1.9364],[-62.7868,1.6033],[-62.6153,1.4002],[-62.4482,0.8249],[-62.5447,0.7119],[-62.4812,0.5198],[-62.5856,-0.0111],[-62.304,-0.6095],[-62.387,-0.72],[-62.4957,-0.6949],[-62.5026,-0.7838],[-62.0276,-1.1443],[-61.8707,-1.3795],[-61.6016,-1.4183],[-61.5322,-0.7285],[-61.2166,-0.4949],[-60.9312,-0.5549],[-60.7367,-0.8495],[-60.3214,-0.6947],[-60.3859,-0.4637],[-60.0483,0.212],[-58.8705,0.2254],[-58.8537,-0.352],[-58.7301,-0.4467],[-58.7384,-0.6525],[-58.4483,-0.8476],[-58.3895,-1.049],[-57.6671,-1.5837],[-57.2547,-1.7162],[-56.7535,-2.0361],[-56.7395,-2.1811],[-56.3119,-2.2358],[-58.2944,-6.4969],[-58.4664,-6.7016],[-58.1355,-7.3391],[-58.3786,-7.8181],[-58.3055,-8.1048],[-58.4814,-8.7046],[-61.6113,-8.7686],[-61.7171,-8.6876],[-61.9194,-8.8728],[-62.1237,-8.7804],[-62.1755,-8.6011],[-62.2996,-8.5812],[-62.3813,-8.3742],[-62.5402,-8.3627],[-62.7444,-8.0494],[-63.5383,-8.0005],[-63.584,-8.1585],[-63.9888,-8.4288],[-63.9218,-8.5446],[-64.0051,-8.685],[-64.1343,-8.6941],[-64.1197,-8.9566],[-64.7785,-8.9867],[-65.0669,-9.4259],[-65.2113,-9.2532],[-65.7531,-9.5701],[-65.9527,-9.4036],[-66.3882,-9.4008],[-66.4921,-9.6247],[-66.8305,-9.838],[-70.3715,-8.1573],[-72.6637,-7.5916],[-73.8068,-7.1179],[-73.6851,-6.8119],[-73.1478,-6.4762],[-73.2348,-6.0776],[-72.9769,-5.6517],[-72.9179,-5.1321],[-72.6448,-5.0606],[-72.3861,-4.794],[-71.9072,-4.5184],[-70.9687,-4.3853],[-70.8322,-4.1794],[-70.6468,-4.1157],[-70.5853,-4.1945],[-70.3306,-4.1432],[-70.2056,-4.3429],[-70.1389,-4.2605],[-70.037,-4.3409],[-69.9718,-4.291],[-69.3995,-1.1827],[-69.6284,-0.7334],[-69.6198,-0.5246],[-70.068,-0.1601],[-70.0542,0.5881],[-69.4781,0.7328],[-69.2971,0.6181],[-69.1375,0.6501],[-69.1524,0.8678],[-69.2888,1.0384],[-69.8522,1.0594],[-69.8562,1.7077],[-69.542,1.7727],[-68.1633,1.7213],[-68.2802,1.8294],[-68.1922,2.0149],[-67.9288,1.7413],[-67.4397,2.1396]]]}},{"type":"Feature","properties":{"id":"CO-GUA","name":"Guain\u00eda","country":"Colombia","iso":"COL"},"geometry":{"type":"Polygon","coordinates":[[[-67.0652,1.1727],[-67.1172,1.7098],[-67.3817,2.1227],[-67.593,2.0548],[-67.9288,1.7413],[-68.1922,2.0149],[-68.2802,1.8294],[-68.1633,1.7213],[-69.542,1.7727],[-69.8412,1.7076],[-70.1639,1.8854],[-69.9945,2.2134],[-70.0373,2.2774],[-70.4929,2.2448],[-70.9085,2.6108],[-70.2815,2.942],[-70.3085,3.0839],[-70.1293,3.2043],[-70.0828,3.5255],[-69.6581,3.5325],[-69.6124,3.6863],[-69.4743,3.7157],[-69.2795,3.7289],[-69.0903,3.6094],[-68.5464,3.7959],[-68.3555,4.0199],[-68.1835,3.9221],[-68.0927,4.0054],[-67.877,3.9227],[-67.7169,4.0399],[-67.6318,3.7619],[-67.4998,3.7179],[-67.3046,3.4257],[-67.8559,2.7898],[-67.6266,2.8134],[-67.1897,2.3944],[-67.2173,2.2661],[-66.8835,1.3499],[-66.8751,1.2225],[-67.0652,1.1727]]]}},{"type":"Feature","properties":{"id":"CO-VAU","name":"Vaup\u00e9s","country":"Colombia","iso":"COL"},"geometry":{"type":"Polygon","coordinates":[[[-69.8412,1.7076],[-69.8522,1.0594],[-69.3388,1.0641],[-69.1524,0.8678],[-69.1623,0.6314],[-69.4781,0.7328],[-70.0542,0.5881],[-70.068,-0.1601],[-69.6198,-0.5246],[-69.6284,-0.7334],[-69.4429,-1.0084],[-69.4211,-1.2393],[-69.6506,-1.1605],[-69.7164,-0.9951],[-69.9315,-1.055],[-69.9028,-0.9161],[-70.0999,-0.9424],[-70.1384,-1.0714],[-70.2797,-0.9337],[-70.2127,-0.8524],[-70.305,-0.5342],[-70.2161,-0.4234],[-70.4483,-0.4656],[-70.5009,-0.3596],[-70.8473,-0.3213],[-70.9841,0.0009],[-71.847,0.3555],[-72.0358,0.664],[-71.5529,1.161],[-71.5051,1.1151],[-71.5524,1.262],[-71.3908,1.7322],[-71.2638,1.6734],[-70.9045,1.9186],[-70.6553,1.9043],[-70.105,2.1012],[-70.1566,1.8693],[-69.8412,1.7076]]]}},{"type":"Feature","properties":{"id":"CO-AMA","name":"Amazonas","country":"Colombia","iso":"COL"},"geometry":{"type":"Polygon","coordinates":[[[-69.4211,-1.2393],[-69.965,-4.2365],[-70.3111,-3.8293],[-70.4909,-3.8785],[-70.7341,-3.782],[-70.0506,-2.7151],[-70.095,-2.6326],[-70.5786,-2.4055],[-70.6476,-2.4508],[-70.9046,-2.2111],[-71.4208,-2.376],[-71.4565,-2.2551],[-71.4981,-2.3151],[-71.7461,-2.1323],[-72.1764,-2.4103],[-72.378,-2.4508],[-72.6443,-2.3341],[-72.7124,-2.4221],[-72.9354,-2.4253],[-73.1978,-2.2136],[-73.1111,-2.0734],[-73.193,-1.7887],[-73.5109,-1.6986],[-73.4972,-1.478],[-73.6366,-1.2552],[-73.8572,-1.2105],[-74.0769,-0.9909],[-74.2668,-0.9723],[-74.4147,-0.5638],[-73.7137,-0.3867],[-73.5542,-0.5206],[-73.3318,-0.5073],[-73.1653,-0.6084],[-72.9974,-0.5266],[-72.7499,-0.5592],[-72.5498,-0.6833],[-72.4219,-0.5566],[-72.2798,-0.6213],[-72.0369,-0.2596],[-71.7742,-0.2247],[-71.3223,0.1332],[-71.1739,0.1158],[-70.9715,-0.0128],[-70.8473,-0.3213],[-70.5009,-0.3596],[-70.4483,-0.4656],[-70.2161,-0.4234],[-70.305,-0.5342],[-70.2127,-0.8524],[-70.2797,-0.9337],[-70.1384,-1.0714],[-70.0999,-0.9424],[-69.9028,-0.9161],[-69.9315,-1.055],[-69.7164,-0.9951],[-69.6506,-1.1605],[-69.4211,-1.2393]]]}},{"type":"Feature","properties":{"id":"BR-RO","name":"Rond\u00f4nia","country":"Brazil","iso":"BRA"},"geometry":{"type":"Polygon","coordinates":[[[-65.4357,-10.6258],[-65.2848,-10.2068],[-65.2991,-9.8413],[-65.398,-9.6867],[-65.584,-9.8372],[-65.7886,-9.733],[-66.6489,-9.9159],[-66.8305,-9.838],[-66.4921,-9.6247],[-66.3882,-9.4008],[-65.9527,-9.4036],[-65.7531,-9.5701],[-65.2113,-9.2532],[-65.0779,-9.4317],[-64.7785,-8.9867],[-64.1197,-8.9566],[-64.1343,-8.6941],[-64.0051,-8.685],[-63.9218,-8.5446],[-63.9888,-8.4288],[-63.584,-8.1585],[-63.5383,-8.0005],[-62.8294,-8.0158],[-62.5402,-8.3627],[-62.3813,-8.3742],[-62.1237,-8.7804],[-61.9051,-8.8732],[-61.7171,-8.6876],[-61.5094,-8.8468],[-61.6113,-9.3201],[-61.4816,-9.6281],[-61.564,-9.7268],[-61.5794,-10.1309],[-61.471,-10.4348],[-61.521,-10.9677],[-60.4412,-11.0035],[-60.37,-11.1093],[-60.0016,-11.1443],[-59.9112,-11.3841],[-60.1014,-11.5998],[-60.1013,-11.7446],[-59.8234,-12.4083],[-60.042,-12.8753],[-60.2657,-13.0562],[-60.3838,-13.4203],[-60.7256,-13.6628],[-61.0472,-13.4646],[-61.8364,-13.5406],[-62.1147,-13.1502],[-62.7898,-13.0007],[-63.075,-12.6527],[-63.3179,-12.702],[-63.8014,-12.4549],[-63.9212,-12.5443],[-64.2875,-12.4971],[-64.4898,-12.3736],[-64.4894,-12.2395],[-64.9974,-11.9963],[-65.3873,-11.2776],[-65.2991,-10.9821],[-65.4357,-10.6258]]]}},{"type":"Feature","properties":{"id":"BR-MT","name":"Mato Grosso","country":"Brazil","iso":"BRA"},"geometry":{"type":"Polygon","coordinates":[[[-58.3396,-16.2893],[-60.1798,-16.222],[-60.2464,-15.4783],[-60.5822,-15.0989],[-60.2698,-15.0834],[-60.2917,-14.6301],[-60.4789,-14.1627],[-60.3872,-13.9833],[-60.4726,-13.7979],[-60.7256,-13.6628],[-60.3838,-13.4203],[-60.2657,-13.0562],[-60.042,-12.8753],[-59.8234,-12.4083],[-60.1013,-11.7446],[-60.1014,-11.5998],[-59.9112,-11.3841],[-60.0016,-11.1443],[-60.37,-11.1093],[-60.4412,-11.0035],[-61.5101,-10.9891],[-61.471,-10.4348],[-61.5794,-10.1309],[-61.564,-9.7268],[-61.4816,-9.6281],[-61.6113,-9.3201],[-61.4844,-8.9039],[-61.6113,-8.7686],[-58.5452,-8.7483],[-58.3055,-8.1048],[-58.3786,-7.8181],[-58.1355,-7.3391],[-57.6436,-8.2155],[-57.5911,-8.7449],[-57.093,-9.0576],[-57.0598,-9.219],[-56.8371,-9.2731],[-56.7701,-9.3979],[-50.2357,-9.844],[-50.5988,-10.6566],[-50.7411,-11.4713],[-50.6499,-11.6082],[-50.6751,-12.6151],[-50.4783,-12.8791],[-50.5995,-13.303],[-50.8664,-13.7161],[-50.8458,-14.0841],[-50.9596,-14.2358],[-50.9842,-14.5663],[-51.1597,-14.9626],[-51.412,-14.9954],[-51.6489,-15.1901],[-51.8716,-15.7925],[-52.2306,-15.8987],[-52.5325,-16.1521],[-52.6749,-16.3007],[-52.6155,-16.4261],[-52.7122,-16.6506],[-53.0194,-16.8679],[-53.2448,-17.5924],[-53.0538,-18.0166],[-53.9768,-17.9333],[-53.8751,-17.7053],[-53.7537,-17.6513],[-53.6892,-17.2502],[-54.1284,-17.6239],[-54.3837,-17.6759],[-54.6065,-17.505],[-55.1805,-17.6858],[-56.1026,-17.1874],[-56.4168,-17.3158],[-56.7563,-17.3182],[-57.0831,-17.7632],[-57.4722,-17.9473],[-57.7676,-17.7087],[-57.8144,-17.5197],[-58.3812,-17.2672],[-58.4803,-16.6837],[-58.3396,-16.2893]]]}},{"type":"Feature","properties":{"id":"CO-LAG","name":"La Guajira","country":"Colombia","iso":"COL"},"geometry":{"type":"Polygon","coordinates":[[[-71.3275,11.85],[-71.9906,11.6491],[-72.2671,11.1549],[-72.4993,11.1208],[-72.9152,10.4282],[-73.1396,10.4044],[-73.0752,10.63],[-73.285,10.8525],[-73.6058,10.8455],[-73.5656,11.2771],[-73.2924,11.294],[-72.7413,11.708],[-72.2631,11.886],[-72.1387,12.1046],[-72.1705,12.2343],[-71.9696,12.2551],[-72.0151,12.194],[-71.9376,12.1664],[-71.8711,12.256],[-71.9605,12.2827],[-71.6936,12.3653],[-71.6309,12.4274],[-71.7345,12.4137],[-71.6973,12.4643],[-71.2272,12.3054],[-71.1075,12.0749],[-71.3275,11.85]]]}},{"type":"Feature","properties":{"id":"CO-CES","name":"Cesar","country":"Colombia","iso":"COL"},"geometry":{"type":"Polygon","coordinates":[[[-72.9152,10.4282],[-72.9855,9.8122],[-73.4366,9.1163],[-73.4267,8.7819],[-73.5623,8.6086],[-73.5272,8.3805],[-73.4556,8.3241],[-73.3567,8.4392],[-73.4086,8.1276],[-73.2908,7.9459],[-73.4838,7.6815],[-73.7519,7.7409],[-73.6703,7.929],[-73.7964,8.2129],[-73.7622,8.4594],[-73.8704,8.8877],[-73.7998,9.0556],[-74.1371,9.4982],[-73.7842,9.5975],[-74.0662,10.0538],[-74.0505,10.1699],[-73.9064,10.3679],[-73.5709,10.5124],[-73.6058,10.8455],[-73.285,10.8525],[-73.0752,10.63],[-73.1396,10.4044],[-72.9152,10.4282]]]}},{"type":"Feature","properties":{"id":"CO-NSA","name":"Norte de Santander","country":"Colombia","iso":"COL"},"geometry":{"type":"Polygon","coordinates":[[[-73.0097,9.2954],[-72.9553,9.104],[-72.791,9.1139],[-72.6754,8.6515],[-72.3868,8.3386],[-72.3338,8.0655],[-72.4912,7.9375],[-72.4787,7.4845],[-72.2062,7.3819],[-71.9938,7.0129],[-72.1817,7.0401],[-72.3832,6.8784],[-72.5466,6.885],[-72.5607,6.9995],[-72.8794,7.0599],[-72.8423,7.3575],[-72.9913,7.6132],[-73.3603,7.5496],[-73.6403,7.7452],[-73.4528,7.6956],[-73.287,7.9604],[-73.4086,8.1276],[-73.3567,8.4392],[-73.462,8.3284],[-73.5622,8.5879],[-73.4267,8.7819],[-73.4366,9.1163],[-73.0097,9.2954]]]}},{"type":"Feature","properties":{"id":"CO-ARA","name":"Arauca","country":"Colombia","iso":"COL"},"geometry":{"type":"Polygon","coordinates":[[[-71.964,7.0059],[-71.6204,7.0521],[-71.184,6.9626],[-70.7033,7.0999],[-70.3191,6.9383],[-70.1292,6.9725],[-69.432,6.1222],[-69.8558,6.0263],[-70.1653,6.2675],[-70.7272,6.2091],[-71.2071,6.2741],[-72.1563,6.074],[-72.3506,6.2976],[-72.1363,6.5044],[-71.964,7.0059]]]}},{"type":"Feature","properties":{"id":"CO-BOY","name":"Boyac\u00e1","country":"Colombia","iso":"COL"},"geometry":{"type":"Polygon","coordinates":[[[-71.9938,7.0129],[-72.1363,6.5044],[-72.4157,6.2041],[-72.341,6.0789],[-72.4474,5.8542],[-72.2377,5.6831],[-72.3193,5.5061],[-72.4206,5.5577],[-72.6902,5.2779],[-72.8576,5.3458],[-73.1132,4.664],[-73.5453,4.9194],[-73.4759,5.0659],[-73.6538,5.4617],[-73.8126,5.562],[-74.0001,5.3743],[-74.2499,5.4908],[-74.3391,5.8257],[-74.6625,5.7719],[-74.5194,6.2823],[-74.4195,6.0736],[-74.27,6.0498],[-74.2575,5.8482],[-74.1745,5.9008],[-73.9732,5.7326],[-73.6487,5.7154],[-73.4993,6.1071],[-73.3819,6.001],[-73.4716,5.8477],[-73.403,5.7562],[-73.2192,5.9825],[-73.0169,5.9407],[-72.7546,6.2295],[-72.7916,6.5671],[-72.6616,6.4348],[-72.5506,6.4904],[-72.5049,6.9151],[-72.3832,6.8784],[-72.1817,7.0401],[-71.9938,7.0129]]]}},{"type":"Feature","properties":{"id":"CO-VID","name":"Vichada","country":"Colombia","iso":"COL"},"geometry":{"type":"Polygon","coordinates":[[[-67.4563,6.1932],[-67.4225,5.9782],[-67.6251,5.7845],[-67.617,5.5416],[-67.8437,5.2972],[-67.7931,5.0633],[-67.8751,4.5326],[-67.7141,4.0565],[-67.7971,3.9538],[-68.0927,4.0054],[-68.1694,3.9197],[-68.3555,4.0199],[-68.5464,3.7959],[-69.0903,3.6094],[-69.2795,3.7289],[-69.6032,3.692],[-69.6581,3.5325],[-70.0828,3.5255],[-70.1293,3.2043],[-70.3085,3.0839],[-70.2751,2.9604],[-70.3834,2.8468],[-70.4997,2.7845],[-70.6948,2.8694],[-70.7348,2.7825],[-71.0637,2.8686],[-71.0603,4.9194],[-70.6787,5.3894],[-70.1228,5.6209],[-69.8171,6.0548],[-69.3314,6.1564],[-69.2461,6.0807],[-69.0611,6.2178],[-68.6353,6.1359],[-68.019,6.2116],[-67.8272,6.3134],[-67.4563,6.1932]]]}},{"type":"Feature","properties":{"id":"RU-TYU","name":"Tyumen","country":"Russia","iso":"RUS"},"geometry":{"type":"Polygon","coordinates":[[[69.1861,55.3258],[68.9273,55.4337],[68.9456,55.2704],[68.4663,55.4067],[68.1749,55.5862],[68.1764,55.7096],[67.4467,55.735],[67.2974,55.959],[66.8211,55.9606],[66.7377,56.049],[66.4348,55.9532],[66.1856,56.068],[66.0149,55.9912],[65.6671,56.2735],[65.1567,56.2933],[65.2081,56.3681],[64.9672,56.5008],[64.9809,56.7466],[65.1743,56.7793],[65.2373,56.9236],[65.068,56.9078],[64.99,57.2373],[64.8293,57.3047],[64.8426,57.4511],[65.0023,57.593],[64.8393,57.6407],[65.4279,57.8339],[65.5396,57.7795],[66.1966,58.0325],[65.9902,58.3196],[65.9345,58.6144],[66.7407,58.6696],[66.779,58.932],[67.0709,58.9249],[67.7421,59.2119],[68.3581,59.2829],[68.5713,59.5742],[69.2952,59.7829],[69.0714,59.8974],[69.3061,59.9889],[70.3985,59.8175],[70.9856,59.8186],[71.1875,59.9089],[72.016,59.5593],[72.4372,59.3034],[72.5238,59.155],[72.9261,59.144],[72.95,59.0169],[73.0932,58.9523],[73.0321,58.8631],[75.1595,58.6502],[74.2063,58.1336],[73.0874,58.1463],[72.8612,58.0105],[72.1491,58.0262],[71.9889,58.1227],[71.2494,58.0765],[71.3016,58.3851],[70.8646,58.5346],[70.384,57.9223],[70.5799,57.5836],[70.6902,57.5678],[70.432,57.3838],[70.6547,57.258],[70.6124,57.2006],[70.7768,57.2094],[70.8001,57.3191],[71.0983,57.3391],[71.0924,57.2242],[71.6177,56.9529],[71.6717,56.832],[71.357,56.6711],[71.0596,56.7016],[71.0531,56.5444],[70.7804,56.4717],[70.9386,56.4043],[70.7684,56.2888],[70.9099,56.1318],[70.8609,55.984],[70.7622,55.9035],[70.4755,55.8765],[70.7539,55.8531],[70.5436,55.7103],[70.7471,55.5903],[70.487,55.4369],[70.3825,55.2062],[70.197,55.1335],[69.6739,55.334],[69.1861,55.3258]],[[70.7491,56.0195],[70.8006,56.0137],[70.8067,56.0434],[70.7491,56.0195]],[[70.7005,55.9539],[70.7503,55.9431],[70.7702,55.9501],[70.7005,55.9539]]]}},{"type":"Feature","properties":{"id":"RU-KGN","name":"Kurgan","country":"Russia","iso":"RUS"},"geometry":{"type":"Polygon","coordinates":[[[68.7342,55.3517],[68.6053,55.1956],[68.1771,55.1705],[68.3082,55.0728],[68.1661,54.9561],[65.9775,54.6117],[65.9328,54.7026],[65.744,54.6009],[65.4498,54.6275],[65.449,54.5566],[65.1982,54.5162],[65.1842,54.3104],[64.5785,54.3856],[64.0045,54.3197],[64.0079,54.2287],[63.8975,54.1942],[63.7086,54.2504],[63.3683,54.1628],[63.0919,54.3185],[63.1858,54.4093],[63.1345,54.4791],[63.2985,54.5262],[63.1921,54.6864],[62.5713,54.6247],[62.5639,54.7211],[62.4307,54.7253],[62.1057,54.6538],[62.0194,54.7285],[62.1234,54.8151],[61.9669,55.0007],[62.1983,54.9967],[62.2664,55.1048],[62.2261,55.2142],[62.0306,55.2728],[62.2414,55.3458],[62.1983,55.4384],[62.4651,55.4235],[62.5868,55.5091],[62.4567,55.5684],[62.549,55.6394],[62.5168,55.7378],[62.2642,55.8335],[62.3253,55.9574],[62.212,55.9434],[62.0718,56.1335],[62.0677,56.2807],[62.333,56.4692],[62.5422,56.5777],[62.6242,56.4984],[63.0011,56.598],[63.3567,56.5146],[63.4085,56.6241],[64.1733,56.4684],[64.2124,56.5943],[64.3611,56.6576],[64.3232,56.7469],[64.8382,56.8418],[64.9954,56.7683],[64.9672,56.5008],[65.2081,56.3681],[65.1567,56.2933],[65.6671,56.2735],[66.0149,55.9912],[66.1856,56.068],[66.4348,55.9532],[66.7377,56.049],[66.8211,55.9606],[67.2974,55.959],[67.4467,55.735],[68.1764,55.7096],[68.1749,55.5862],[68.7342,55.3517]]]}},{"type":"Feature","properties":{"id":"RU-OMS","name":"Omsk","country":"Russia","iso":"RUS"},"geometry":{"type":"MultiPolygon","coordinates":[[[[71.2647,54.6617],[71.006,54.7742],[70.9771,55.078],[70.8204,55.2941],[70.4686,55.2855],[70.475,55.4241],[70.7471,55.5903],[70.549,55.7262],[70.7656,55.838],[70.4755,55.8765],[70.7622,55.9035],[70.855,55.9737],[70.9099,56.1318],[70.7684,56.2888],[70.9386,56.4043],[70.7743,56.4597],[71.0531,56.5444],[71.0448,56.6947],[71.357,56.6711],[71.6733,56.8378],[71.6177,56.9529],[71.0924,57.2242],[71.0983,57.3391],[70.8001,57.3191],[70.7768,57.2094],[70.6124,57.2006],[70.6547,57.258],[70.432,57.3838],[70.6902,57.5678],[70.5799,57.5836],[70.384,57.9223],[70.8646,58.5346],[71.3016,58.3851],[71.2494,58.0765],[71.9889,58.1227],[72.1491,58.0262],[72.8612,58.0105],[73.0874,58.1463],[74.2063,58.1336],[75.1052,58.581],[75.3029,58.4869],[75.0691,58.3429],[75.2219,58.2221],[75.0804,58.1187],[75.5574,57.9314],[75.5839,57.6619],[76.1087,57.2503],[76.2848,56.7368],[75.8463,56.4621],[76.1386,56.4471],[76.1108,56.3236],[76.3138,56.1853],[75.7632,56.1412],[75.3111,55.8903],[75.3521,55.7679],[75.0869,55.7541],[75.234,55.6597],[75.1364,55.5971],[75.321,55.5405],[75.0975,55.3818],[75.3943,55.0374],[75.3374,54.9189],[75.5355,54.9002],[75.4995,54.8367],[75.65,54.8093],[75.8303,54.6146],[75.685,54.5305],[75.6912,54.1131],[75.3607,54.0595],[75.434,53.9865],[75.0279,53.8079],[74.772,53.8309],[74.6165,53.6807],[74.4535,53.685],[74.3884,53.4622],[74.2233,53.5946],[73.9042,53.6392],[73.6529,53.6092],[73.4109,53.43],[73.2297,53.6624],[73.4318,53.8654],[73.6829,53.8741],[73.7406,54.0579],[73.3603,53.9384],[73.0628,53.9791],[72.942,54.1218],[72.6242,54.135],[72.5031,54.0509],[72.7002,53.9576],[72.3922,53.9082],[72.3584,54.093],[72.4829,54.1356],[72.0432,54.378],[72.1776,54.136],[71.7625,54.2476],[71.6472,54.1086],[71.3206,54.201],[71.1613,54.102],[70.9708,54.305],[71.1906,54.3182],[71.1412,54.5638],[71.2647,54.6617]]],[[[70.7622,56.0307],[70.7876,56.0002],[70.739,56.0007],[70.7622,56.0307]]],[[[70.7065,55.9584],[70.7702,55.9501],[70.7012,55.9491],[70.7065,55.9584]]]]}},{"type":"Feature","properties":{"id":"RU-NVS","name":"Novosibirsk","country":"Russia","iso":"RUS"},"geometry":{"type":"Polygon","coordinates":[[[76.6646,54.1341],[76.8377,54.2969],[76.753,54.3767],[76.9105,54.4546],[76.4765,54.3231],[76.2148,54.3422],[76.1838,54.2516],[75.6912,54.1131],[75.685,54.5305],[75.8241,54.5909],[75.8021,54.6902],[75.4995,54.8367],[75.5292,54.9035],[75.3374,54.9189],[75.3943,55.0374],[75.0975,55.3818],[75.3226,55.5321],[75.1364,55.5971],[75.234,55.6597],[75.0944,55.7632],[75.3521,55.7679],[75.3111,55.8903],[75.7632,56.1412],[76.319,56.1913],[76.1108,56.3236],[76.1306,56.4517],[75.8463,56.4621],[76.2842,56.7262],[76.1087,57.2503],[78.4443,57.1613],[79.5898,56.9286],[80.2486,56.4547],[81.1223,56.5326],[81.5574,56.2583],[82.7611,56.4113],[82.8147,56.5236],[83.0851,56.5527],[83.2557,56.4394],[83.0697,56.2339],[83.2182,56.2084],[83.1183,56.1366],[83.2856,56.1038],[83.2309,56.0412],[83.4073,55.9006],[83.2278,55.7486],[83.2947,55.6824],[83.645,55.7012],[83.9697,56.0147],[84.5336,56.0389],[84.5063,55.8682],[84.6314,55.7685],[84.5513,55.7226],[84.771,55.5398],[84.6351,55.4087],[84.8755,55.3885],[84.8826,54.9853],[85.0761,54.8683],[84.9405,54.7314],[85.0794,54.4694],[84.6933,54.3374],[84.5319,54.1697],[83.5679,54.1264],[83.4061,53.9406],[83.2949,54.083],[83.1897,54.0654],[82.733,53.7869],[82.5432,53.5556],[82.6008,53.5068],[82.4855,53.4686],[82.1739,53.6015],[82.2051,53.6979],[81.8348,53.7131],[81.7261,53.8405],[81.8546,53.9686],[81.554,53.935],[81.5817,54.0167],[81.4736,54.0717],[81.1162,54.142],[80.9248,54.3961],[80.8017,54.3302],[80.8386,54.2571],[80.1285,54.0751],[79.5715,53.7327],[78.6656,53.6561],[78.6222,53.5257],[78.3766,53.4881],[78.2456,53.4999],[78.2045,53.6119],[77.9637,53.5766],[77.9263,53.5],[78.0577,53.4652],[77.7847,53.3274],[76.5257,53.9613],[76.3744,54.1478],[76.6646,54.1341]]]}},{"type":"Feature","properties":{"id":"RU-CHE","name":"Chelyabinsk","country":"Russia","iso":"RUS"},"geometry":{"type":"Polygon","coordinates":[[[63.3286,54.1631],[62.6291,54.0712],[62.5253,53.8719],[62.39,53.9416],[62.4127,54.0266],[62.0026,54.0174],[62.0036,53.932],[61.7913,54.0008],[61.5818,53.9477],[61.3377,54.0632],[61.1935,54.0183],[61.2108,53.9077],[60.9961,53.9414],[61.1991,53.7971],[60.8802,53.6328],[61.2807,53.5424],[61.503,53.589],[61.5553,53.5057],[61.4123,53.4358],[61.2353,53.503],[61.1627,53.2992],[62.0507,53.1248],[62.0942,52.9925],[60.9746,52.9712],[61.0584,52.9222],[60.6726,52.6722],[61.0399,52.335],[60.6722,52.1443],[60.0298,51.9926],[59.9137,52.1004],[60.1495,52.2776],[60.144,52.4261],[59.2728,52.4941],[59.175,52.2774],[58.9765,52.4303],[58.8005,52.4389],[58.8385,52.5406],[58.7237,52.6451],[58.836,53.0008],[59.0276,53.015],[58.8228,53.2114],[58.9234,53.9352],[59.1538,53.9842],[59.3222,54.1816],[59.729,54.1387],[59.8029,54.2545],[59.6667,54.3397],[59.7463,54.4471],[59.6795,54.4981],[59.87,54.6133],[59.944,54.8574],[59.6315,54.9111],[59.2278,54.6112],[58.6138,54.4703],[58.3542,54.5466],[57.9611,54.3924],[57.5813,54.6733],[57.1651,54.819],[57.2443,54.9512],[57.1369,55.0921],[57.2567,55.258],[57.518,55.334],[58.144,55.209],[57.9638,55.1671],[58.0008,54.9167],[58.299,55.1737],[58.4335,55.0569],[58.3874,54.9998],[58.551,54.9527],[58.8157,55.0249],[58.5776,55.1615],[58.7448,55.1557],[58.803,55.2136],[58.7268,55.2575],[58.9208,55.2785],[58.872,55.3233],[58.9974,55.2442],[59.2013,55.4501],[59.6414,55.5653],[59.2397,55.5844],[59.3443,55.644],[59.313,55.7747],[59.1539,55.7995],[59.2298,55.9058],[59.1735,56.0055],[59.2961,56.1309],[58.9973,56.2086],[59.1346,56.206],[59.1944,56.3518],[59.7887,56.2326],[60.909,56.1881],[61.1566,56.2216],[61.0842,56.3257],[61.1501,56.3758],[61.3732,56.3691],[62.1262,56.1275],[62.212,55.9434],[62.3443,55.9261],[62.2563,55.8412],[62.5168,55.7378],[62.549,55.6394],[62.4567,55.5684],[62.5855,55.5045],[62.4651,55.4235],[62.2054,55.442],[62.2414,55.3458],[62.0346,55.2937],[62.2695,55.1305],[62.1983,54.9967],[61.9702,55.0213],[62.1234,54.8151],[62.0248,54.7165],[62.1472,54.6444],[62.5516,54.7278],[62.5889,54.6242],[63.1921,54.6864],[63.2985,54.5262],[63.1345,54.4791],[63.1858,54.4093],[63.0919,54.3185],[63.3264,54.2536],[63.3286,54.1631]]]}},{"type":"Feature","properties":{"id":"RU-ALT","name":"Altai Republic","country":"Russia","iso":"RUS"},"geometry":{"type":"Polygon","coordinates":[[[79.0428,51.9925],[77.7847,53.3274],[78.0577,53.4652],[77.9253,53.5648],[78.2045,53.6119],[78.2456,53.4999],[78.3766,53.4881],[78.6222,53.5257],[78.6656,53.6561],[79.4419,53.693],[79.8624,53.8577],[80.1285,54.0751],[80.8386,54.2571],[80.8017,54.3302],[80.9248,54.3961],[81.1162,54.142],[81.4736,54.0717],[81.5817,54.0167],[81.554,53.935],[81.8546,53.9686],[81.7261,53.8405],[81.8348,53.7131],[82.2051,53.6979],[82.1739,53.6015],[82.4855,53.4686],[82.6008,53.5068],[82.5432,53.5556],[82.733,53.7869],[83.1897,54.0654],[83.2949,54.083],[83.4061,53.9406],[83.5679,54.1264],[83.9053,54.0954],[84.2656,54.2157],[84.4579,54.1416],[84.6933,54.3374],[85.16,54.4872],[85.4348,54.2115],[85.6029,54.2339],[86.1392,53.9878],[86.5688,53.538],[87.0054,53.5081],[86.8695,53.2979],[86.6666,53.2499],[87.077,53.0752],[86.9441,52.8551],[87.1875,52.635],[86.8498,52.6512],[86.7113,52.5126],[86.6158,52.3786],[86.8114,52.288],[86.7739,52.1131],[86.4985,52.1185],[86.3684,52.0102],[85.921,52.0721],[85.8765,51.9194],[85.7403,51.8606],[85.7454,51.7297],[85.5368,51.7001],[85.4713,51.5685],[84.2791,51.283],[84.1441,51.1197],[84.0144,51.1376],[84.0102,51.0671],[84.5057,50.9599],[84.6087,50.8362],[84.5416,50.6911],[84.0886,50.6346],[83.8205,50.868],[83.3238,51.0024],[83.1076,50.9927],[82.9759,50.8819],[82.7265,50.9007],[82.4758,50.714],[81.4602,50.7303],[81.4008,50.9591],[81.0515,50.9557],[81.152,51.1865],[80.6828,51.302],[80.422,51.1876],[80.439,50.9581],[80.0154,50.8395],[80.055,50.7529],[79.0428,51.9925]]]}},{"type":"Feature","properties":{"id":"RU-ORE","name":"Orenburg","country":"Russia","iso":"RUS"},"geometry":{"type":"Polygon","coordinates":[[[59.9137,52.1004],[60.0608,51.8587],[60.4798,51.7843],[60.3759,51.6625],[60.9374,51.6112],[61.0294,51.4827],[61.4738,51.4258],[61.6637,51.2584],[61.5342,51.2061],[61.404,50.8026],[60.7185,50.6527],[60.3004,50.6847],[60.0213,50.8541],[59.8157,50.5629],[59.5228,50.4746],[59.4517,50.5373],[59.5634,50.5799],[59.4376,50.6311],[58.6644,50.7899],[58.5502,50.8933],[58.595,51.0234],[58.3084,51.15],[58.1676,51.0552],[57.7688,51.1197],[57.7224,50.9087],[57.4676,50.8585],[57.1545,51.1],[56.7161,51.0725],[56.6884,50.9691],[56.4783,51.073],[56.3155,50.8838],[56.1584,50.9055],[56.0789,50.7248],[55.66,50.53],[54.6382,51.0277],[54.503,50.9283],[54.6382,50.8857],[54.6763,50.6025],[54.4994,50.5233],[54.3798,50.6194],[54.4786,50.8535],[54.2758,50.9043],[53.9359,51.1856],[53.6739,51.2199],[53.6103,51.3884],[53.4073,51.4842],[52.5458,51.4595],[52.3078,51.7745],[52.0918,51.6587],[51.8692,51.6731],[51.6933,51.4541],[51.5843,51.5349],[51.3042,51.4716],[51.2365,51.5359],[51.3719,51.6296],[50.767,51.7594],[51.4152,52.1027],[51.4129,52.35],[51.5627,52.4473],[51.4712,52.5274],[51.5398,52.6769],[51.727,52.6644],[51.728,52.8695],[52.1579,53.1026],[52.0586,53.1391],[52.1926,53.3752],[52.08,53.5141],[52.4847,54.0585],[52.2712,54.1184],[52.3486,54.2174],[52.2037,54.2987],[52.5385,54.3772],[52.936,54.2685],[53.0591,54.3343],[53.1075,54.247],[52.9384,54.2138],[53.0672,54.0735],[53.3717,53.9692],[53.4705,54.0457],[53.6599,53.7463],[54.0938,53.4244],[54.9266,53.2195],[55.1618,52.8232],[55.4067,52.8371],[55.3538,52.7654],[55.4202,52.7129],[55.2852,52.7326],[55.2491,52.6478],[55.545,52.5938],[55.5358,52.3887],[55.8613,52.3735],[56.0543,52.6447],[56.2706,52.5542],[56.4279,52.5951],[56.3596,52.5021],[56.4514,52.3088],[56.1909,52.1727],[56.6217,52.1238],[56.7371,51.9052],[56.6079,51.822],[56.7538,51.7688],[56.7801,51.5922],[56.8897,51.6248],[56.7994,51.7521],[56.9955,51.7309],[57.1977,51.5721],[57.6333,51.7647],[57.678,51.8685],[58.1598,51.7392],[58.5448,51.7712],[58.6942,52.0488],[58.6061,52.1805],[58.9397,52.2934],[58.8135,52.3626],[58.8673,52.4525],[59.175,52.2774],[59.2728,52.4941],[60.1368,52.4293],[60.1495,52.2776],[59.9137,52.1004]],[[52.2291,53.3549],[52.3005,53.3802],[52.2505,53.3949],[52.2291,53.3549]]]}},{"type":"Feature","properties":{"id":"RU-SAR","name":"Saratov","country":"Russia","iso":"RUS"},"geometry":{"type":"Polygon","coordinates":[[[50.6618,51.9542],[50.7907,51.5973],[50.5817,51.6353],[50.3254,51.3035],[49.7791,51.1022],[49.4365,51.1123],[49.3694,50.8268],[48.8304,50.596],[48.5683,50.6365],[48.6734,50.5795],[48.7828,50.1115],[48.8857,50.0199],[48.4299,49.8097],[48.2393,49.8648],[47.9932,50.1818],[47.6247,50.4408],[47.2395,50.3785],[47.2021,50.508],[46.9384,50.4889],[46.7163,50.6897],[46.5756,50.6987],[46.4698,50.5482],[46.0938,50.5261],[46.0649,50.6632],[45.8107,50.7736],[45.6782,50.7295],[45.6676,50.5936],[45.2282,50.5884],[45.2547,50.6786],[45.17,50.7152],[45.3081,50.8768],[45.0425,51.1263],[44.4463,51.2116],[44.2103,51.1935],[44.1617,51.0926],[44.0081,51.083],[43.9896,51.1737],[43.3298,51.0177],[42.8729,51.2313],[42.8609,51.3814],[42.4796,51.6765],[42.806,52.0122],[42.7515,52.1738],[42.9199,52.3697],[43.1753,52.4621],[44.3467,52.3161],[44.5373,52.4264],[44.5481,52.5524],[45.0452,52.3209],[45.1399,52.4205],[45.4315,52.4005],[45.6444,52.5186],[45.9806,52.4072],[45.9749,52.4922],[46.1505,52.598],[46.5821,52.7308],[47.0619,52.5702],[47.7078,52.5812],[47.8434,52.7231],[48.0196,52.6797],[48.0851,52.7204],[47.9978,52.7544],[48.2522,52.8101],[48.437,52.7804],[48.3558,52.6642],[48.691,52.6448],[48.8907,52.411],[49.287,52.4935],[49.3196,52.3904],[49.4993,52.3279],[49.5837,52.3976],[49.8123,52.1931],[50.2215,52.1299],[50.1675,52.0236],[50.6618,51.9542]]]}},{"type":"Feature","properties":{"id":"RU-AST","name":"Astrakhan","country":"Russia","iso":"RUS"},"geometry":{"type":"MultiPolygon","coordinates":[[[[46.6202,48.6696],[46.4783,48.4106],[47.0989,48.2654],[47.1036,48.1012],[47.192,48.0718],[47.0442,47.9862],[47.1406,47.7927],[47.3597,47.6833],[47.4122,47.8359],[48.0445,47.7697],[48.5251,47.4102],[49.0063,46.7691],[48.764,46.6828],[48.5567,46.7617],[48.4551,46.6608],[48.5394,46.568],[48.918,46.4743],[49.2985,46.2518],[49.1502,46.3358],[49.0589,46.2518],[49.1145,46.1513],[48.627,46.0873],[48.729,46.02],[48.6548,45.9569],[48.7522,45.9656],[48.7914,45.8409],[48.7163,45.8135],[48.5734,45.9711],[48.2887,45.8373],[48.2428,45.7099],[47.8591,45.7242],[47.8182,45.6081],[47.5601,45.7716],[47.6537,45.5591],[47.3967,45.7529],[47.5677,45.5536],[47.3646,45.6854],[46.889,45.5783],[47.1738,46.1048],[46.8402,46.0755],[46.8696,46.2393],[46.493,46.2857],[46.6636,46.429],[46.9541,46.4341],[46.9387,46.5713],[47.2135,46.7423],[46.8009,47.0036],[46.5156,47.3926],[46.8059,47.5782],[46.6654,47.6241],[46.3462,47.4333],[46.1163,47.5024],[45.7341,47.8435],[45.7221,48.0291],[45.5469,47.9971],[44.9842,48.2732],[45.1939,48.4842],[45.3749,48.4641],[45.2102,48.5361],[45.6183,48.5955],[46.0149,48.867],[46.298,48.84],[46.6202,48.6696]]],[[[47.9971,45.5205],[47.9177,45.5701],[47.957,45.6505],[47.9971,45.5205]]]]}},{"type":"Feature","properties":{"id":"RU-VGG","name":"Volgograd","country":"Russia","iso":"RUS"},"geometry":{"type":"Polygon","coordinates":[[[47.4345,50.3765],[47.2948,50.2754],[47.3087,50.0448],[46.8999,49.8203],[46.7751,49.3325],[47.04,49.1503],[46.7538,48.9141],[46.6202,48.6696],[46.0325,48.8689],[45.6183,48.5955],[45.2471,48.5565],[45.3717,48.4592],[45.1939,48.4842],[44.9842,48.2732],[45.3006,48.0977],[44.9546,48.2085],[44.8297,48.0717],[44.569,48.0565],[44.5348,48.2055],[44.3111,48.2582],[44.3281,48.0638],[44.4652,48.0388],[44.3891,47.8683],[44.0588,47.9005],[43.9743,47.7668],[43.7052,47.6831],[43.6671,47.446],[43.2257,47.4502],[43.1365,47.5743],[42.9451,47.5166],[42.731,47.8516],[42.4919,48.0136],[42.0206,48.0375],[42.099,48.1609],[42.0495,48.2599],[42.1465,48.2872],[42.0779,48.4113],[42.6286,48.548],[42.7451,48.8047],[42.6628,48.9673],[42.3926,49.0531],[42.3438,49.1521],[42.0706,49.1519],[42.072,49.5018],[42.1787,49.6862],[41.4924,50.0836],[41.3621,50.2263],[41.5086,50.3921],[41.4189,50.5022],[41.5258,50.5987],[41.1658,50.7775],[41.9475,51.2042],[42.2828,51.1328],[42.8441,51.2362],[43.3598,51.0148],[43.9824,51.1731],[44.0081,51.083],[44.1617,51.0926],[44.2103,51.1935],[44.4463,51.2116],[45.1883,51.0514],[45.3127,50.8475],[45.17,50.7152],[45.2547,50.6786],[45.2282,50.5884],[45.6676,50.5936],[45.6782,50.7295],[45.8107,50.7736],[46.0649,50.6632],[46.0938,50.5261],[46.4698,50.5482],[46.5756,50.6987],[46.7076,50.6909],[46.9288,50.4927],[47.1937,50.5104],[47.2395,50.3785],[47.4345,50.3765]]]}},{"type":"Feature","properties":{"id":"US-AK","name":"Alaska","country":"United States of America","iso":"USA"},"geometry":{"type":"MultiPolygon","coordinates":[[[[-141.0056,69.6509],[-140.9949,60.3044],[-140.0158,60.1874],[-139.6798,60.3268],[-139.0795,60.341],[-139.1821,60.0734],[-138.7049,59.8985],[-138.5992,59.7538],[-137.6114,59.2393],[-137.4869,58.9001],[-136.8408,59.1482],[-136.5695,59.1722],[-136.4676,59.4616],[-136.2447,59.5282],[-136.3503,59.5924],[-135.4828,59.7925],[-135.2599,59.6982],[-135.0185,59.5594],[-135.0958,59.4189],[-134.9578,59.281],[-134.6921,59.2352],[-134.2222,58.8427],[-133.8311,58.718],[-133.3922,58.4039],[-133.415,58.3305],[-132.231,57.1968],[-132.3412,57.0804],[-132.0319,57.0284],[-132.1074,56.8588],[-131.8716,56.7935],[-131.8256,56.5933],[-131.5604,56.5941],[-130.7603,56.3452],[-130.404,56.1219],[-130.0715,56.0841],[-130.0196,55.908],[-130.1737,55.7495],[-129.9892,55.284],[-130.3654,54.9073],[-130.6913,54.7626],[-130.7525,54.9694],[-130.7452,54.8217],[-130.9342,54.8244],[-130.971,55.0612],[-130.7203,55.081],[-130.4616,55.3319],[-130.7599,55.097],[-131.057,55.1263],[-130.9247,55.294],[-130.6125,55.2971],[-130.8619,55.3122],[-130.9204,55.8105],[-131.1964,55.9714],[-131.0097,56.1126],[-131.9147,55.8594],[-131.7638,55.7973],[-131.8805,55.5987],[-132.004,55.6676],[-131.9614,55.501],[-132.1716,55.5885],[-132.2662,55.7563],[-132.0462,55.8173],[-131.963,56.1574],[-131.5795,56.1791],[-131.4895,56.2225],[-131.9078,56.2327],[-131.9801,56.3659],[-132.161,56.3802],[-132.2033,56.4713],[-132.3449,56.529],[-132.305,56.6402],[-132.5402,56.6315],[-132.3597,56.8184],[-132.5148,56.7554],[-132.7614,56.8458],[-132.922,56.9829],[-132.7677,56.9697],[-132.7954,57.0927],[-132.8777,57.0213],[-133.1652,57.086],[-133.1676,57.1696],[-133.317,57.1025],[-133.552,57.1815],[-133.4719,57.2819],[-133.2548,57.2811],[-133.0584,57.3319],[-133.0381,57.3671],[-133.4195,57.3439],[-133.3359,57.4382],[-133.4542,57.4318],[-133.4974,57.5316],[-133.3131,57.593],[-133.5914,57.5746],[-133.6483,57.7028],[-133.5663,57.7165],[-133.0455,57.5036],[-133.004,57.5179],[-133.5289,57.7509],[-133.552,57.9151],[-133.1241,57.8571],[-133.5543,57.9294],[-133.6864,57.7907],[-133.8612,57.9567],[-133.6914,57.942],[-133.765,58.0622],[-133.6824,58.1553],[-133.8644,57.987],[-134.0597,58.0722],[-134.0045,58.4086],[-133.7718,58.5246],[-133.9766,58.5048],[-134.1579,58.2043],[-134.498,58.3539],[-134.7562,58.3815],[-134.9914,58.6829],[-134.9157,58.6556],[-134.9504,58.8201],[-135.0255,58.7375],[-135.149,58.8437],[-135.3618,59.2708],[-135.3483,59.4706],[-135.4144,59.3006],[-135.5538,59.3198],[-135.3595,59.2138],[-135.3074,59.087],[-135.5538,59.2304],[-135.375,59.087],[-135.3858,58.9543],[-135.1627,58.6345],[-135.2262,58.6123],[-135.0573,58.3515],[-135.0938,58.2373],[-135.3505,58.2768],[-135.4849,58.484],[-135.478,58.3738],[-135.6275,58.4263],[-135.9094,58.3813],[-135.8759,58.4632],[-135.9503,58.4564],[-135.9503,58.4632],[-135.848,58.47],[-135.8896,58.5799],[-135.8207,58.6003],[-136.0739,58.8126],[-135.773,58.9045],[-136.0465,58.861],[-136.1574,59.0376],[-136.2247,58.9225],[-136.1178,58.9333],[-136.0999,58.8537],[-136.2097,58.7508],[-136.4752,58.8366],[-136.4923,58.9709],[-136.5741,58.9157],[-136.712,59.0256],[-136.6335,58.8918],[-137.0595,59.0637],[-136.9037,58.9324],[-137.013,58.9225],[-137.1297,58.8263],[-136.9947,58.8934],[-136.5876,58.8483],[-136.4848,58.7996],[-136.6499,58.8201],[-136.5159,58.7024],[-136.3426,58.6916],[-136.5257,58.614],[-136.293,58.6693],[-136.0267,58.3881],[-136.2728,58.313],[-136.5059,58.4427],[-136.5611,58.3738],[-136.4101,58.3793],[-136.3706,58.2995],[-136.6205,58.3539],[-136.5611,58.2578],[-136.6648,58.2204],[-136.8605,58.3824],[-137.6315,58.6062],[-137.4381,58.6556],[-137.6706,58.6332],[-138.2879,59.0808],[-138.61,59.128],[-138.4491,59.1916],[-138.6305,59.1422],[-139.857,59.5463],[-139.4801,59.7044],[-139.6211,59.8903],[-139.4732,59.9936],[-139.3052,59.8647],[-139.2899,59.5762],[-139.2264,59.6214],[-139.2804,59.8337],[-139.0364,59.8469],[-138.9453,59.8071],[-138.8974,59.8132],[-139.0283,59.8615],[-139.239,59.8783],[-139.5209,60.0515],[-139.849,59.8194],[-140.3227,59.7012],[-141.454,59.8821],[-141.2673,59.9556],[-141.3777,60.1422],[-141.4776,60.1111],[-141.3929,60.022],[-141.6735,59.9611],[-142.7985,60.1124],[-143.9186,59.997],[-144.2496,60.0323],[-144.0026,60.0397],[-144.2526,60.1546],[-144.1964,60.2056],[-144.5711,60.1906],[-144.9416,60.3066],[-144.7908,60.4649],[-144.887,60.4854],[-144.7606,60.6728],[-144.6228,60.717],[-144.7561,60.684],[-145.2695,60.3571],[-145.9388,60.4561],[-145.629,60.6791],[-146.2632,60.6537],[-146.0261,60.7448],[-146.0434,60.801],[-146.4823,60.687],[-146.6957,60.7448],[-146.0931,60.841],[-146.6283,60.8273],[-146.7533,60.955],[-146.5858,60.9447],[-146.6998,60.9769],[-146.5705,61.0307],[-146.6479,61.0738],[-146.278,61.1227],[-146.6094,61.1308],[-146.9767,60.9458],[-147.2879,61.007],[-147.2573,60.9379],[-147.3646,60.8913],[-147.4499,60.9025],[-147.4226,61.0124],[-147.5421,60.9133],[-147.484,61.0738],[-147.5611,61.1559],[-147.6653,61.0146],[-147.599,60.8691],[-147.7305,60.8895],[-147.7031,60.9509],[-147.813,60.8758],[-147.7546,60.841],[-147.8702,60.8377],[-147.9381,60.9088],[-148.0504,60.9501],[-147.7021,61.2132],[-147.7305,61.2799],[-148.0494,61.0266],[-148.1459,61.1179],[-148.4095,61.0601],[-148.4498,60.9919],[-148.1488,61.0601],[-148.3331,60.9714],[-148.3072,60.8527],[-148.3958,60.8616],[-148.3329,60.8194],[-148.5234,60.8404],[-148.7037,60.7927],[-148.4498,60.8001],[-148.6112,60.7629],[-148.6675,60.6745],[-148.3747,60.7796],[-148.4299,60.6287],[-148.2307,60.7728],[-148.255,60.7186],[-148.1966,60.6287],[-148.337,60.5406],[-148.4885,60.5822],[-148.6899,60.4572],[-148.4702,60.5462],[-148.2375,60.4575],[-148.0836,60.6049],[-147.9359,60.4612],[-148.3909,60.2774],[-148.443,60.1837],[-148.1003,60.2209],[-148.1888,60.1348],[-148.3331,60.1701],[-148.4354,59.9593],[-148.546,60.0323],[-148.6456,59.9232],[-149.1069,59.969],[-149.0388,60.0528],[-149.1031,60.0581],[-149.2859,59.8747],[-149.4087,60.1237],[-149.3889,59.9975],[-149.6279,59.8283],[-149.5267,59.7176],[-149.6359,59.7449],[-149.7247,59.9641],[-149.7659,59.8397],[-149.8681,59.848],[-149.7461,59.6672],[-150.0317,59.7993],[-149.9165,59.7176],[-150.0127,59.6282],[-150.1193,59.7003],[-150.0878,59.5947],[-150.348,59.47],[-150.2244,59.7154],[-150.4795,59.4674],[-150.5533,59.5357],[-150.4925,59.6009],[-150.657,59.5525],[-150.6093,59.4387],[-150.9177,59.3266],[-150.9586,59.2037],[-151.2435,59.3184],[-151.0972,59.2326],[-151.7415,59.1671],[-151.9772,59.2794],[-151.8152,59.3539],[-151.894,59.4128],[-151.6891,59.4803],[-151.3822,59.4448],[-151.4415,59.5322],[-151.1741,59.6001],[-150.9928,59.779],[-151.4726,59.6357],[-151.4105,59.6077],[-151.8718,59.7495],[-151.725,60.0249],[-151.306,60.3869],[-151.2828,60.5371],[-151.3969,60.738],[-150.387,61.0473],[-150.2253,60.9372],[-149.7529,60.9738],[-149.0258,60.8547],[-150.0673,61.1557],[-149.6834,61.3994],[-149.2456,61.499],[-149.4282,61.5132],[-149.7574,61.4534],[-149.9838,61.2463],[-150.4996,61.2617],[-150.5403,61.3693],[-151.1771,61.0539],[-151.5668,60.9945],[-151.8077,60.8479],[-151.7114,60.7257],[-152.0514,60.6732],[-152.3296,60.4925],[-152.2459,60.396],[-152.5963,60.2285],[-152.9386,60.3135],[-153.0826,60.2998],[-152.5786,60.0701],[-152.7379,59.9084],[-153.2434,59.8625],[-153.2881,59.82],[-153.0001,59.8132],[-153.1662,59.664],[-153.4252,59.6494],[-153.3222,59.7176],[-153.4526,59.7927],[-153.4907,59.6501],[-153.7064,59.632],[-153.5864,59.5675],[-153.8771,59.5463],[-153.7515,59.4403],[-154.1453,59.3812],[-153.9534,59.3613],[-154.2613,59.1484],[-154.1651,59.0256],[-153.7115,59.0707],[-153.2642,58.8574],[-154.1105,58.4775],[-154.0002,58.3856],[-154.3644,58.2851],[-154.1213,58.2797],[-154.3023,58.1963],[-154.2468,58.1264],[-154.337,58.1621],[-154.3528,58.0822],[-154.4941,58.2031],[-154.4698,58.0898],[-154.6108,58.1206],[-154.5831,58.025],[-155.0231,58.0256],[-155.1253,57.9567],[-155.0687,57.8974],[-155.337,57.8332],[-155.3103,57.7404],[-155.6051,57.7922],[-155.5908,57.6755],[-155.7714,57.6447],[-155.7416,57.5521],[-156.0205,57.5768],[-156.1047,57.5316],[-156.0607,57.4302],[-156.2146,57.4763],[-156.5446,57.3227],[-156.34,57.2853],[-156.4474,57.2299],[-156.3759,57.1433],[-156.6454,57.0586],[-156.5498,56.9829],[-156.7848,57.0491],[-156.8094,56.9067],[-156.9613,56.9766],[-156.9409,56.9145],[-157.191,56.8497],[-157.1894,56.7763],[-157.4197,56.8674],[-157.4063,56.7637],[-157.6056,56.7222],[-157.4827,56.6203],[-157.7729,56.6844],[-158.1332,56.5303],[-157.869,56.569],[-157.8771,56.4782],[-158.431,56.4381],[-158.6464,56.2707],[-158.5372,56.2498],[-158.473,56.3428],[-158.2082,56.2839],[-158.4144,56.2021],[-158.1195,56.2362],[-158.3597,56.1269],[-158.4097,56.1808],[-158.4076,56.0784],[-158.5032,56.1016],[-158.4276,56.0065],[-158.6047,56.0523],[-158.4792,56.1915],[-158.6396,56.2021],[-158.5646,56.1679],[-158.7023,56.1474],[-158.6829,55.9584],[-158.8594,56.0129],[-158.9283,55.9208],[-159.3559,55.8795],[-159.4217,55.7905],[-159.545,55.8896],[-159.5037,55.7669],[-159.6265,55.5783],[-159.7569,55.5987],[-159.617,55.6352],[-159.7097,55.6676],[-159.6252,55.8127],[-159.8458,55.8512],[-160.0381,55.7973],[-160.0654,55.7011],[-160.1554,55.7365],[-160.1641,55.6571],[-160.4421,55.6466],[-160.3664,55.6055],[-160.4952,55.4862],[-160.6135,55.6055],[-160.7681,55.5454],[-160.6834,55.4647],[-160.9246,55.5191],[-161.2792,55.3549],[-161.5184,55.3834],[-161.3887,55.5722],[-161.1449,55.535],[-161.6208,55.613],[-161.9024,55.2178],[-162.046,55.2356],[-162.0013,55.0932],[-162.128,55.103],[-162.1013,55.1679],[-162.2309,55.1127],[-162.2021,55.0399],[-162.4493,55.0403],[-162.5174,55.1147],[-162.3607,55.1053],[-162.6453,55.3],[-162.7183,55.2179],[-162.6141,55.1663],[-162.5599,54.9612],[-162.6495,55.053],[-162.8776,54.939],[-163.1831,55.1391],[-163.2055,55.019],[-163.0499,54.9418],[-163.3414,54.8111],[-163.3898,54.8589],[-163.2799,54.9135],[-163.3476,54.9408],[-163.246,54.97],[-163.3345,55.1195],[-163.0247,55.2456],[-163.0765,55.1806],[-162.962,55.169],[-162.6418,55.3803],[-162.4971,55.374],[-162.5289,55.4479],[-162.6214,55.4069],[-161.8,55.8897],[-161.1553,56.017],[-161.3675,55.9556],[-160.8741,55.9931],[-161.0234,55.8908],[-160.6896,55.6979],[-160.7916,55.8867],[-160.2435,55.7768],[-160.5799,55.9897],[-160.1887,56.3869],[-159.2089,56.6955],[-159.2634,56.7086],[-158.8892,56.8896],[-159.0249,56.7966],[-158.6396,56.7637],[-158.6821,57.022],[-158.3124,57.3149],[-157.7578,57.5643],[-157.6567,57.4836],[-157.4138,57.4899],[-157.3921,57.5663],[-157.5954,57.4932],[-157.6022,57.624],[-157.7099,57.6525],[-157.6055,58.1052],[-157.3842,58.2071],[-157.1395,58.1684],[-157.4827,58.2304],[-157.5621,58.3637],[-157.4361,58.5216],[-156.9409,58.7375],[-157.078,58.7574],[-156.7832,59.1552],[-157.0845,58.8867],[-158.2034,58.613],[-158.5577,58.8065],[-158.4211,58.9771],[-158.4975,58.994],[-158.1728,59.013],[-158.0301,58.8791],[-157.9954,58.9083],[-158.1402,59.0362],[-158.5441,59.1758],[-158.4621,59.0528],[-158.7295,58.8736],[-158.7464,58.9948],[-158.8253,58.9771],[-158.788,58.7698],[-158.9146,58.7754],[-158.7087,58.4923],[-158.8817,58.3996],[-159.0513,58.4247],[-159.4827,58.8161],[-159.6609,58.8394],[-159.6175,58.9313],[-159.9061,58.7654],[-159.9971,58.8741],[-160.3289,58.9414],[-160.2551,58.9903],[-160.3522,59.0707],[-160.8337,58.8125],[-160.8886,58.8841],[-161.3061,58.8126],[-161.3762,58.6868],[-161.3013,58.6818],[-161.7075,58.5612],[-161.7651,58.6451],[-162.1761,58.6449],[-161.8911,58.6537],[-161.6774,58.7735],[-161.7747,58.7705],[-161.8558,59.0338],[-161.5692,59.1151],[-161.9741,59.1314],[-162.0429,59.2484],[-162.0515,59.2702],[-162.0387,59.2894],[-161.9831,59.2537],[-161.9466,59.3878],[-161.7139,59.5014],[-162.2098,60.0255],[-162.2036,60.1533],[-162.2514,60.2014],[-162.1616,60.2164],[-162.149,60.2452],[-162.2902,60.2425],[-162.2287,60.1456],[-162.3172,60.1131],[-162.4586,60.2951],[-162.2241,60.5878],[-161.8815,60.7039],[-162.1832,60.7311],[-162.1234,60.6589],[-162.2763,60.6129],[-162.416,60.3824],[-162.7033,60.2657],[-162.4503,60.1911],[-162.5258,59.9975],[-163.3165,59.8303],[-164.0983,59.8337],[-164.2123,59.955],[-164.1147,60.005],[-164.4127,60.0918],[-164.6492,60.3339],[-164.989,60.3414],[-165.1433,60.4506],[-164.9856,60.5468],[-165.4312,60.553],[-164.9992,60.7114],[-165.0314,60.787],[-164.8749,60.8488],[-164.9374,60.9365],[-164.8348,60.8684],[-164.6395,60.9133],[-164.6691,60.8258],[-164.2708,60.7879],[-164.2184,60.6902],[-164.4204,60.5543],[-163.9556,60.7799],[-163.8162,60.7551],[-163.8111,60.5939],[-163.6865,60.5897],[-163.409,60.7523],[-163.9304,60.8547],[-163.5636,60.9133],[-163.7564,60.9453],[-163.7041,60.9997],[-164.0071,60.8622],[-164.5644,60.8547],[-164.628,60.9323],[-165.1708,60.9416],[-164.7665,61.1086],[-165.0587,61.0629],[-165.191,61.1365],[-165.1295,61.1566],[-165.0607,61.2185],[-165.1433,61.2594],[-165.0824,61.2185],[-165.1568,61.1557],[-165.3627,61.2128],[-165.2127,61.2652],[-165.2084,61.3268],[-165.2599,61.3345],[-165.1578,61.3658],[-165.1588,61.4186],[-165.0762,61.4194],[-164.9677,61.4896],[-164.8415,61.499],[-164.7241,61.6256],[-165.0858,61.4763],[-165.2941,61.3345],[-165.2258,61.2731],[-165.3902,61.2246],[-165.3737,61.0716],[-165.6051,61.1245],[-165.61,61.2873],[-165.8768,61.3366],[-165.9183,61.4147],[-165.777,61.5158],[-166.1062,61.4985],[-166.1999,61.5945],[-166.1444,61.7255],[-166.1164,61.6361],[-165.7664,61.6908],[-166.1028,61.8211],[-165.5882,61.8621],[-165.7504,61.9844],[-165.7056,62.1166],[-165.133,62.5157],[-164.8679,62.538],[-164.8481,62.4779],[-164.6088,62.4374],[-164.7336,62.3787],[-164.5819,62.4262],[-164.858,62.5636],[-164.4791,62.7459],[-164.8132,62.6202],[-164.89,62.7869],[-164.7665,62.8012],[-164.8832,62.8415],[-164.6907,63.0271],[-164.314,63.0141],[-164.5952,63.1301],[-164.4235,63.209],[-163.9946,63.2563],[-163.5418,63.1288],[-163.7919,63.0219],[-163.8069,62.9862],[-163.5286,63.1167],[-163.3505,63.0308],[-163.094,63.0574],[-162.5965,63.2767],[-162.28,63.4891],[-162.3094,63.5466],[-162.0181,63.4858],[-162.1689,63.4312],[-161.4405,63.4602],[-161.0565,63.5744],[-160.767,63.8241],[-160.9735,64.2505],[-161.2578,64.4051],[-161.1888,64.4181],[-161.5389,64.3976],[-161.4139,64.5375],[-161.035,64.5078],[-161.0859,64.5526],[-160.834,64.6173],[-160.7916,64.7259],[-161.1553,64.9252],[-161.0858,64.913],[-160.9908,64.9394],[-161.0201,64.9472],[-161.2106,64.9326],[-161.5458,64.7509],[-161.7336,64.8207],[-161.8064,64.8227],[-161.7164,64.7949],[-162.5112,64.5587],[-162.7813,64.3437],[-162.8275,64.5006],[-163.149,64.6583],[-163.3898,64.5969],[-163.0397,64.5211],[-163.1659,64.4106],[-163.6785,64.5863],[-164.9378,64.5347],[-164.9241,64.4597],[-164.7665,64.4802],[-164.8371,64.4552],[-165.0355,64.4483],[-166.1897,64.5852],[-166.4835,64.7296],[-166.3902,64.8985],[-166.6845,64.9822],[-166.9574,65.1781],[-166.8802,65.282],[-166.9321,65.1689],[-166.7126,65.1129],[-166.3713,65.2725],[-166.0312,65.2431],[-167.3986,65.4011],[-168.1374,65.665],[-167.8821,65.7554],[-168.0629,65.6514],[-167.5312,65.7261],[-167.561,65.8089],[-167.3459,65.8986],[-167.0599,65.8776],[-166.3109,66.1754],[-165.5001,66.1523],[-165.89,66.241],[-165.4877,66.4023],[-165.0334,66.3993],[-164.9447,66.467],[-164.7313,66.5327],[-164.7181,66.5563],[-164.2744,66.6023],[-163.7363,66.6035],[-163.6287,66.57],[-163.9301,66.5858],[-163.7624,66.5258],[-163.8956,66.3993],[-163.8547,66.2895],[-164.1911,66.1933],[-163.9175,66.2107],[-163.6805,66.0786],[-162.7585,66.1113],[-162.6769,66.0065],[-162.1794,66.0759],[-161.8582,65.9773],[-161.5059,66.2789],[-161.0864,66.241],[-161.1625,66.1186],[-161.0175,66.1933],[-161.1357,66.3432],[-161.5107,66.4077],[-161.8747,66.3776],[-161.8963,66.2705],[-161.9566,66.3503],[-161.8884,66.5244],[-162.6253,66.8615],[-162.4848,66.9604],[-162.3066,66.9529],[-162.0168,66.781],[-162.066,66.6531],[-161.6338,66.458],[-161.2042,66.5386],[-160.7654,66.3704],[-160.2285,66.4121],[-160.275,66.6546],[-160.5517,66.5911],[-161.1361,66.6519],[-161.272,66.543],[-161.4954,66.5367],[-161.902,66.7351],[-161.7307,66.9536],[-161.5252,66.9914],[-162.2883,67.0709],[-162.4569,66.9946],[-162.3378,67.1451],[-162.3601,67.1674],[-162.5804,67.015],[-163.725,67.1113],[-163.824,67.3546],[-164.1515,67.6196],[-166.2966,68.2996],[-166.829,68.3514],[-166.3151,68.406],[-166.3704,68.4408],[-166.231,68.5799],[-166.2226,68.8858],[-164.3464,68.9294],[-163.6225,69.1192],[-163.1258,69.39],[-163.0648,69.556],[-163.149,69.6058],[-162.9384,69.7112],[-163.0187,69.7458],[-161.9057,70.3206],[-161.7034,70.2637],[-162.1217,70.1539],[-160.9499,70.2904],[-160.1722,70.6049],[-159.9471,70.5972],[-159.9438,70.522],[-160.2019,70.4766],[-159.922,70.4897],[-160.1337,70.3251],[-159.9485,70.3704],[-159.7712,70.1955],[-159.8873,70.3872],[-159.8258,70.4971],[-159.7097,70.4698],[-159.2914,70.5381],[-159.7159,70.4971],[-159.9479,70.6364],[-160.1274,70.6262],[-159.6682,70.805],[-159.161,70.8869],[-159.3733,70.8459],[-159.1406,70.8254],[-159.449,70.777],[-159.2225,70.6889],[-159.279,70.7647],[-158.9897,70.777],[-159.0604,70.8166],[-157.8649,70.8664],[-156.4715,71.4125],[-156.3717,71.3803],[-156.6044,71.3537],[-156.0427,71.2159],[-156.111,71.1749],[-155.5734,71.1504],[-155.7447,71.0045],[-156.1873,70.9217],[-155.9813,70.8944],[-155.9781,70.7597],[-155.5771,70.8459],[-155.3086,71.0288],[-155.1917,70.9951],[-155.2892,71.0861],[-155.0974,71.0861],[-155.0897,71.1549],[-155.0974,71.0173],[-154.9717,71.1201],[-154.6002,71.0129],[-154.81,70.8807],[-154.2303,70.7784],[-153.8935,70.8984],[-153.2557,70.9328],[-152.7149,70.821],[-152.7125,70.8904],[-152.3275,70.8569],[-152.2192,70.8124],[-152.5091,70.6639],[-152.0753,70.579],[-152.6301,70.5585],[-151.7333,70.5585],[-151.9797,70.4487],[-151.2223,70.3757],[-150.7935,70.5033],[-150.3794,70.497],[-150.4167,70.4145],[-149.4885,70.523],[-148.6824,70.4201],[-148.5118,70.3183],[-147.8428,70.3075],[-147.6796,70.2122],[-145.8802,70.175],[-144.9416,69.978],[-144.1295,70.0677],[-144.0714,69.9894],[-144.064,70.0856],[-143.5507,70.1266],[-143.2975,70.0434],[-143.2357,70.1182],[-141.4129,69.6504],[-141.0056,69.6509]]],[[[-132.6293,54.904],[-132.6162,54.7602],[-132.7848,54.9277],[-132.6293,54.904]]],[[[-131.2638,54.9969],[-131.3312,54.8612],[-131.4822,54.9256],[-131.2638,54.9969]]],[[[-132.7507,54.9954],[-132.8227,55.1905],[-132.6682,55.0507],[-132.7507,54.9954]]],[[[-132.703,54.7012],[-132.8429,54.6938],[-132.9084,54.8383],[-133.1479,54.9544],[-133.1821,55.2356],[-133.107,55.2487],[-132.9562,55.0643],[-133.0865,55.0922],[-132.703,54.7012]]],[[[-131.357,55.0325],[-131.5478,55.0888],[-131.6245,55.0174],[-131.5172,55.1342],[-131.5516,55.2766],[-131.3728,55.2015],[-131.357,55.0325]]],[[[-133.3181,55.3391],[-133.2094,55.2704],[-133.3162,55.2015],[-133.4499,55.2502],[-133.3181,55.3391]]],[[[-131.8185,55.4138],[-131.6361,55.2993],[-131.7638,55.2487],[-131.7229,55.1401],[-131.8178,55.198],[-131.8185,55.4138]]],[[[-133.4496,55.4069],[-133.6073,55.2356],[-133.6892,55.3113],[-133.5806,55.4262],[-133.4496,55.4069]]],[[[-133.6005,55.4479],[-133.5057,55.5226],[-133.4184,55.4756],[-133.6005,55.4479]]],[[[-133.3466,55.4479],[-133.4332,55.528],[-133.4285,55.5441],[-133.2721,55.5305],[-133.3466,55.4479]]],[[[-133.6039,55.4894],[-133.652,55.4479],[-133.7991,55.4479],[-133.7029,55.5578],[-133.6039,55.4894]]],[[[-133.3057,55.7973],[-133.4179,55.7385],[-133.4906,55.7905],[-133.5421,55.6949],[-133.6824,55.7905],[-133.3057,55.7973]]],[[[-133.3412,55.8373],[-133.2169,55.8663],[-133.2508,55.7759],[-133.3412,55.8373]]],[[[-155.7498,55.8177],[-155.5561,55.9146],[-155.5973,55.7604],[-155.7498,55.8177]]],[[[-134.3472,55.911],[-134.1016,55.9208],[-134.2584,55.8184],[-134.3472,55.911]]],[[[-133.9127,55.8628],[-133.856,55.9423],[-133.8425,55.8664],[-133.9127,55.8628]]],[[[-130.9687,55.7011],[-130.9717,55.3852],[-131.192,55.1857],[-131.3114,55.2356],[-131.2157,55.3176],[-131.2099,55.4063],[-131.2983,55.2766],[-131.4632,55.2934],[-131.2707,55.4473],[-131.3508,55.6456],[-131.3254,55.4468],[-131.4621,55.3319],[-131.4213,55.5305],[-131.5065,55.4994],[-131.5265,55.2994],[-131.8202,55.4638],[-131.6198,55.5953],[-131.6869,55.6839],[-131.5174,55.7291],[-131.7092,55.7397],[-131.4827,55.783],[-131.6877,55.832],[-131.4704,55.832],[-131.5788,55.9072],[-131.2803,55.9652],[-130.9687,55.7011]]],[[[-133.7949,55.9436],[-133.4831,56.0922],[-133.617,56.1315],[-133.2853,56.1472],[-133.3111,55.9979],[-133.7949,55.9436]]],[[[-132.703,56.2225],[-132.3998,56.3504],[-132.39,56.2355],[-132.4838,56.1946],[-132.0922,56.1064],[-132.202,56.0922],[-132.1335,55.929],[-132.6454,56.0581],[-132.703,56.2225]]],[[[-132.047,54.8986],[-132.004,54.6938],[-132.2777,54.7148],[-132.2163,54.8037],[-132.3597,54.8037],[-132.2648,54.8445],[-132.3802,55.0234],[-132.4361,54.9166],[-132.4901,55.0029],[-132.5189,54.9442],[-132.5934,54.9682],[-132.465,55.0507],[-132.5598,55.1241],[-132.6129,55.0643],[-132.5583,55.1679],[-132.6409,55.2561],[-132.6205,55.1534],[-132.6961,55.1469],[-132.7991,55.2704],[-132.9493,55.2083],[-133.035,55.2257],[-132.9098,55.2852],[-133.213,55.2792],[-133.2066,55.3845],[-132.8463,55.3523],[-133.1258,55.4836],[-132.9084,55.6329],[-133.3791,55.6298],[-133.3819,55.7228],[-133.2367,55.7451],[-133.1398,55.8766],[-133.2598,55.9453],[-133.2646,56.1474],[-133.5731,56.185],[-133.6147,56.3529],[-133.3122,56.2772],[-133.1821,56.3323],[-133.0249,56.172],[-133.1405,56.1195],[-133.0791,56.0581],[-132.7364,55.9966],[-132.5084,55.8276],[-132.4348,55.6267],[-132.3705,55.6676],[-132.1406,55.4653],[-132.5235,55.6252],[-132.6818,55.4553],[-132.4013,55.5168],[-132.2769,55.4527],[-132.4838,55.4069],[-132.1549,55.366],[-132.0953,55.2671],[-132.243,55.2561],[-132.2402,55.1972],[-131.9943,55.2681],[-132.0015,55.1045],[-132.2231,54.9892],[-131.963,55.0302],[-132.047,54.8986]]],[[[-132.6129,56.4006],[-132.6472,56.2824],[-132.8197,56.2362],[-133.0552,56.3448],[-132.9242,56.452],[-132.6129,56.4006]]],[[[-132.004,56.3392],[-131.9283,56.1946],[-132.0723,56.1195],[-132.3382,56.2578],[-132.3754,56.4885],[-132.1515,56.352],[-132.004,56.3392]]],[[[-154.1378,56.5105],[-154.0205,56.5555],[-153.8771,56.5651],[-154.1378,56.5105]]],[[[-157.2593,56.5834],[-156.9783,56.5365],[-157.3312,56.5242],[-157.2593,56.5834]]],[[[-154.4252,56.593],[-154.7382,56.3983],[-154.7912,56.4309],[-154.7001,56.5303],[-154.4252,56.593]]],[[[-154.0826,56.5521],[-154.2101,56.5036],[-154.3501,56.5447],[-154.1241,56.6126],[-154.0826,56.5521]]],[[[-132.9596,56.788],[-132.8163,56.7973],[-132.5334,56.5803],[-132.9186,56.507],[-132.8811,56.6402],[-132.9596,56.788]]],[[[-133.9226,56.6166],[-133.8475,56.2982],[-133.9725,56.3605],[-133.8919,56.2298],[-133.9491,56.0924],[-134.0393,56.1126],[-134.0523,56.3188],[-134.0902,56.1927],[-134.1901,56.1781],[-134.0864,56.0922],[-134.1294,55.9995],[-134.2646,56.2604],[-134.1601,56.3124],[-134.2926,56.2982],[-134.282,56.3628],[-134.1784,56.4414],[-134.0393,56.3734],[-134.0344,56.4859],[-134.3061,56.5651],[-134.0864,56.647],[-134.3576,56.6766],[-134.4057,56.8527],[-134.1075,56.8463],[-134.2646,56.9419],[-134.0127,56.8852],[-133.9049,56.7606],[-133.9938,56.6392],[-133.8624,56.8099],[-133.7172,56.7712],[-133.7359,56.5671],[-133.9226,56.6166]]],[[[-133.9127,57.0827],[-133.2633,56.9253],[-133.2987,57.0102],[-133.0524,56.9829],[-132.9357,56.8668],[-132.9911,56.8084],[-132.9339,56.6416],[-133.0108,56.6061],[-133.3464,56.8376],[-133.0791,56.5303],[-133.6212,56.4422],[-133.6793,56.8537],[-133.7406,56.8089],[-133.765,56.8122],[-133.8882,56.9014],[-133.7376,56.8941],[-134.0182,57.0176],[-133.9127,57.0827]]],[[[-153.2124,57.1337],[-152.9261,57.126],[-153.2092,57.079],[-153.2722,56.9985],[-153.4116,57.079],[-153.2444,57.211],[-153.2124,57.1337]]],[[[-135.6152,57.2845],[-135.6282,57.0102],[-135.8411,56.9897],[-135.7108,57.1684],[-135.8554,57.2231],[-135.8437,57.3247],[-135.6152,57.2845]]],[[[-134.6215,56.7438],[-134.6675,56.1704],[-135.0528,56.5378],[-134.8474,56.6887],[-134.961,56.6265],[-134.9847,56.7145],[-135.1098,56.6018],[-134.9989,56.7617],[-135.1879,56.6767],[-135.1217,56.832],[-135.3675,56.8289],[-135.2945,56.8922],[-135.35,56.9704],[-135.1654,57.0417],[-135.375,57.0927],[-135.2664,57.161],[-135.4129,57.1579],[-135.3341,57.2504],[-135.5292,57.2367],[-135.675,57.3586],[-135.4753,57.3543],[-135.609,57.3876],[-135.3812,57.5536],[-135.2794,57.5111],[-135.3961,57.4427],[-135.1803,57.4807],[-134.9948,57.3978],[-134.9095,57.3398],[-134.9845,57.2982],[-134.839,57.2578],[-134.6215,56.7438]]],[[[-153.2124,57.8127],[-153.3253,57.8586],[-153.5419,57.9356],[-153.3267,57.9266],[-153.2124,57.8127]]],[[[-152.1609,57.6271],[-152.363,57.4285],[-152.9734,57.5179],[-152.9107,57.4899],[-153.028,57.4763],[-153.0417,57.4285],[-152.8325,57.4763],[-152.596,57.3739],[-152.8375,57.2707],[-152.8822,57.3525],[-153.1748,57.3514],[-152.9591,57.2571],[-153.3911,57.2094],[-153.4553,57.1168],[-153.4861,57.1757],[-153.5419,57.1758],[-153.4982,57.0743],[-153.7611,57.0517],[-153.5598,56.9865],[-153.9873,56.7438],[-154.1495,56.7509],[-153.7747,56.9971],[-153.9733,56.963],[-153.7399,57.1337],[-154.0996,56.9648],[-153.9597,57.1201],[-154.2408,57.1548],[-154.4949,57.1136],[-154.413,57.0502],[-154.1037,57.1138],[-154.3049,56.8558],[-154.5286,56.9916],[-154.6015,57.2589],[-154.81,57.3466],[-154.707,57.3398],[-154.6147,57.5266],[-154.2203,57.6755],[-154.0186,57.6472],[-153.9733,57.5725],[-154.1105,57.5446],[-153.9355,57.535],[-153.8907,57.408],[-153.7473,57.3034],[-153.6307,57.2709],[-153.8114,57.4123],[-153.8088,57.5179],[-153.8508,57.5773],[-153.6785,57.5446],[-153.8846,57.6483],[-153.5846,57.6171],[-153.9058,57.7112],[-153.9246,57.8105],[-153.6655,57.8947],[-153.5072,57.6271],[-153.5277,57.7233],[-153.4395,57.6994],[-153.4991,57.7609],[-153.3213,57.7309],[-153.4492,57.8469],[-153.1788,57.7097],[-153.2403,57.9021],[-153.0485,57.8332],[-153.2842,58.0104],[-152.8083,57.9083],[-152.8908,57.8742],[-152.8856,57.7287],[-152.818,57.8604],[-152.4863,57.9107],[-152.3291,57.8258],[-152.5511,57.7033],[-152.3974,57.6885],[-152.4263,57.6135],[-152.1609,57.6271]]],[[[-136.3384,58.0146],[-136.4513,57.8469],[-136.5528,57.9251],[-136.5428,58.0659],[-136.3384,58.0146]]],[[[-153.4184,58.066],[-153.2778,58.1468],[-152.8908,57.9977],[-153.2626,58.0854],[-153.4184,58.066]]],[[[-151.8971,58.1929],[-151.7934,58.2447],[-151.8462,58.1752],[-151.8971,58.1929]]],[[[-135.6908,57.367],[-136.0124,57.5179],[-135.8009,57.4658],[-136.0739,57.6073],[-135.9503,57.6209],[-136.1155,57.6216],[-136.2247,57.7848],[-136.4165,57.8258],[-136.3119,57.9955],[-136.0329,57.8469],[-136.4097,58.0799],[-136.2725,58.1069],[-136.3557,58.2199],[-136.2632,58.2169],[-136.1937,58.0836],[-136.1012,58.0585],[-136.1366,58.223],[-135.9653,58.164],[-135.7851,58.2761],[-135.4849,58.1621],[-135.7831,58.0421],[-135.6248,58.0132],[-135.7933,57.984],[-135.6562,57.9493],[-135.3893,58.1411],[-134.9248,58.0275],[-134.9157,57.8469],[-135.2037,57.9431],[-134.93,57.8127],[-135.0138,57.7859],[-135.8896,57.9977],[-135.3724,57.8052],[-135.3639,57.7262],[-134.9139,57.7558],[-134.8139,57.4975],[-135.0569,57.4666],[-135.8132,57.7643],[-135.704,57.6755],[-135.807,57.6414],[-135.6048,57.6071],[-135.6562,57.5521],[-135.5463,57.4661],[-135.6908,57.367]]],[[[-134.2584,58.1963],[-134.6798,58.3093],[-134.5633,58.3445],[-134.2584,58.1963]]],[[[-134.0848,57.2564],[-134.6146,57.0102],[-134.6333,57.2242],[-134.457,57.3118],[-134.5563,57.3978],[-134.313,57.3323],[-134.3061,57.3944],[-134.5692,57.492],[-134.354,57.5446],[-134.5669,57.5111],[-134.6536,57.5982],[-134.8065,58.0554],[-134.7313,58.1789],[-134.7837,58.1105],[-134.9076,58.2012],[-134.961,58.4049],[-134.6932,58.1684],[-134.177,58.1635],[-133.7893,57.5889],[-134.3068,58.0981],[-134.2242,57.9697],[-134.3166,57.9966],[-134.2892,57.8367],[-133.84,57.4626],[-134.0728,57.5111],[-133.865,57.3551],[-133.9581,57.3037],[-134.1759,57.3876],[-134.0848,57.2564]]],[[[-151.966,58.3328],[-152.1168,58.1479],[-152.2766,58.2642],[-152.3701,58.2031],[-152.2739,58.1348],[-152.5482,58.0864],[-152.5767,58.2067],[-152.8049,57.9915],[-153.2296,58.1689],[-152.9051,58.1684],[-153.1099,58.2714],[-152.7673,58.2578],[-152.7605,58.3602],[-152.8834,58.4086],[-152.6506,58.4836],[-152.4998,58.4632],[-152.4197,58.3229],[-152.3494,58.4211],[-152.1168,58.4011],[-152.1435,58.2338],[-151.966,58.3328]]],[[[-152.6444,58.5185],[-152.4537,58.6282],[-152.349,58.6283],[-152.502,58.4735],[-152.6444,58.5185]]],[[[-161.078,58.6393],[-160.767,58.7757],[-160.6878,58.8187],[-160.8979,58.5703],[-161.086,58.5533],[-161.1719,58.6908],[-161.078,58.6393]]],[[[-152.1578,58.9567],[-152.3342,58.9119],[-152.3633,58.9157],[-152.1578,58.9567]]],[[[-150.7799,59.3341],[-150.6086,59.3812],[-150.7618,59.3168],[-150.7799,59.3341]]],[[[-153.5245,59.3303],[-153.4768,59.4054],[-153.3574,59.3781],[-153.4059,59.3386],[-153.5245,59.3303]]],[[[-150.4105,59.4463],[-150.2939,59.457],[-150.4435,59.4023],[-150.4105,59.4463]]],[[[-144.5524,59.8732],[-144.2086,60.0118],[-144.6053,59.8132],[-144.5524,59.8732]]],[[[-148.005,60.0466],[-148.0812,59.9717],[-148.245,59.9435],[-148.2233,59.9914],[-148.1448,59.9724],[-148.005,60.0466]]],[[[-147.8766,60.0764],[-147.8952,59.9904],[-148.0464,59.9571],[-147.8766,60.0764]]],[[[-147.8813,60.1074],[-148.0444,60.0703],[-148.1413,60.0118],[-147.9665,60.1566],[-147.8813,60.1074]]],[[[-148.0992,60.0835],[-148.3138,60.0323],[-148.05,60.1957],[-148.0992,60.0835]]],[[[-147.1072,60.2862],[-146.9223,60.3135],[-147.3282,60.0703],[-147.4923,59.8618],[-147.9154,59.7927],[-147.7031,59.9975],[-147.2012,60.2422],[-147.1896,60.3622],[-147.0111,60.3476],[-147.1072,60.2862]]],[[[-147.9774,60.3756],[-148.0422,60.2866],[-148.1351,60.2998],[-148.0756,60.3694],[-147.9774,60.3756]]],[[[-145.2843,60.3339],[-145.0951,60.4163],[-145.1233,60.3118],[-145.2843,60.3339]]],[[[-146.1886,60.4022],[-146.0937,60.4103],[-146.0788,60.4022],[-146.6002,60.2452],[-146.682,60.2862],[-146.4903,60.3613],[-146.7226,60.3862],[-146.5881,60.484],[-146.1204,60.4271],[-146.1886,60.4022]]],[[[-147.7714,60.4097],[-147.8402,60.396],[-147.7082,60.5068],[-147.6144,60.437],[-147.7372,60.396],[-147.6254,60.3896],[-147.7987,60.1701],[-147.9086,60.293],[-147.7804,60.3148],[-147.875,60.3334],[-147.7714,60.4097]]],[[[-151.8698,60.4854],[-151.966,60.3756],[-152.0386,60.3504],[-152.0897,60.3591],[-151.9532,60.5085],[-151.8698,60.4854]]],[[[-146.3326,60.4649],[-145.7731,60.583],[-146.0631,60.4883],[-146.3326,60.4649]]],[[[-147.4977,60.6567],[-147.4288,60.7114],[-147.3127,60.684],[-147.3397,60.6456],[-147.4977,60.6567]]],[[[-148.0122,60.725],[-147.9098,60.7448],[-147.8471,60.694],[-147.9359,60.6629],[-148.0122,60.725]]],[[[-148.1112,60.7381],[-148.2222,60.7061],[-148.217,60.7591],[-148.1112,60.7381]]],[[[-148.0238,60.7912],[-148.1078,60.923],[-147.9123,60.8254],[-148.0238,60.7912]]],[[[-162.4281,63.6422],[-162.3594,63.5462],[-162.7176,63.5752],[-162.4281,63.6422]]],[[[-163.1763,69.4822],[-163.1716,69.6578],[-163.1291,69.6815],[-163.1679,69.6385],[-163.1763,69.4822]]],[[[-141.8092,69.8219],[-141.3851,69.6945],[-141.8984,69.8249],[-141.8092,69.8219]]],[[[-163.1291,69.702],[-162.9999,69.8558],[-162.8411,69.9348],[-163.1291,69.702]]],[[[-162.8063,69.9484],[-162.6418,70.0656],[-162.5565,70.0903],[-162.8063,69.9484]]],[[[-162.5599,70.106],[-162.3085,70.2413],[-162.1627,70.2699],[-162.5599,70.106]]],[[[-161.5511,70.326],[-161.8378,70.3434],[-161.9771,70.3122],[-161.8881,70.3539],[-161.5511,70.326]]],[[[-148.8197,70.4698],[-149.0157,70.4849],[-149.3132,70.5449],[-149.2363,70.5533],[-148.8197,70.4698]]],[[[-166.0946,53.9807],[-166.1539,53.9553],[-166.1961,53.981],[-166.1566,53.9936],[-166.0946,53.9807]]],[[[-159.5713,54.8223],[-159.5693,54.7546],[-159.6042,54.8123],[-159.5713,54.8223]]],[[[-161.3544,55.2215],[-161.3605,55.163],[-161.4397,55.1973],[-161.3544,55.2215]]],[[[-161.6589,55.2424],[-161.5641,55.2079],[-161.6917,55.2116],[-161.6589,55.2424]]],[[[-160.0666,55.3447],[-160.04,55.3071],[-160.1091,55.3258],[-160.0666,55.3447]]],[[[-159.3328,55.8124],[-159.3021,55.7592],[-159.3623,55.7863],[-159.3328,55.8124]]],[[[-156.7013,56.0661],[-156.6949,56.0093],[-156.7462,56.0349],[-156.7013,56.0661]]],[[[-156.7783,56.2267],[-156.7665,56.1677],[-156.7921,56.153],[-156.8093,56.1901],[-156.7783,56.2267]]],[[[-157.8566,56.3621],[-157.8333,56.3137],[-157.8984,56.3391],[-157.8566,56.3621]]],[[[-153.8878,57.509],[-153.8293,57.4511],[-153.8436,57.4362],[-153.8878,57.509]]],[[[-152.4323,57.9692],[-152.3694,57.8864],[-152.5048,57.9257],[-152.4323,57.9692]]],[[[-152.8331,57.9746],[-152.7641,57.9301],[-152.8607,57.9547],[-152.8331,57.9746]]],[[[-152.8461,58.3376],[-152.9027,58.3077],[-152.9306,58.3286],[-152.8461,58.3376]]],[[[-160.2759,58.6794],[-160.2772,58.6367],[-160.3012,58.7294],[-160.2759,58.6794]]],[[[-160.406,58.7513],[-160.393,58.6997],[-160.4331,58.6846],[-160.406,58.7513]]],[[[-150.2244,61.1704],[-150.1777,61.1614],[-150.2764,61.1274],[-150.2244,61.1704]]],[[[-164.6116,63.0559],[-164.567,63.0463],[-164.6118,63.0467],[-164.6116,63.0559]]],[[[-179.119,51.2154],[-179.0882,51.2961],[-179.0616,51.2477],[-179.119,51.2154]]],[[[-178.9869,51.3075],[-178.9544,51.3952],[-178.9042,51.3538],[-178.9869,51.3075]]],[[[-178.8589,51.7957],[-178.7402,51.7836],[-178.8083,51.7473],[-178.8589,51.7957]]],[[[-176.2647,51.81],[-176.3856,51.7371],[-176.423,51.851],[-176.3032,51.869],[-176.3541,51.8299],[-176.2647,51.81]]],[[[-176.0115,51.8299],[-176.1487,51.7753],[-176.2237,51.8436],[-176.1901,51.8867],[-176.0115,51.8299]]],[[[-176.0209,51.9128],[-175.9569,51.851],[-176.1077,51.8845],[-176.0209,51.9128]]],[[[-177.8003,51.7957],[-177.9335,51.5987],[-178.1014,51.6654],[-177.9554,51.7637],[-178.2138,51.876],[-177.6222,51.8572],[-177.8003,51.7957]]],[[[-177.1222,51.9329],[-177.0468,51.892],[-177.1567,51.7001],[-177.7047,51.7001],[-177.2925,51.7828],[-177.1222,51.9329]]],[[[-175.752,51.9392],[-175.6621,51.967],[-175.6621,51.9596],[-175.752,51.9392]]],[[[-176.4372,51.7883],[-176.7104,51.617],[-176.8144,51.6155],[-176.8271,51.72],[-176.9779,51.6003],[-176.8203,51.7685],[-176.9048,51.8076],[-176.7042,51.7883],[-176.7588,51.9534],[-176.5459,51.9801],[-176.6415,51.8572],[-176.4372,51.7883]]],[[[-175.95,51.9739],[-175.806,51.9875],[-175.8764,51.9689],[-175.95,51.9739]]],[[[-176.1387,51.9944],[-176.1433,52.1071],[-175.9637,52.0353],[-176.043,51.9634],[-176.1387,51.9944]]],[[[-174.0594,52.1247],[-172.9558,52.0899],[-173.4902,52.0217],[-174.0594,52.1247]]],[[[-172.558,52.3507],[-172.3109,52.3165],[-172.633,52.2613],[-172.558,52.3507]]],[[[-174.052,52.2408],[-174.2028,52.2128],[-174.0989,52.113],[-174.4299,52.1101],[-174.4114,52.0428],[-175.3405,52.0148],[-174.3393,52.1862],[-174.2283,52.2675],[-174.4355,52.3227],[-174.1903,52.4179],[-174.011,52.3581],[-174.052,52.2408]]],[[[-171.2936,52.5141],[-171.2222,52.4631],[-171.3116,52.4643],[-171.2936,52.5141]]],[[[-170.6046,52.6871],[-170.6219,52.5939],[-170.8374,52.5493],[-170.7437,52.6787],[-170.6046,52.6871]]],[[[-170.187,52.7827],[-170.0634,52.7343],[-170.1944,52.7274],[-170.187,52.7827]]],[[[-169.6866,52.872],[-169.7234,52.7745],[-170.0111,52.8236],[-169.8503,52.8825],[-169.6866,52.872]]],[[[-170.1248,52.8886],[-170.0143,52.9058],[-169.9946,52.9056],[-170.1248,52.8886]]],[[[-169.7533,53.0248],[-169.6662,53.0012],[-169.7481,52.9465],[-169.7533,53.0248]]],[[[-167.8575,53.3928],[-168.2876,53.243],[-168.7661,52.9139],[-169.1113,52.8236],[-168.8711,52.954],[-168.6234,53.2742],[-168.3608,53.2713],[-168.4066,53.4095],[-168.2368,53.5301],[-167.807,53.5201],[-167.8575,53.3928]]],[[[-166.137,53.8378],[-166.2126,53.7081],[-166.2978,53.7602],[-166.2905,53.7954],[-166.137,53.8378]]],[[[-166.2943,53.728],[-166.5957,53.5362],[-166.6645,53.5982],[-166.6592,53.4909],[-166.7949,53.5703],[-166.7522,53.4509],[-167.0074,53.4526],[-167.5082,53.2599],[-167.85,53.3096],[-166.96,53.5362],[-167.1444,53.5566],[-167.1338,53.6318],[-166.9935,53.6181],[-167.028,53.7048],[-166.8017,53.6318],[-166.829,53.7081],[-166.7055,53.7211],[-167.1511,53.8242],[-167.0216,53.9612],[-166.6346,54.0046],[-166.6099,53.831],[-166.3704,54.0085],[-166.2249,53.9055],[-166.5751,53.7143],[-166.2943,53.728]]],[[[-165.3766,54.0911],[-165.2941,54.0439],[-165.4858,54.0775],[-165.3766,54.0911]]],[[[-165.9455,54.2221],[-165.6572,54.1252],[-165.9007,54.0334],[-166.1227,54.1184],[-165.9455,54.2221]]],[[[-165.4045,54.1918],[-165.61,54.1184],[-165.5746,54.2351],[-165.6798,54.2489],[-165.4943,54.2964],[-165.5473,54.2221],[-165.4045,54.1918]]],[[[-159.2866,54.8717],[-159.2126,54.9311],[-159.2088,54.9185],[-159.2866,54.8717]]],[[[-159.4627,55.0643],[-159.3392,54.9755],[-159.4627,54.9482],[-159.4627,55.0643]]],[[[-159.5242,55.0711],[-159.6592,55.0651],[-159.5336,55.251],[-159.5071,55.1711],[-159.5242,55.0711]]],[[[-159.9015,55.1401],[-159.8258,55.181],[-160.2371,54.8886],[-160.0927,55.0507],[-160.1948,55.1215],[-160.0176,55.1053],[-160.0654,55.2015],[-159.9536,55.1758],[-159.8873,55.2971],[-159.9015,55.1401]]],[[[-163.1428,55.4411],[-163.1517,55.397],[-163.1951,55.4127],[-163.1428,55.4411]]],[[[178.6364,51.6374],[179.4723,51.3706],[179.243,51.3538],[178.6364,51.6374]]],[[[178.2249,51.8367],[178.334,51.8162],[178.3962,51.7685],[178.3415,51.7685],[178.2366,51.8229],[178.2249,51.8367]]],[[[178.46,51.9444],[178.6043,51.9377],[178.5168,51.8962],[178.46,51.9444]]],[[[179.7809,51.967],[179.6421,51.8742],[179.4861,51.9739],[179.637,52.0353],[179.7809,51.967]]],[[[177.6426,52.1247],[177.5545,51.9685],[177.6121,51.9279],[177.4136,51.9306],[177.3236,51.8268],[177.2243,51.892],[177.6426,52.1247]]],[[[175.9289,52.3393],[175.9159,52.378],[175.991,52.3581],[175.9289,52.3393]]],[[[173.7913,52.5015],[173.7434,52.3612],[173.3889,52.4038],[173.6245,52.5007],[173.7913,52.5015]]],[[[174.0967,52.7138],[174.1139,52.741],[174.1823,52.7069],[174.0967,52.7138]]],[[[173.4419,52.8577],[172.9443,52.7498],[172.7634,52.7957],[172.811,52.8879],[172.4761,52.9267],[172.6604,53.0086],[173.1272,52.9949],[173.4419,52.8577]]],[[[-165.133,54.1326],[-164.976,54.0758],[-165.2258,54.0911],[-165.133,54.1326]]],[[[-162.4722,54.4221],[-162.3681,54.3859],[-162.4854,54.4139],[-162.4722,54.4221]]],[[[-162.8411,54.461],[-162.55,54.3859],[-162.6327,54.3719],[-162.8411,54.461]]],[[[-162.4342,54.9144],[-162.2627,54.9892],[-162.2309,54.9073],[-162.3422,54.8395],[-162.4342,54.9144]]],[[[-163.0738,54.6876],[-163.3695,54.7646],[-163.6225,54.6118],[-164.1327,54.6232],[-164.4056,54.436],[-164.6526,54.392],[-164.8453,54.4235],[-164.9582,54.5851],[-164.7007,54.6783],[-164.4775,54.9189],[-164.2251,54.8947],[-163.7565,55.0604],[-163.5257,55.0438],[-163.3544,54.7769],[-163.0738,54.6876]]],[[[-161.7307,55.1605],[-161.6413,55.1195],[-161.7512,55.0581],[-161.7832,55.1449],[-161.9082,55.1435],[-161.7307,55.1605]]],[[[-160.3254,55.3585],[-160.3363,55.2487],[-160.5315,55.325],[-160.4869,55.3532],[-160.3254,55.3585]]],[[[-160.4974,55.1946],[-160.8189,55.1195],[-160.8536,55.3319],[-160.696,55.4069],[-160.6794,55.3067],[-160.5593,55.3931],[-160.5799,55.2356],[-160.4974,55.1946]]],[[[-160.1479,55.3864],[-160.2595,55.4223],[-160.3465,55.4175],[-160.1711,55.4538],[-160.1479,55.3864]]],[[[-158.7086,55.8315],[-158.8838,55.8052],[-158.9087,55.8413],[-158.8281,55.8967],[-158.7086,55.8315]]],[[[-169.7891,56.6203],[-169.4744,56.593],[-169.6327,56.5447],[-169.7891,56.6203]]],[[[-170.4121,57.1848],[-170.1044,57.2504],[-170.29,57.1064],[-170.4121,57.1848]]],[[[-165.5821,59.951],[-166.2467,59.8539],[-166.0817,59.779],[-166.1821,59.7563],[-167.1219,60.0007],[-167.4528,60.2172],[-166.8204,60.2176],[-166.7609,60.3044],[-166.1574,60.437],[-166.0755,60.3339],[-165.6844,60.2998],[-165.7261,60.0665],[-165.5821,59.951]]],[[[-172.8118,60.478],[-172.2086,60.3135],[-172.6,60.3298],[-173.0576,60.4984],[-172.925,60.6067],[-172.8118,60.478]]],[[[-169.8688,63.1061],[-169.7771,63.0351],[-169.9319,63.1391],[-169.8688,63.1061]]],[[[-169.529,63.3834],[-169.4893,63.3678],[-169.5123,63.3738],[-169.529,63.3834]]],[[[-170.2962,63.2394],[-170.4497,63.3251],[-170.7078,63.3952],[-170.4855,63.3447],[-170.3818,63.3014],[-170.2962,63.2394]]],[[[-170.9752,63.4312],[-170.784,63.4085],[-171.0729,63.4373],[-170.9752,63.4312]]],[[[-171.09,63.6039],[-171.0708,63.6025],[-171.0749,63.6022],[-171.09,63.6039]]],[[[-171.09,63.6039],[-171.1577,63.6097],[-171.144,63.6118],[-171.09,63.6039]]],[[[-168.6861,63.3015],[-168.8508,63.1628],[-169.3511,63.1762],[-169.6662,62.9452],[-169.8175,63.1268],[-170.262,63.1984],[-170.235,63.2835],[-170.4443,63.3592],[-170.8562,63.4604],[-171.0839,63.4449],[-171.4393,63.3198],[-171.7356,63.3759],[-171.8529,63.5212],[-171.728,63.7961],[-171.4072,63.6441],[-171.4872,63.609],[-170.937,63.5717],[-170.31,63.6987],[-170.0825,63.6152],[-170.0845,63.4858],[-169.1867,63.3015],[-168.6861,63.3015]]],[[[-133.5447,54.8317],[-133.5152,54.7825],[-133.5218,54.7668],[-133.5447,54.8317]]],[[[-131.2441,55.0927],[-131.19,55.0483],[-131.2549,55.0692],[-131.2441,55.0927]]],[[[-133.2745,55.4043],[-133.2693,55.444],[-133.2361,55.4402],[-133.2745,55.4043]]],[[[-152.2999,57.3741],[-152.2559,57.3842],[-152.3151,57.3631],[-152.2999,57.3741]]],[[[-136.06,58.2678],[-136.107,58.3034],[-136.0279,58.295],[-136.06,58.2678]]],[[[-135.6706,58.3309],[-135.6549,58.3798],[-135.5433,58.3348],[-135.6706,58.3309]]],[[[-152.0625,58.9428],[-152.0131,58.9398],[-152.0747,58.9143],[-152.0625,58.9428]]],[[[-151.7136,59.1058],[-151.6437,59.1157],[-151.6469,59.1039],[-151.7136,59.1058]]],[[[-151.5003,59.1373],[-151.4283,59.1173],[-151.5085,59.1286],[-151.5003,59.1373]]],[[[-151.8932,59.1444],[-151.8168,59.1707],[-151.7888,59.1531],[-151.8932,59.1444]]],[[[-146.3586,59.4224],[-146.3224,59.4258],[-146.3586,59.4101],[-146.3586,59.4224]]],[[[-152.6046,60.1786],[-152.5801,60.1072],[-152.6381,60.1673],[-152.6046,60.1786]]],[[[-147.4939,60.2631],[-147.3478,60.2736],[-147.4918,60.2288],[-147.4939,60.2631]]],[[[-173.0717,60.6862],[-173.0584,60.6213],[-173.1114,60.6642],[-173.0717,60.6862]]],[[[-146.7656,60.802],[-146.7616,60.8792],[-146.7041,60.8395],[-146.7656,60.802]]],[[[-147.0941,60.8979],[-147.1396,60.8556],[-147.3189,60.8773],[-147.2269,60.9068],[-147.0941,60.8979]]],[[[-165.9721,62.0722],[-165.9478,62.0159],[-166.0098,62.0229],[-165.9721,62.0722]]],[[[-168.0876,64.9788],[-168.0484,64.9589],[-168.0967,64.9654],[-168.0876,64.9788]]],[[[-168.943,65.7647],[-168.9099,65.7396],[-168.9517,65.7532],[-168.943,65.7647]]],[[[-167.8194,65.7593],[-167.7383,65.7772],[-167.8487,65.7428],[-167.8194,65.7593]]],[[[-167.7305,65.7457],[-167.5665,65.8166],[-167.5565,65.8174],[-167.7305,65.7457]]],[[[-167.232,65.9179],[-166.8358,66.0418],[-167.2395,65.9092],[-167.232,65.9179]]],[[[-166.7628,66.0712],[-166.1871,66.2103],[-166.8005,66.0515],[-166.7628,66.0712]]],[[[-166.1474,66.2354],[-166.0418,66.26],[-166.1561,66.2263],[-166.1474,66.2354]]],[[[-165.97,66.2867],[-165.814,66.3225],[-166.0104,66.2577],[-165.97,66.2867]]],[[[-165.4887,66.409],[-165.6014,66.3767],[-165.7046,66.3617],[-165.6909,66.3708],[-165.4887,66.409]]],[[[-165.4887,66.409],[-165.4483,66.4188],[-165.4239,66.4213],[-165.4887,66.409]]],[[[-165.3426,66.4367],[-165.3817,66.4257],[-165.423,66.4214],[-165.3426,66.4367]]],[[[-165.3426,66.4367],[-165.3264,66.4403],[-165.3227,66.4404],[-165.3426,66.4367]]],[[[-164.7633,66.5465],[-164.8666,66.507],[-165.3209,66.4406],[-165.0421,66.4935],[-164.7633,66.5465]]]]}},{"type":"Feature","properties":{"id":"CA-YT","name":"Yukon","country":"Canada","iso":"CAN"},"geometry":{"type":"MultiPolygon","coordinates":[[[[-140.5337,60.2185],[-141.0012,60.3211],[-141.0056,69.6509],[-139.1438,69.5137],[-138.6026,69.2427],[-138.357,69.3047],[-138.0955,69.1401],[-137.2237,68.9509],[-136.4449,68.9099],[-136.4448,67.7256],[-136.1573,67.5042],[-136.2009,67.4081],[-136.0952,67.2972],[-136.2374,67.178],[-136.1674,67.006],[-133.8311,67.0034],[-134.0912,66.9638],[-133.77,66.8089],[-133.8342,66.7258],[-133.5919,66.5692],[-133.8191,66.3102],[-133.5643,66.2606],[-133.5672,66.1538],[-133.7047,66.072],[-133.6118,65.9619],[-132.9554,66.0297],[-132.9939,65.9231],[-132.9021,65.9084],[-132.5827,66.0318],[-132.3347,65.9674],[-132.5694,65.8441],[-132.1726,65.5945],[-132.5545,65.2841],[-132.7813,65.2262],[-132.3344,65.0315],[-132.6153,64.8155],[-131.6817,64.5212],[-131.8186,64.3775],[-131.3845,64.4679],[-131.1456,64.4241],[-130.8727,64.1905],[-130.942,64.1289],[-130.8626,64.0419],[-130.1144,63.804],[-130.318,63.703],[-130.0945,63.6975],[-129.8228,63.4779],[-130.1501,63.2681],[-129.9053,63.1969],[-129.8447,63.0913],[-129.6138,63.0722],[-129.7733,62.8686],[-129.5169,62.6726],[-129.552,62.5664],[-129.1716,62.4791],[-129.3047,62.423],[-129.2158,62.3776],[-129.3094,62.3212],[-129.2018,62.2105],[-129.2876,62.1534],[-128.7791,62.0569],[-128.5466,62.1218],[-127.8069,61.6109],[-127.1457,61.4652],[-127.0072,61.1877],[-127.1,61.0707],[-126.9365,61.059],[-126.8339,60.7549],[-126.2885,60.7796],[-126.2012,60.864],[-126.0142,60.8035],[-125.9014,60.8947],[-125.3642,60.782],[-124.5986,60.9645],[-124.4787,60.7879],[-124.6197,60.6821],[-124.4164,60.4793],[-124.2162,60.4613],[-123.9808,60.0985],[-124.0256,60.0199],[-123.8191,60.0001],[-139.0602,60.0001],[-139.1821,60.0734],[-139.1016,60.3466],[-139.6798,60.3268],[-139.9678,60.1884],[-140.4478,60.2945],[-140.5337,60.2185]]],[[[-139.3356,69.5717],[-138.921,69.617],[-138.8701,69.5921],[-139.3356,69.5717]]]]}},{"type":"Feature","properties":{"id":"UA-43","name":"Autonomous Republic of Crimea","country":"Russia","iso":"RUS"},"geometry":{"type":"Polygon","coordinates":[[[33.6199,45.9508],[33.6703,46.2181],[33.8019,46.2027],[34.3339,46.0697],[34.4646,45.9553],[34.6886,45.974],[34.81,45.785],[35.0019,45.729],[35.4807,45.2978],[35.716,45.3406],[35.8333,45.4709],[35.986,45.3627],[36.284,45.4766],[36.6384,45.3513],[36.4373,45.272],[36.4401,45.0675],[35.848,44.9924],[35.5062,45.1135],[35.0808,44.7938],[34.721,44.811],[34.469,44.7298],[34.1026,44.4251],[33.73,44.398],[33.8521,44.4316],[33.709,44.6664],[33.6252,44.6614],[33.6893,44.7542],[33.5808,44.8193],[33.5374,45.1174],[32.4816,45.4089],[33.1692,45.7844],[33.6917,45.8607],[33.777,45.9296],[33.6199,45.9508]]]}},{"type":"Feature","properties":{"id":"GB-FLN","name":"Flintshire","country":"United Kingdom","iso":"GBR"},"geometry":{"type":"Polygon","coordinates":[[[-3.3757,53.3322],[-2.9114,53.1747],[-3.1227,53.0664],[-3.3757,53.3322]]]}},{"type":"Feature","properties":{"id":"GB-CHW","name":"Cheshire West and Chester","country":"United Kingdom","iso":"GBR"},"geometry":{"type":"Polygon","coordinates":[[[-2.7277,52.9665],[-3.0959,53.2871],[-2.509,53.3309],[-2.4103,53.232],[-2.7277,52.9665]]]}},{"type":"Feature","properties":{"id":"GB-WRX","name":"Wrexham","country":"United Kingdom","iso":"GBR"},"geometry":{"type":"Polygon","coordinates":[[[-2.9568,53.1446],[-2.7177,52.9216],[-2.9928,52.953],[-3.2422,52.7791],[-3.3907,52.8674],[-3.0948,52.9637],[-3.1322,53.0591],[-2.9568,53.1446]]]}},{"type":"Feature","properties":{"id":"GB-SHR","name":"Shropshire","country":"United Kingdom","iso":"GBR"},"geometry":{"type":"Polygon","coordinates":[[[-3.1404,52.7963],[-2.9928,52.953],[-2.7795,52.9006],[-2.3709,52.9891],[-2.4503,52.8966],[-2.3659,52.8841],[-2.3966,52.8216],[-2.6632,52.7427],[-2.4246,52.607],[-2.324,52.7477],[-2.2284,52.6588],[-2.3114,52.5991],[-2.255,52.5183],[-2.3195,52.3846],[-2.5556,52.3085],[-2.8389,52.3913],[-3.0706,52.3466],[-3.2147,52.4462],[-2.9764,52.5381],[-3.1247,52.5767],[-2.9599,52.7311],[-3.1404,52.7963]]]}},{"type":"Feature","properties":{"id":"GB-POW","name":"Powys","country":"United Kingdom","iso":"GBR"},"geometry":{"type":"Polygon","coordinates":[[[-3.47,52.8619],[-2.9599,52.7311],[-3.1247,52.5767],[-2.9764,52.5381],[-3.2151,52.4422],[-2.9567,52.3411],[-3.1247,52.129],[-3.035,51.886],[-3.7634,51.7577],[-3.642,52.0419],[-3.7558,52.1246],[-3.7312,52.3188],[-3.652,52.3475],[-3.7247,52.4988],[-3.9275,52.5532],[-3.6015,52.6955],[-3.5872,52.8116],[-3.47,52.8619]]]}},{"type":"Feature","properties":{"id":"GB-HEF","name":"Herefordshire","country":"United Kingdom","iso":"GBR"},"geometry":{"type":"Polygon","coordinates":[[[-3.0513,51.9835],[-3.1247,52.129],[-2.9022,52.3808],[-2.4475,52.2585],[-2.3498,52.1067],[-2.3516,52.0139],[-2.4722,51.9972],[-2.4345,51.8966],[-2.6589,51.8177],[-3.0513,51.9835]]]}},{"type":"Feature","properties":{"id":"GB-MON","name":"Monmouthshire","country":"United Kingdom","iso":"GBR"},"geometry":{"type":"Polygon","coordinates":[[[-3.0513,51.9835],[-2.647,51.8219],[-2.6654,51.6173],[-2.8332,51.5735],[-2.8006,51.6442],[-2.9613,51.6274],[-3.1569,51.8107],[-3.035,51.886],[-3.0513,51.9835]]]}},{"type":"Feature","properties":{"id":"GB-GLS","name":"Gloucestershire","country":"United Kingdom","iso":"GBR"},"geometry":{"type":"Polygon","coordinates":[[[-2.6654,51.6173],[-2.6758,51.7867],[-2.4345,51.8966],[-2.4609,52.0197],[-1.832,52.008],[-1.7578,52.1058],[-1.6123,52.0266],[-1.7092,51.7749],[-1.6493,51.6737],[-2.2716,51.5772],[-2.5355,51.673],[-2.3885,51.7504],[-2.3981,51.7821],[-2.6654,51.6173]]]}},{"type":"Feature","properties":{"id":"GB-SCB","name":"Scottish Borders","country":"United Kingdom","iso":"GBR"},"geometry":{"type":"Polygon","coordinates":[[[-2.0229,55.8055],[-2.328,55.6382],[-2.1887,55.449],[-2.8503,55.1113],[-2.8787,55.2722],[-3.3039,55.3427],[-3.24,55.4258],[-3.5348,55.438],[-3.3867,55.8205],[-3.1209,55.7119],[-2.9428,55.8152],[-2.3964,55.8722],[-2.3604,55.9527],[-2.0229,55.8055]]]}},{"type":"Feature","properties":{"id":"GB-NBL","name":"Northumberland","country":"United Kingdom","iso":"GBR"},"geometry":{"type":"Polygon","coordinates":[[[-2.685,55.1908],[-2.1887,55.449],[-2.328,55.6382],[-2.0229,55.8055],[-1.6308,55.5851],[-1.4556,55.0697],[-1.6889,55.0721],[-1.9042,54.8341],[-2.305,54.7832],[-2.5636,54.8236],[-2.592,54.9666],[-2.4853,55.0794],[-2.685,55.1908]]]}},{"type":"Feature","properties":{"id":"GB-CMA","name":"Cumbria","country":"United Kingdom","iso":"GBR"},"geometry":{"type":"Polygon","coordinates":[[[-3.0261,55.0507],[-2.685,55.1908],[-2.4853,55.0794],[-2.592,54.9666],[-2.5636,54.8236],[-2.305,54.7832],[-2.3539,54.6908],[-2.1552,54.4556],[-2.3472,54.3502],[-2.3098,54.2433],[-2.6711,54.1586],[-2.8364,54.1676],[-2.796,54.2487],[-2.9392,54.1551],[-3.0358,54.226],[-3.1454,54.0638],[-3.241,54.1121],[-3.2074,54.263],[-3.3068,54.1919],[-3.6342,54.5129],[-3.3879,54.8834],[-3.0218,54.9544],[-3.0907,54.9544],[-3.0261,55.0507]]]}},{"type":"Feature","properties":{"id":"GB-DGY","name":"Dumfries and Galloway","country":"United Kingdom","iso":"GBR"},"geometry":{"type":"Polygon","coordinates":[[[-2.8503,55.1113],[-3.0503,54.9815],[-3.5705,54.9954],[-3.5817,54.8836],[-3.817,54.8862],[-3.9642,54.7719],[-4.4029,54.9073],[-4.3824,54.6801],[-4.8591,54.8663],[-4.9548,54.8048],[-4.8591,54.633],[-5.1807,54.9544],[-5.1151,55.0316],[-5.0131,54.9096],[-5.0325,54.9937],[-4.4186,55.143],[-4.297,55.3077],[-4.1353,55.2841],[-3.9764,55.4625],[-3.6423,55.2896],[-3.5003,55.4097],[-3.24,55.4258],[-3.3039,55.3427],[-2.8787,55.2722],[-2.8503,55.1113]]]}},{"type":"Feature","properties":{"id":"NZ-X06~","name":"Auckland Islands","country":"New Zealand","iso":"NZL"},"geometry":{"type":"MultiPolygon","coordinates":[[[[165.9241,-50.8513],[166.2263,-50.8854],[165.9855,-50.9044],[165.9241,-50.8513]]],[[[166.2878,-50.5427],[166.1643,-50.6868],[166.2263,-50.6935],[166.1227,-50.7004],[166.2401,-50.851],[166.0612,-50.8307],[166.0835,-50.7868],[166.0402,-50.752],[165.8967,-50.8513],[166.0788,-50.6756],[166.0959,-50.5359],[166.2878,-50.5427]]]]}},{"type":"Feature","properties":{"id":"BR-MA","name":"Maranh\u00e3o","country":"Brazil","iso":"BRA"},"geometry":{"type":"MultiPolygon","coordinates":[[[[-46.2012,-1.6793],[-45.9795,-1.0551],[-45.939,-1.2463],[-45.8675,-1.0635],[-45.8996,-1.2576],[-45.8382,-1.2029],[-45.8406,-1.2796],[-45.8109,-1.3264],[-45.7216,-1.1349],[-45.6755,-1.3663],[-45.5439,-1.2703],[-45.5297,-1.4158],[-45.4157,-1.2877],[-45.5427,-1.491],[-45.4608,-1.5462],[-45.3262,-1.3129],[-45.401,-1.5602],[-45.3236,-1.7448],[-45.1632,-1.4828],[-45.063,-1.4289],[-44.9674,-1.594],[-44.868,-1.4213],[-44.9338,-1.6555],[-44.837,-1.5661],[-44.8219,-1.7592],[-44.7079,-1.7175],[-44.8104,-1.8132],[-44.6794,-1.8111],[-44.6527,-1.7175],[-44.6595,-1.8398],[-44.5257,-1.8398],[-44.5906,-1.9018],[-44.4902,-1.9954],[-44.6173,-2.039],[-44.4944,-2.0458],[-44.6936,-2.2656],[-44.7514,-2.252],[-44.824,-2.2792],[-44.6656,-2.2709],[-44.7209,-2.4021],[-44.664,-2.3567],[-44.6635,-2.4206],[-44.6527,-2.4295],[-44.6316,-2.2717],[-44.4617,-2.1446],[-44.3636,-2.3339],[-44.5514,-2.391],[-44.5216,-2.5001],[-44.656,-2.5932],[-44.5404,-2.5383],[-44.6861,-2.9167],[-44.6222,-3.051],[-44.7816,-3.197],[-44.796,-3.3002],[-44.433,-2.9503],[-44.3527,-2.5291],[-44.2889,-2.5803],[-44.2926,-2.4811],[-44.073,-2.3995],[-44.0494,-2.5529],[-44.3385,-2.7849],[-44.3299,-2.8273],[-44.0829,-2.8068],[-43.9232,-2.5468],[-43.878,-2.6349],[-43.7241,-2.4772],[-43.7211,-2.5603],[-43.6446,-2.4772],[-43.5582,-2.5309],[-43.5373,-2.436],[-43.4529,-2.5529],[-43.4119,-2.4567],[-43.4871,-2.3953],[-43.4076,-2.3371],[-42.7,-2.5636],[-42.2394,-2.8342],[-41.9439,-2.8377],[-42.0104,-2.7272],[-41.8213,-2.7336],[-41.8125,-2.9551],[-42.2166,-3.4338],[-42.5006,-3.4511],[-42.9906,-4.2401],[-42.863,-4.4987],[-42.9525,-4.7766],[-42.8016,-5.1809],[-43.1019,-5.6233],[-43.076,-6.0548],[-42.8296,-6.3525],[-42.9263,-6.6863],[-43.4216,-6.8441],[-43.6748,-6.701],[-43.9735,-6.7401],[-44.6966,-7.391],[-45.2783,-7.5496],[-45.4956,-7.7141],[-45.5774,-8.1515],[-45.9776,-8.905],[-45.7965,-9.4612],[-45.9461,-10.3177],[-46.3476,-10.1696],[-46.4951,-9.869],[-46.6694,-9.7465],[-46.541,-9.5105],[-46.8072,-9.3623],[-46.8903,-9.1039],[-47.0838,-9.0267],[-46.9023,-8.8269],[-46.8272,-8.4674],[-46.4902,-8.3908],[-46.4871,-7.9714],[-46.6057,-7.8991],[-47.0216,-8.0391],[-47.4083,-7.5335],[-47.5915,-7.4458],[-47.4859,-7.3023],[-47.6447,-7.3085],[-47.7411,-7.1934],[-47.5027,-6.9834],[-47.377,-6.2766],[-47.4971,-5.5266],[-47.8385,-5.3832],[-47.8998,-5.2531],[-48.3378,-5.1638],[-48.7432,-5.3525],[-47.8007,-4.5958],[-47.5814,-4.5471],[-47.3109,-4.0668],[-47.0786,-3.8766],[-47.0297,-3.5688],[-46.5711,-2.8515],[-46.6594,-2.7159],[-46.4306,-2.5271],[-46.4271,-2.245],[-46.2803,-2.1407],[-46.2091,-1.8224],[-46.3172,-1.7414],[-46.2012,-1.6793]]],[[[-44.4808,-2.7044],[-44.4973,-2.9493],[-44.598,-3.0602],[-44.5763,-2.8],[-44.4808,-2.7044]]],[[[-42.0914,-2.6784],[-42.0852,-2.7587],[-42.186,-2.6764],[-42.0914,-2.6784]]],[[[-43.6273,-2.252],[-43.6348,-2.3999],[-43.7329,-2.4199],[-43.7154,-2.2892],[-43.6273,-2.252]]],[[[-44.9744,-1.2603],[-44.8854,-1.3264],[-45.0189,-1.3777],[-44.9744,-1.2603]]],[[[-42.2498,-2.7364],[-42.149,-2.7354],[-42.1058,-2.7727],[-42.2498,-2.7364]]],[[[-43.8092,-2.5128],[-43.8235,-2.4077],[-43.7568,-2.4477],[-43.8092,-2.5128]]],[[[-43.6117,-2.385],[-43.542,-2.3712],[-43.5737,-2.4235],[-43.6117,-2.385]]]]}},{"type":"Feature","properties":{"id":"BR-PI","name":"Piau\u00ed","country":"Brazil","iso":"BRA"},"geometry":{"type":"Polygon","coordinates":[[[-41.8428,-2.7653],[-41.2481,-3.0121],[-41.4494,-3.4368],[-41.0736,-4.3263],[-41.2357,-4.5384],[-41.1813,-4.9385],[-41.0703,-5.3071],[-40.9418,-5.4307],[-40.7186,-6.6502],[-40.4139,-6.8179],[-40.5811,-7.1953],[-40.5377,-7.3902],[-40.6899,-7.4296],[-40.5441,-8.0294],[-40.8291,-8.362],[-41.3708,-8.7119],[-41.5,-8.9355],[-41.7425,-8.9886],[-41.7337,-9.1387],[-41.8501,-9.2526],[-42.0426,-9.2078],[-42.3189,-9.3119],[-42.6224,-9.5658],[-42.8505,-9.5489],[-43.1135,-9.3743],[-43.3624,-9.4278],[-43.4566,-9.303],[-43.8211,-9.4325],[-43.6793,-9.8512],[-43.9188,-10.4361],[-44.2173,-10.6296],[-44.543,-10.6315],[-44.8031,-10.8721],[-45.0667,-10.8936],[-45.3276,-10.7737],[-45.6034,-10.3316],[-45.9461,-10.3177],[-45.7965,-9.4612],[-45.9678,-8.8774],[-45.7663,-8.6059],[-45.4357,-7.6465],[-44.8164,-7.3639],[-44.6966,-7.391],[-43.9735,-6.7401],[-43.6748,-6.701],[-43.4216,-6.8441],[-42.9263,-6.6863],[-42.8296,-6.3525],[-43.076,-6.0548],[-43.1019,-5.6233],[-42.8016,-5.1809],[-42.9525,-4.7766],[-42.863,-4.4987],[-42.9906,-4.2401],[-42.5006,-3.4511],[-42.2166,-3.4338],[-41.9497,-3.1764],[-41.8125,-2.9551],[-41.8428,-2.7653]]]}},{"type":"Feature","properties":{"id":"BR-CE","name":"Cear\u00e1","country":"Brazil","iso":"BRA"},"geometry":{"type":"Polygon","coordinates":[[[-41.2481,-3.0121],[-41.3153,-2.903],[-41.2569,-2.8752],[-41.0825,-2.9167],[-40.4996,-2.7863],[-39.9857,-2.8484],[-38.9852,-3.3959],[-38.6597,-3.6764],[-38.4774,-3.6974],[-37.6494,-4.5788],[-37.2744,-4.7424],[-37.2364,-4.8299],[-37.7213,-5.0629],[-38.139,-5.8947],[-38.5802,-6.2617],[-38.6067,-6.3967],[-38.5307,-6.409],[-38.744,-6.9687],[-38.5335,-7.3221],[-38.6971,-7.6202],[-38.968,-7.8479],[-39.0735,-7.854],[-39.3453,-7.5511],[-39.6542,-7.3733],[-40.5377,-7.3902],[-40.5811,-7.1953],[-40.4139,-6.8179],[-40.71,-6.6612],[-40.7821,-6.4675],[-40.9418,-5.4307],[-41.0703,-5.3071],[-41.2441,-4.6159],[-41.087,-4.2578],[-41.4494,-3.4368],[-41.2481,-3.0121]]]}},{"type":"Feature","properties":{"id":"BR-RN","name":"Rio Grande do Norte","country":"Brazil","iso":"BRA"},"geometry":{"type":"MultiPolygon","coordinates":[[[[-37.2364,-4.8299],[-36.5444,-5.1276],[-35.9972,-5.0475],[-35.5106,-5.1437],[-35.2623,-5.4833],[-35.1051,-5.9955],[-35.1509,-6.216],[-35.0412,-6.2302],[-34.9633,-6.5033],[-35.9626,-6.4619],[-36.3835,-6.3028],[-36.5078,-6.4059],[-36.4428,-6.6228],[-36.535,-6.6383],[-36.5369,-6.8788],[-36.7218,-6.9778],[-36.805,-6.7608],[-36.9969,-6.7092],[-37.231,-6.8226],[-37.296,-6.7149],[-37.5214,-6.6709],[-37.1754,-6.1168],[-37.2172,-6.026],[-37.7496,-6.169],[-37.8441,-6.341],[-38.1303,-6.5198],[-38.4969,-6.3474],[-38.6067,-6.3967],[-38.4567,-6.0827],[-38.2997,-6.0742],[-38.1279,-5.879],[-37.7213,-5.0629],[-37.2364,-4.8299]]],[[[-32.4369,-3.8499],[-32.3997,-3.862],[-32.4628,-3.8784],[-32.4369,-3.8499]]],[[[-29.4103,0.8349],[-29.3562,0.8828],[-29.349,0.8526],[-29.4103,0.8349]]]]}},{"type":"Feature","properties":{"id":"BR-PB","name":"Para\u00edba","country":"Brazil","iso":"BRA"},"geometry":{"type":"Polygon","coordinates":[[[-34.9633,-6.5033],[-34.8601,-6.9146],[-34.9147,-7.1305],[-34.8396,-6.9729],[-34.7936,-7.1762],[-34.8192,-7.5483],[-35.1068,-7.3958],[-35.4922,-7.4537],[-35.556,-7.6539],[-35.8919,-7.7294],[-35.9291,-7.8402],[-36.4158,-7.821],[-36.6532,-7.999],[-36.6517,-8.1153],[-36.9497,-8.2823],[-37.1235,-8.1735],[-37.1502,-7.978],[-37.3472,-7.9917],[-37.1683,-7.7749],[-37.197,-7.5731],[-36.9931,-7.4831],[-37.2544,-7.2698],[-38.0807,-7.8213],[-38.2954,-7.8361],[-38.354,-7.6997],[-38.5256,-7.7677],[-38.7067,-7.6059],[-38.5307,-7.3065],[-38.7402,-6.914],[-38.5054,-6.3497],[-38.1303,-6.5198],[-37.8441,-6.341],[-37.7496,-6.169],[-37.2172,-6.026],[-37.1754,-6.1168],[-37.5214,-6.6709],[-37.296,-6.7149],[-37.231,-6.8226],[-36.9969,-6.7092],[-36.805,-6.7608],[-36.7218,-6.9778],[-36.5369,-6.8788],[-36.535,-6.6383],[-36.4428,-6.6228],[-36.5078,-6.4059],[-36.3835,-6.3028],[-35.9626,-6.4619],[-34.9633,-6.5033]]]}},{"type":"Feature","properties":{"id":"BR-PE","name":"Pernambuco","country":"Brazil","iso":"BRA"},"geometry":{"type":"MultiPolygon","coordinates":[[[[-35.1068,-7.3958],[-34.8053,-7.6227],[-34.9072,-7.7338],[-34.8659,-7.7175],[-34.8921,-7.7626],[-34.8935,-7.8049],[-34.8116,-7.9325],[-34.8512,-8.0686],[-34.9289,-8.0349],[-34.9386,-8.3471],[-35.1483,-8.9136],[-35.4876,-8.8326],[-36.0142,-8.8945],[-36.3458,-9.201],[-36.5902,-9.297],[-36.8543,-9.2657],[-36.9545,-9.3506],[-37.5191,-8.9437],[-37.6714,-8.9846],[-37.7579,-8.8592],[-38.2352,-9.3304],[-38.2874,-9.0135],[-38.4812,-9.0003],[-38.4848,-8.8368],[-38.6446,-8.9769],[-38.7974,-8.7857],[-38.9677,-8.7894],[-39.3822,-8.5286],[-39.6802,-8.6497],[-39.69,-8.7824],[-39.883,-8.8179],[-39.9685,-9.0429],[-40.2498,-9.0709],[-40.3347,-9.3607],[-40.6333,-9.4879],[-40.7583,-9.4531],[-40.7036,-9.2219],[-40.8531,-9.1518],[-40.8986,-8.8445],[-41.1218,-8.7129],[-41.3708,-8.7119],[-40.5767,-8.1028],[-40.5313,-7.9054],[-40.6605,-7.7603],[-40.6476,-7.3992],[-39.6542,-7.3733],[-39.3453,-7.5511],[-39.0735,-7.854],[-38.6971,-7.6202],[-38.5256,-7.7677],[-38.3418,-7.7031],[-38.2553,-7.8496],[-37.9613,-7.7684],[-37.2544,-7.2698],[-36.9931,-7.4831],[-37.197,-7.5731],[-37.1683,-7.7749],[-37.3472,-7.9917],[-37.1502,-7.978],[-37.1235,-8.1735],[-36.9627,-8.2835],[-36.7674,-8.2142],[-36.4158,-7.821],[-35.9291,-7.8402],[-35.8919,-7.7294],[-35.556,-7.6539],[-35.4922,-7.4537],[-35.1068,-7.3958]]],[[[-34.8842,-7.804],[-34.8223,-7.7388],[-34.8454,-7.8135],[-34.8842,-7.804]]]]}},{"type":"Feature","properties":{"id":"BR-AL","name":"Alagoas","country":"Brazil","iso":"BRA"},"geometry":{"type":"Polygon","coordinates":[[[-35.1483,-8.9136],[-35.6962,-9.6729],[-35.7781,-9.7001],[-35.7999,-9.5847],[-35.8581,-9.7346],[-35.9054,-9.6248],[-35.963,-9.6108],[-35.8736,-9.7555],[-35.8106,-9.7448],[-36.4081,-10.5021],[-36.5662,-10.4105],[-36.6204,-10.2536],[-36.9312,-10.1187],[-36.983,-9.9667],[-37.7927,-9.6387],[-38.2352,-9.3304],[-37.7579,-8.8592],[-37.6714,-8.9846],[-37.5191,-8.9437],[-36.9385,-9.3558],[-36.8779,-9.271],[-36.5902,-9.297],[-36.3458,-9.201],[-36.0058,-8.8923],[-35.7216,-8.9203],[-35.4876,-8.8326],[-35.1483,-8.9136]]]}},{"type":"Feature","properties":{"id":"BR-SE","name":"Sergipe","country":"Brazil","iso":"BRA"},"geometry":{"type":"Polygon","coordinates":[[[-36.4081,-10.5021],[-36.9031,-10.7729],[-37.1383,-11.1259],[-37.2751,-11.0227],[-37.1492,-11.1874],[-37.3301,-11.4207],[-37.4025,-11.3997],[-37.2721,-11.2494],[-37.3441,-11.1843],[-37.4154,-11.4064],[-37.4701,-11.3587],[-37.4314,-11.4929],[-37.7959,-11.5237],[-37.9983,-11.3766],[-37.9866,-11.2193],[-38.2436,-10.8722],[-38.1912,-10.7159],[-37.9963,-10.7599],[-37.7824,-10.6276],[-37.7753,-10.0994],[-38.0251,-9.7476],[-38.0156,-9.5414],[-36.983,-9.9667],[-36.9312,-10.1187],[-36.6204,-10.2536],[-36.5662,-10.4105],[-36.4081,-10.5021]]]}},{"type":"Feature","properties":{"id":"BR-BA","name":"Bahia","country":"Brazil","iso":"BRA"},"geometry":{"type":"MultiPolygon","coordinates":[[[[-37.6805,-11.5689],[-37.3608,-11.4548],[-37.7867,-12.2646],[-38.3204,-12.9352],[-38.5327,-13.0165],[-38.5089,-12.7229],[-38.691,-12.5715],[-38.8066,-12.8351],[-38.8617,-12.6541],[-38.9237,-12.7366],[-38.854,-12.8513],[-38.7245,-12.8732],[-38.895,-13.081],[-38.807,-13.1438],[-38.9476,-13.2468],[-38.9546,-13.3725],[-39.0398,-13.3325],[-39.1155,-13.5994],[-39.0118,-13.497],[-38.98,-13.8359],[-39.0916,-13.7127],[-39.1488,-13.7369],[-38.9945,-13.8635],[-39.0745,-13.8942],[-38.9796,-14.0611],[-39.071,-14.0763],[-39.0745,-14.1406],[-39.0398,-14.1754],[-39.0634,-14.11],[-38.9573,-14.0661],[-38.9299,-13.8976],[-38.9237,-14.0041],[-39.0671,-14.675],[-38.8617,-15.8543],[-39.2086,-17.1622],[-39.1371,-17.6796],[-39.4991,-18.0056],[-39.6726,-18.3232],[-40.1845,-18.0093],[-40.207,-17.7658],[-40.4879,-17.5541],[-40.517,-17.3643],[-40.6096,-17.3917],[-40.5208,-16.9209],[-40.2469,-16.8397],[-40.2657,-16.5809],[-40.1374,-16.5443],[-39.8613,-16.1356],[-40.2247,-15.8201],[-40.9449,-15.6735],[-41.14,-15.7786],[-41.3225,-15.742],[-41.3606,-15.4952],[-41.8014,-15.1096],[-42.0873,-15.1818],[-43.1596,-14.6349],[-43.4924,-14.7886],[-43.835,-14.6906],[-43.8828,-14.5617],[-43.7941,-14.341],[-44.218,-14.2389],[-44.654,-14.3979],[-45.5583,-14.9388],[-45.7471,-15.1442],[-45.9259,-15.127],[-46.0826,-15.2384],[-45.915,-14.709],[-45.9205,-14.3508],[-46.1256,-14.1889],[-46.2597,-13.8686],[-46.2141,-13.4651],[-46.0737,-13.2949],[-46.1793,-13.2109],[-46.1616,-13.0472],[-46.0617,-12.9525],[-46.2426,-12.779],[-46.1602,-12.5],[-46.3452,-12.342],[-46.331,-12.0993],[-46.0699,-11.9149],[-46.2607,-11.8412],[-46.2721,-11.754],[-46.0839,-11.6095],[-46.4502,-11.4896],[-46.5622,-11.2899],[-46.2319,-10.8985],[-46.3024,-10.7583],[-45.7577,-10.3308],[-45.5809,-10.3482],[-45.3276,-10.7737],[-45.0583,-10.8957],[-44.8031,-10.8721],[-44.4193,-10.5903],[-44.1353,-10.601],[-43.9188,-10.4361],[-43.707,-10.0503],[-43.6828,-9.8021],[-43.8355,-9.48],[-43.626,-9.341],[-43.45,-9.304],[-43.3505,-9.4312],[-43.1135,-9.3743],[-42.8505,-9.5489],[-42.6224,-9.5658],[-42.3189,-9.3119],[-42.0426,-9.2078],[-41.8501,-9.2526],[-41.7337,-9.1387],[-41.7349,-8.9816],[-41.5,-8.9355],[-41.3708,-8.7119],[-41.142,-8.7094],[-40.8891,-8.8569],[-40.8531,-9.1518],[-40.7036,-9.2219],[-40.7583,-9.4531],[-40.6333,-9.4879],[-40.3347,-9.3607],[-40.2498,-9.0709],[-39.9685,-9.0429],[-39.883,-8.8179],[-39.69,-8.7824],[-39.6908,-8.6586],[-39.4032,-8.5341],[-38.9677,-8.7894],[-38.7974,-8.7857],[-38.6446,-8.9769],[-38.5278,-8.8192],[-38.4812,-9.0003],[-38.2874,-9.0135],[-38.1979,-9.4128],[-38.0124,-9.478],[-38.0251,-9.7476],[-37.7728,-10.1128],[-37.7919,-10.6535],[-37.9963,-10.7599],[-38.1912,-10.7159],[-38.24,-10.8845],[-37.9866,-11.2193],[-37.9893,-11.3847],[-37.6805,-11.5689]]],[[[-38.9442,-13.3946],[-38.8964,-13.4535],[-38.902,-13.6718],[-38.9678,-13.4983],[-39.0459,-13.4582],[-38.9442,-13.3946]]],[[[-38.6971,-12.8805],[-38.5875,-12.9869],[-38.7865,-13.1339],[-38.6971,-12.8805]]]]}},{"type":"Feature","properties":{"id":"BR-ES","name":"Esp\u00edrito Santo","country":"Brazil","iso":"BRA"},"geometry":{"type":"MultiPolygon","coordinates":[[[[-39.6726,-18.3232],[-39.7449,-18.6817],[-39.7098,-19.4161],[-39.807,-19.6362],[-40.1571,-19.9589],[-40.2328,-20.2668],[-40.3693,-20.2327],[-40.366,-20.3232],[-40.2595,-20.3215],[-40.4183,-20.6153],[-40.7585,-20.8642],[-40.9651,-21.274],[-41.7114,-21.1112],[-41.7417,-20.8218],[-41.8812,-20.7646],[-41.796,-20.5308],[-41.8527,-20.3465],[-41.7286,-20.2093],[-41.3703,-20.1912],[-41.1568,-19.6605],[-40.958,-19.466],[-40.9453,-19.1408],[-41.0533,-18.9304],[-41.2398,-18.8431],[-40.9198,-18.7874],[-41.0276,-18.6503],[-41.0113,-18.4203],[-41.1485,-18.389],[-41.0589,-18.1788],[-40.7693,-18.1456],[-40.9148,-17.9521],[-40.4366,-17.8755],[-39.6726,-18.3232]]],[[[-29.3169,-20.5688],[-29.3483,-20.5613],[-29.3443,-20.551],[-29.3169,-20.5688]]],[[[-28.8778,-20.5143],[-28.8805,-20.5108],[-28.8771,-20.5117],[-28.8778,-20.5143]]]]}},{"type":"Feature","properties":{"id":"BR-RJ","name":"Rio de Janeiro","country":"Brazil","iso":"BRA"},"geometry":{"type":"MultiPolygon","coordinates":[[[[-40.9651,-21.274],[-41.0719,-21.5233],[-40.9726,-21.9867],[-41.6665,-22.2818],[-41.9663,-22.5354],[-41.993,-22.6999],[-41.8698,-22.7521],[-41.9896,-22.8263],[-42.0135,-22.9817],[-43.0314,-22.9743],[-43.1308,-22.9196],[-43.0251,-22.7355],[-43.0756,-22.6657],[-43.2702,-22.747],[-43.1512,-22.9333],[-43.2201,-22.9953],[-43.9888,-23.0974],[-43.6037,-23.0077],[-43.8502,-22.8923],[-44.2201,-23.0494],[-44.3578,-22.9196],[-44.7005,-23.1077],[-44.6514,-23.2848],[-44.5106,-23.2734],[-44.5838,-23.3532],[-44.8646,-23.2284],[-44.7922,-22.9835],[-44.2736,-22.8203],[-44.162,-22.6865],[-44.2198,-22.5889],[-44.6279,-22.6049],[-44.8313,-22.4061],[-43.7847,-22.0559],[-43.3277,-22.0018],[-43.1341,-22.0245],[-43.1381,-22.0965],[-42.3118,-21.7354],[-42.2648,-21.6671],[-42.3666,-21.5937],[-42.1377,-20.9563],[-41.9753,-20.923],[-41.9203,-20.8045],[-41.7417,-20.8218],[-41.7114,-21.1112],[-40.9651,-21.274]]],[[[-44.1009,-23.149],[-44.3277,-23.2213],[-44.3671,-23.1652],[-44.2351,-23.0688],[-44.1009,-23.149]]]]}},{"type":"Feature","properties":{"id":"BR-SP","name":"S\u00e3o Paulo","country":"Brazil","iso":"BRA"},"geometry":{"type":"MultiPolygon","coordinates":[[[[-44.7276,-23.3521],[-44.9193,-23.3488],[-45.0704,-23.5154],[-45.413,-23.6179],[-45.4267,-23.8307],[-45.8644,-23.7564],[-46.1461,-23.8444],[-46.2354,-23.9127],[-46.1119,-23.8649],[-46.1665,-23.9816],[-46.2877,-24.0212],[-46.3174,-24.0164],[-46.2764,-23.9816],[-46.2995,-23.9251],[-46.3854,-23.8735],[-46.4539,-23.9264],[-46.376,-24.0245],[-46.9366,-24.2734],[-47.0154,-24.4229],[-47.6339,-24.7556],[-47.8256,-24.8941],[-47.9606,-25.0499],[-48.0516,-25.0368],[-47.9497,-25.08],[-47.8871,-25.0573],[-48.0821,-25.3073],[-48.0325,-25.2294],[-48.179,-25.2041],[-48.2302,-25.0136],[-48.4205,-24.9597],[-48.5001,-25.0826],[-48.5749,-25.0485],[-48.4876,-24.7457],[-48.5817,-24.6818],[-49.2955,-24.666],[-49.2223,-24.35],[-49.5957,-23.8821],[-49.6381,-23.2593],[-49.9781,-22.9038],[-50.7649,-22.9539],[-50.8801,-22.8221],[-51.3469,-22.6519],[-51.6953,-22.6626],[-52.0667,-22.5217],[-52.2171,-22.6438],[-52.9472,-22.5708],[-53.168,-22.7017],[-52.967,-22.4589],[-52.3693,-22.0989],[-52.0436,-21.6661],[-52.1039,-21.5234],[-51.8674,-21.343],[-51.8711,-21.144],[-51.632,-20.877],[-51.58,-20.5964],[-50.5575,-19.8079],[-49.273,-19.9684],[-49.2164,-20.2941],[-49.0029,-20.1513],[-48.9011,-20.4387],[-48.8186,-20.1513],[-48.2426,-20.1377],[-48.2227,-20.0135],[-48.0716,-20.1509],[-47.9894,-20.0278],[-47.8817,-20.0998],[-47.8528,-19.9826],[-47.6358,-20.0385],[-47.4686,-19.9589],[-47.2346,-20.206],[-47.2921,-20.4375],[-47.1089,-20.6408],[-47.224,-20.9076],[-47.0006,-21.4006],[-46.6471,-21.3699],[-46.5095,-21.4539],[-46.6685,-21.8125],[-46.6173,-21.99],[-46.698,-22.0727],[-46.6007,-22.1326],[-46.7052,-22.3066],[-46.3857,-22.5316],[-46.476,-22.6706],[-46.3532,-22.8575],[-45.7866,-22.8493],[-45.7261,-22.5887],[-45.3991,-22.651],[-44.8313,-22.4061],[-44.6054,-22.6129],[-44.2155,-22.5906],[-44.1628,-22.6922],[-44.2736,-22.8203],[-44.7922,-22.9835],[-44.8646,-23.2284],[-44.7276,-23.3521]]],[[[-47.8319,-24.9133],[-47.4483,-24.6867],[-47.9001,-25.0368],[-47.8319,-24.9133]]],[[[-46.3937,-23.9202],[-46.2919,-23.9909],[-46.4204,-23.9474],[-46.3937,-23.9202]]],[[[-45.3085,-23.7214],[-45.2417,-23.9679],[-45.453,-23.8914],[-45.3085,-23.7214]]]]}},{"type":"Feature","properties":{"id":"AU-WA","name":"Western Australia","country":"Australia","iso":"AUS"},"geometry":{"type":"MultiPolygon","coordinates":[[[[128.1314,-15.0375],[128.1945,-15.1269],[128.1868,-15.1902],[128.1314,-15.0375]]],[[[128.3849,-14.8917],[128.4407,-15.0388],[128.3538,-14.8692],[128.3849,-14.8917]]],[[[126.5151,-13.9049],[126.554,-13.8753],[126.6108,-13.9011],[126.5151,-13.9049]]],[[[129.0001,-31.6892],[127.2887,-32.2734],[126.0076,-32.2734],[124.834,-32.8677],[124.315,-32.9661],[124.0947,-33.1557],[123.9525,-33.5673],[123.5266,-33.9387],[123.3833,-33.8909],[123.1546,-34.0095],[123.0231,-33.8606],[122.0947,-34.0191],[122.0057,-33.8207],[121.7937,-33.8971],[121.3338,-33.8152],[120.3943,-33.9738],[120.0022,-33.926],[119.572,-34.142],[119.4695,-34.3134],[119.5593,-34.3837],[119.4085,-34.37],[119.364,-34.495],[119.3014,-34.4459],[119.23,-34.5322],[118.8399,-34.4526],[118.8877,-34.5004],[118.7249,-34.6358],[118.4426,-34.74],[118.3984,-34.901],[118.1608,-34.9455],[118.1994,-35.0168],[117.8355,-35.0314],[118.0015,-35.0881],[117.9329,-35.1204],[117.6843,-35.0463],[117.6196,-35.1379],[117.1917,-35.0075],[116.6379,-35.0502],[116.395,-34.9495],[116.5037,-34.9392],[116.3875,-34.8575],[116.3761,-34.9174],[115.9785,-34.8356],[115.6123,-34.4459],[115.2908,-34.3019],[115.1188,-34.3634],[115.0104,-34.245],[114.9885,-33.5211],[115.1947,-33.6446],[115.3672,-33.6313],[115.7101,-33.2707],[115.6009,-32.6617],[115.7009,-32.513],[115.6397,-32.6569],[115.7141,-32.7805],[115.7215,-31.7726],[115.0608,-30.5224],[114.9426,-30.031],[114.9788,-29.4799],[114.8425,-29.1086],[114.6038,-28.8386],[114.5311,-28.5224],[114.166,-28.1067],[114.0125,-27.3154],[113.157,-26.1519],[113.276,-26.2349],[113.3062,-25.9967],[113.328,-26.2749],[113.3843,-26.3828],[113.3627,-26.0128],[113.4868,-26.4799],[113.5436,-26.2871],[113.5655,-26.5651],[113.6251,-26.44],[113.6696,-26.6529],[113.8703,-26.5221],[113.8848,-26.3427],[113.5772,-26.0893],[113.4208,-25.7282],[113.5152,-25.5093],[113.757,-25.8852],[113.728,-26.197],[113.8481,-26.1217],[113.8545,-25.9443],[114.0215,-26.3909],[114.1038,-26.4479],[114.2344,-26.3166],[114.1865,-25.9789],[114.2686,-25.9895],[114.2586,-25.8419],[113.6921,-25.1052],[113.6043,-24.7283],[113.3914,-24.4137],[113.4597,-23.9103],[113.7688,-23.4577],[113.8074,-22.9306],[113.6467,-22.5777],[114.0358,-21.8378],[114.176,-21.8222],[114.0775,-22.1755],[114.1714,-22.3175],[114.1224,-22.5042],[114.3374,-22.4938],[114.4956,-22.0045],[114.5503,-22.0419],[114.6467,-21.8434],[115.4785,-21.5012],[115.9367,-21.059],[116.1515,-20.97],[116.1963,-20.8469],[116.4515,-20.8147],[116.7909,-20.5349],[116.8555,-20.7121],[117.1541,-20.5964],[117.3115,-20.7228],[117.6748,-20.6721],[118.1509,-20.3561],[118.8057,-20.281],[119.0955,-19.9667],[119.5899,-20.0659],[120.9544,-19.6337],[121.4162,-19.2216],[121.6426,-18.8102],[121.6133,-18.7125],[121.7691,-18.6574],[121.811,-18.4626],[122.347,-18.1212],[122.3441,-17.983],[122.1698,-17.9783],[122.172,-17.2612],[122.4729,-16.9202],[122.595,-16.971],[122.5261,-16.8617],[122.5824,-16.7796],[122.821,-16.7797],[122.7588,-16.6044],[122.9162,-16.4159],[123.0203,-16.3826],[122.9598,-16.5803],[123.1322,-16.6863],[123.1433,-16.9138],[123.5708,-17.5951],[123.595,-16.9851],[123.9133,-17.2156],[123.7946,-17.0001],[123.863,-17.0256],[123.9533,-16.8285],[123.7925,-16.8907],[123.5099,-16.6539],[123.6092,-16.5463],[123.4242,-16.4911],[123.6433,-16.526],[123.5061,-16.408],[123.7117,-16.4298],[123.6316,-16.3647],[123.7117,-16.3336],[123.5397,-16.2652],[123.5702,-16.1769],[123.8069,-16.1911],[123.7327,-16.259],[123.8626,-16.3273],[123.863,-16.4298],[123.8919,-16.3388],[123.9928,-16.3779],[123.9109,-16.2175],[124.2227,-16.3956],[124.8789,-16.4207],[124.4015,-16.3293],[124.4343,-16.0578],[124.5204,-16.1764],[124.5962,-16.115],[124.6097,-15.8987],[124.7327,-15.8066],[124.6097,-15.8066],[124.4863,-15.9983],[124.3765,-15.5253],[124.6296,-15.505],[124.6401,-15.4159],[124.6826,-15.4739],[124.6637,-15.2504],[125.1852,-15.5178],[125.0725,-15.4189],[125.1443,-15.3131],[124.8853,-15.2968],[125.0554,-15.1623],[124.8699,-15.2504],[124.8342,-15.1647],[125.0213,-15.1003],[125.0002,-14.9704],[125.1653,-15.1623],[125.1458,-15.028],[125.1653,-15.0114],[125.2883,-15.1406],[125.4321,-15.138],[125.3665,-15.0514],[125.4295,-15.009],[125.1868,-14.9455],[125.3088,-14.885],[125.136,-14.7359],[125.3477,-14.4987],[125.3428,-14.6074],[125.3906,-14.5392],[125.4395,-14.6388],[125.4937,-14.4907],[125.5892,-14.5453],[125.5856,-14.2457],[125.7332,-14.2709],[125.6377,-14.6347],[125.7329,-14.3985],[125.9181,-14.6378],[125.9251,-14.5186],[126.0413,-14.5087],[125.9802,-14.3808],[126.1448,-14.1952],[126.1345,-14.0949],[125.9924,-14.0715],[125.9802,-13.9904],[126.0964,-14.0251],[126.0173,-13.9221],[126.1516,-13.9221],[126.1106,-14.0178],[126.2205,-13.9562],[126.1659,-14.0854],[126.2888,-14.2301],[126.3291,-14.0593],[126.4321,-13.9699],[126.5692,-13.942],[126.4533,-14.0776],[126.6035,-14.2301],[126.7072,-13.9836],[126.8573,-13.9494],[126.7474,-13.7918],[126.9529,-13.7236],[127.1297,-13.9677],[127.1652,-13.8805],[127.4185,-13.942],[127.9473,-14.5732],[128.2278,-14.7097],[128.1179,-14.8538],[128.0243,-15.4965],[128.1252,-15.1821],[128.2893,-15.4018],[128.1958,-15.0568],[128.3135,-14.905],[128.3501,-15.0373],[128.4502,-15.0427],[128.3958,-14.796],[129.0001,-14.8682],[129.0001,-31.6892]]],[[[112.9595,-25.4825],[113.207,-26.1397],[112.9539,-25.773],[112.9595,-25.4825]]],[[[113.0693,-25.2765],[113.0791,-25.0624],[113.1177,-25.0095],[113.0693,-25.2765]]],[[[113.1349,-24.892],[113.1177,-24.9952],[113.1519,-24.7556],[113.1349,-24.892]]],[[[115.429,-20.6691],[115.4081,-20.8537],[115.307,-20.8705],[115.429,-20.6691]]],[[[124.408,-15.2721],[124.4317,-15.3087],[124.3362,-15.3001],[124.408,-15.2721]]],[[[124.5687,-15.2442],[124.6502,-15.3951],[124.5313,-15.4404],[124.5825,-15.374],[124.4588,-15.3609],[124.5687,-15.2442]]],[[[124.9246,-14.9363],[124.927,-15.0292],[124.8638,-14.9726],[124.9246,-14.9363]]],[[[125.1951,-14.4701],[125.2049,-14.593],[125.1375,-14.6476],[125.0964,-14.549],[125.1951,-14.4701]]],[[[115.66,-32.1498],[115.6785,-32.2165],[115.6805,-32.2394],[115.66,-32.2325],[115.66,-32.1498]]],[[[115.4401,-32.0218],[115.5246,-31.9938],[115.5522,-32.0062],[115.4401,-32.0218]]],[[[113.6846,-28.4863],[113.7202,-28.4281],[113.7495,-28.4276],[113.6846,-28.4863]]]]}},{"type":"Feature","properties":{"id":"AU-NT","name":"Northern Territory","country":"Australia","iso":"AUS"},"geometry":{"type":"MultiPolygon","coordinates":[[[[129.6165,-14.8249],[129.6118,-14.8674],[129.583,-14.8038],[129.6165,-14.8249]]],[[[129.502,-14.7985],[129.5871,-14.8835],[129.5915,-14.9636],[129.502,-14.7985]]],[[[134.8543,-12.0378],[134.9263,-12.0681],[134.908,-12.1179],[134.8543,-12.0378]]],[[[134.9562,-12.0165],[134.9487,-12.0547],[134.9085,-12.0226],[134.9562,-12.0165]]],[[[135.122,-11.9297],[135.0577,-11.9532],[135.0461,-11.9415],[135.0539,-11.9194],[135.122,-11.9297]]],[[[133.3595,-11.6174],[133.4844,-11.602],[133.3602,-11.6603],[133.3595,-11.6174]]],[[[133.395,-11.489],[133.511,-11.5032],[133.395,-11.5442],[133.395,-11.489]]],[[[129.0001,-14.8682],[129.1839,-14.9819],[129.2141,-15.2374],[129.2288,-14.8366],[129.4766,-14.9338],[129.6773,-15.1992],[129.6492,-14.8327],[129.9824,-14.8059],[129.9824,-14.7097],[129.7986,-14.8168],[129.6699,-14.7531],[129.5881,-14.6135],[129.7176,-14.5959],[129.7894,-14.5317],[129.5353,-14.5453],[129.3729,-14.3293],[129.4822,-14.0519],[129.5852,-14.0929],[129.6057,-13.9972],[129.7356,-13.9918],[129.8913,-13.4377],[129.9689,-13.5305],[130.3323,-13.3464],[130.1227,-13.1646],[130.1299,-12.9405],[130.3186,-12.906],[130.3543,-12.6721],[130.5068,-12.5964],[130.5864,-12.7092],[130.6929,-12.7006],[130.5604,-12.6284],[130.5784,-12.4008],[130.7839,-12.435],[130.7901,-12.5851],[130.8999,-12.6398],[130.9686,-12.6267],[130.8738,-12.5136],[130.9686,-12.5374],[130.8247,-12.4008],[131.0513,-12.3735],[131.0261,-12.1471],[131.2573,-12.2363],[131.2962,-12.0439],[131.4478,-12.2898],[131.897,-12.2159],[132.0579,-12.3067],[132.2513,-12.1563],[132.3799,-12.216],[132.3875,-12.3803],[132.4396,-12.1549],[132.7576,-12.1334],[132.6345,-12.0672],[132.593,-11.7844],[132.6956,-11.6535],[132.4954,-11.4762],[132.1065,-11.5231],[131.9761,-11.3513],[131.7676,-11.3108],[131.8825,-11.172],[131.9832,-11.2263],[131.9816,-11.1301],[132.1145,-11.2088],[132.1747,-11.4064],[132.2362,-11.3513],[132.1613,-11.1237],[132.2852,-11.2685],[132.343,-11.122],[132.3779,-11.2831],[132.4749,-11.2341],[132.6742,-11.5084],[132.8949,-11.4189],[132.911,-11.3318],[133.1668,-11.7044],[133.5321,-11.7491],[133.5321,-11.8658],[133.9158,-11.7223],[133.8438,-11.8552],[134.1379,-11.8795],[134.1929,-12.0787],[134.285,-11.9682],[134.5942,-12.0644],[134.7686,-11.9477],[134.8611,-12.1266],[135.2176,-12.3008],[135.1701,-12.2282],[135.3493,-12.236],[135.2227,-12.1913],[135.3247,-12.1109],[135.5879,-12.0986],[135.712,-12.0185],[135.5658,-12.0255],[135.8753,-11.8459],[135.8782,-11.7563],[135.9034,-11.8499],[135.7169,-12.003],[135.9163,-11.9682],[135.6501,-12.1646],[135.7319,-12.3115],[136.0535,-12.0644],[135.9354,-12.2136],[136.0602,-12.2322],[136.0232,-12.4557],[136.2527,-12.4411],[136.3682,-12.2394],[136.177,-12.1708],[136.5643,-11.8916],[136.4703,-11.9864],[136.6636,-12.2636],[136.7609,-12.1645],[136.9837,-12.3455],[136.7712,-12.5414],[136.8055,-12.4565],[136.7402,-12.4758],[136.6107,-12.8303],[136.4717,-12.7739],[136.6575,-12.9957],[136.4968,-12.9752],[136.5672,-13.0582],[136.4723,-13.2424],[136.322,-13.308],[136.3882,-13.2258],[136.3329,-13.0469],[136.1586,-13.2629],[136.1476,-13.1222],[136.0535,-13.3119],[136.0083,-13.2155],[135.9111,-13.2842],[135.9694,-13.4257],[135.8547,-13.456],[135.8867,-13.7136],[136.0779,-13.6627],[135.9094,-14.1952],[135.3682,-14.7228],[135.4696,-14.948],[136.2246,-15.4086],[136.2732,-15.5595],[136.5947,-15.7109],[136.7156,-15.936],[136.9919,-15.8642],[137.3612,-16.1222],[137.7461,-16.2521],[138.0002,-16.5416],[138.0002,-25.9999],[129.0001,-25.9999],[129.0001,-14.8682]]],[[[136.6157,-15.714],[136.7119,-15.7035],[136.6636,-15.7786],[136.6157,-15.714]]],[[[136.7318,-15.6489],[136.835,-15.6824],[136.7318,-15.7444],[136.7318,-15.6489]]],[[[136.9948,-15.5928],[137.0729,-15.847],[136.9347,-15.7213],[136.9948,-15.5928]]],[[[136.6157,-15.539],[136.5879,-15.6352],[136.4985,-15.6277],[136.5249,-15.5343],[136.6157,-15.539]]],[[[136.8833,-15.4981],[136.8485,-15.6352],[136.8416,-15.5533],[136.8833,-15.4981]]],[[[135.7278,-14.8345],[135.7627,-14.9009],[135.6872,-14.9029],[135.7278,-14.8345]]],[[[136.8117,-13.8089],[136.8103,-13.8083],[136.8181,-13.8014],[136.8117,-13.8089]]],[[[136.2869,-13.7058],[136.2361,-13.8473],[136.177,-13.7638],[136.1167,-13.8167],[136.1953,-13.6696],[136.2869,-13.7058]]],[[[136.9515,-14.1816],[136.9031,-14.2989],[136.3241,-14.2296],[136.4373,-14.1204],[136.4097,-13.8185],[136.5947,-13.8123],[136.5723,-13.6862],[136.7183,-13.6477],[136.7318,-13.8395],[136.8142,-13.8497],[136.9031,-13.7576],[136.7046,-14.1269],[136.9515,-14.1816]]],[[[136.143,-13.5604],[136.095,-13.3604],[136.2031,-13.4612],[136.143,-13.5604]]],[[[136.7971,-12.1084],[136.8294,-12.1323],[136.821,-12.138],[136.7971,-12.1084]]],[[[132.3399,-12.0986],[132.4119,-12.0837],[132.4058,-12.133],[132.3399,-12.0986]]],[[[136.2902,-11.9757],[136.2693,-12.039],[136.1292,-12.0576],[136.1292,-12.0167],[136.2902,-11.9757]]],[[[136.4832,-11.8894],[136.4778,-11.8142],[136.4985,-11.7981],[136.4832,-11.8894]]],[[[136.529,-11.7765],[136.5816,-11.7981],[136.5195,-11.7907],[136.529,-11.7765]]],[[[136.006,-11.7087],[135.9809,-11.6614],[136.0552,-11.65],[136.006,-11.7087]]],[[[132.6198,-11.6467],[132.5838,-11.7201],[132.5088,-11.6496],[132.5452,-11.6316],[132.6198,-11.6467]]],[[[136.177,-11.6882],[136.478,-11.4611],[136.3757,-11.5921],[136.177,-11.6882]]],[[[130.448,-11.7013],[130.6282,-11.8046],[130.0166,-11.777],[130.0715,-11.6712],[130.1854,-11.6765],[130.147,-11.489],[130.345,-11.3171],[130.448,-11.7013]]],[[[131.5374,-11.4133],[131.474,-11.6002],[131.3866,-11.5778],[130.9612,-11.9339],[130.4966,-11.6495],[130.3674,-11.2043],[130.5872,-11.2868],[130.5662,-11.3946],[130.6585,-11.3313],[130.6956,-11.4343],[130.9209,-11.3093],[131.0233,-11.4133],[131.1531,-11.2493],[131.2192,-11.3997],[131.2744,-11.1896],[131.5374,-11.4133]]],[[[136.7637,-11.0401],[136.7165,-11.2062],[136.5353,-11.4432],[136.478,-11.4479],[136.7637,-11.0401]]],[[[132.5993,-11.345],[132.4681,-11.03],[132.5993,-10.9684],[132.5993,-11.345]]]]}},{"type":"Feature","properties":{"id":"AU-SA","name":"South Australia","country":"Australia","iso":"AUS"},"geometry":{"type":"MultiPolygon","coordinates":[[[[134.1956,-32.4959],[133.8644,-32.5468],[133.95,-32.3894],[133.6492,-32.1017],[133.2708,-32.2188],[132.7762,-31.9509],[132.2337,-32.033],[131.783,-31.7278],[131.1775,-31.4776],[130.7901,-31.6081],[130.1569,-31.5739],[129.0001,-31.6892],[129.0001,-25.9999],[141.0001,-25.9999],[140.9682,-38.0594],[140.6902,-38.0681],[140.3982,-37.9199],[139.7415,-37.1808],[139.7883,-37.1262],[139.672,-36.9534],[139.8635,-36.7673],[139.729,-36.3723],[139.4567,-35.9579],[138.9178,-35.5768],[139.4475,-35.9273],[139.672,-36.2278],[139.4754,-35.8964],[139.0414,-35.6041],[139.1553,-35.5034],[139.2295,-35.6894],[139.3381,-35.6874],[139.3557,-35.5934],[139.2189,-35.5073],[139.361,-35.4895],[139.363,-35.3769],[139.178,-35.3154],[138.9612,-35.4138],[139.0309,-35.5175],[138.7938,-35.484],[138.9934,-35.5475],[138.7459,-35.5388],[138.5313,-35.6459],[138.1074,-35.6207],[138.4382,-35.3427],[138.5506,-34.7819],[138.0781,-34.1284],[137.7495,-35.131],[136.8394,-35.2561],[137.0198,-34.9015],[137.4461,-34.9174],[137.5127,-34.6178],[137.4143,-34.4724],[137.4524,-34.1557],[137.6021,-33.8766],[137.9309,-33.6165],[137.8104,-33.26],[138.0402,-33.0816],[137.7739,-32.5198],[137.7783,-32.9828],[137.6321,-32.9615],[137.4522,-33.1401],[137.2249,-33.6533],[136.9456,-33.6823],[136.8831,-33.7548],[136.9646,-33.7531],[136.6074,-33.9029],[136.1148,-34.3837],[136.1014,-34.5348],[135.9368,-34.5346],[135.7995,-34.8053],[136.0164,-34.7441],[135.9646,-35.0075],[135.7827,-34.8576],[135.6326,-34.9529],[135.2879,-34.5925],[135.1081,-34.596],[135.2098,-34.4316],[135.3709,-34.6282],[135.5036,-34.6119],[135.3892,-34.5693],[135.1898,-33.893],[134.8408,-33.6313],[134.861,-33.4794],[134.7062,-33.1729],[134.5816,-33.1459],[134.6283,-33.2467],[134.4776,-33.1573],[134.3335,-33.205],[134.1486,-33.0275],[134.1907,-32.9465],[134.0687,-32.9293],[134.1328,-32.8356],[134.0741,-32.714],[134.2168,-32.7258],[134.214,-32.8062],[134.2976,-32.6785],[134.1956,-32.4959]]],[[[138.1296,-35.8163],[138.0477,-35.9186],[137.6288,-35.9103],[137.6023,-36.0258],[137.4592,-36.0827],[137.2279,-35.9798],[136.7156,-36.0628],[136.5326,-35.9119],[136.5978,-35.7575],[137.3351,-35.5829],[137.6229,-35.5821],[137.5808,-35.7268],[137.8128,-35.8115],[137.9356,-35.7265],[138.1296,-35.8163]]],[[[136.4475,-35.1694],[136.4763,-35.1447],[136.4985,-35.1721],[136.4475,-35.1694]]],[[[136.127,-34.9484],[136.2013,-35.0754],[136.0861,-34.9482],[136.127,-34.9484]]],[[[137.3362,-34.5153],[137.3738,-34.4982],[137.3548,-34.538],[137.3362,-34.5153]]],[[[134.4863,-33.7117],[134.5506,-33.7337],[134.479,-33.7836],[134.4863,-33.7117]]],[[[133.5657,-32.3212],[133.5794,-32.2597],[133.6755,-32.2394],[133.6204,-32.2597],[133.5657,-32.3212]]]]}},{"type":"Feature","properties":{"id":"AU-QLD","name":"Queensland","country":"Australia","iso":"AUS"},"geometry":{"type":"MultiPolygon","coordinates":[[[[138.0002,-16.5416],[138.2941,-16.7457],[139.0083,-16.8954],[139.1581,-17.033],[139.2399,-17.3234],[139.9995,-17.7062],[140.5075,-17.6363],[140.8452,-17.4412],[140.947,-17.0183],[141.2927,-16.4955],[141.4312,-16.0618],[141.4397,-15.6489],[141.6589,-15.0939],[141.5217,-14.4838],[141.5985,-14.1145],[141.4678,-13.8655],[141.6936,-13.2506],[141.5838,-12.9858],[141.8097,-12.6677],[141.9387,-12.9085],[141.9053,-12.7571],[142.0083,-12.7149],[141.8233,-12.6541],[141.9741,-12.5851],[141.7976,-12.58],[141.6936,-12.5032],[141.7448,-12.4548],[141.5906,-12.5408],[141.7171,-12.2328],[141.8097,-12.2363],[141.8312,-12.006],[141.9133,-11.9545],[141.9196,-12.1061],[142.033,-12.0412],[141.9476,-11.8962],[142.1318,-11.3381],[142.1511,-10.9506],[142.5501,-10.6902],[142.6159,-10.7524],[142.5017,-10.9478],[142.5908,-10.8649],[142.6663,-11.0031],[142.742,-10.975],[142.8722,-11.3825],[142.8623,-11.8368],[143.249,-11.9682],[143.0863,-12.149],[143.0772,-12.3288],[143.2529,-12.3889],[143.4339,-12.6131],[143.3589,-12.8805],[143.5438,-12.8328],[143.5979,-13.5242],[143.5301,-13.7502],[143.7827,-14.4023],[143.9412,-14.5112],[144.2012,-14.2504],[144.3036,-14.3126],[144.4863,-14.1619],[144.6776,-14.5558],[144.9007,-14.6142],[145.0305,-14.8059],[145.3457,-14.9426],[145.2358,-15.1659],[145.3495,-15.2504],[145.2439,-15.4284],[145.4624,-16.0605],[145.4004,-16.4433],[145.7225,-16.8002],[145.7743,-16.9884],[145.9551,-16.8731],[145.8818,-17.0597],[146.1477,-17.6326],[146.0101,-18.2365],[146.2092,-18.5134],[146.3394,-18.527],[146.2766,-18.8743],[146.4623,-19.075],[146.9051,-19.3046],[147.0241,-19.1774],[147.134,-19.4108],[147.4214,-19.4128],[147.4226,-19.3146],[147.6843,-19.8281],[147.785,-19.8354],[147.7508,-19.6915],[147.8239,-19.7143],[147.929,-19.8976],[148.2786,-19.9658],[148.2649,-20.0831],[148.402,-20.1985],[148.4442,-20.0619],[148.5601,-20.0527],[148.6108,-20.2136],[148.782,-20.2408],[148.937,-20.5349],[148.701,-20.4392],[148.6602,-20.5722],[148.8435,-20.7775],[148.8272,-20.8906],[149.0563,-20.8985],[149.0266,-20.9763],[149.2312,-21.0898],[149.1965,-21.2201],[149.3411,-21.4244],[149.2922,-21.5107],[149.4872,-21.5359],[149.4354,-21.7897],[149.5876,-22.2822],[149.6974,-22.3443],[149.6633,-22.4938],[149.8128,-22.3781],[150.0467,-22.6453],[149.9235,-22.2983],[150.0536,-22.1415],[150.194,-22.3787],[150.6091,-22.6105],[150.5676,-22.3232],[150.7562,-22.4588],[150.6716,-22.5206],[150.7319,-22.6281],[150.7734,-22.5302],[150.8264,-22.6979],[150.7365,-22.9329],[150.8823,-23.4889],[150.814,-23.5092],[151.0113,-23.5665],[151.1872,-23.8041],[151.5505,-24.0914],[151.6917,-24.0983],[151.6414,-23.9783],[151.7804,-24.0226],[152.1231,-24.5917],[152.4697,-24.8056],[152.637,-25.1603],[152.5677,-25.1786],[152.9138,-25.2877],[152.8704,-25.4757],[152.9662,-25.4972],[152.884,-25.6742],[153.0213,-25.8251],[153.0213,-25.969],[153.0615,-25.8176],[153.2056,-25.935],[153.0741,-26.3166],[153.2102,-27.0772],[153.0383,-27.1935],[153.1174,-27.197],[153.065,-27.3105],[153.4458,-27.7914],[153.3999,-27.9542],[153.5065,-28.1493],[153.1067,-28.3539],[152.4872,-28.2634],[151.964,-28.5401],[152.067,-28.7032],[152.0136,-28.8992],[151.5644,-28.9506],[151.3761,-29.1706],[151.2874,-28.9208],[151.0621,-28.828],[151.0459,-28.7349],[150.7935,-28.635],[150.4496,-28.6465],[150.2981,-28.5349],[149.4844,-28.5839],[148.9714,-28.9997],[141.0001,-28.9999],[141.0001,-25.9999],[138.0002,-25.9999],[138.0002,-16.5416]]],[[[153.398,-27.4931],[153.5488,-27.4152],[153.4033,-27.7263],[153.398,-27.4931]]],[[[153.4292,-27.3544],[153.3605,-27.066],[153.4513,-27.017],[153.4292,-27.3544]]],[[[152.9536,-25.2785],[153.0064,-25.3277],[152.9939,-25.3385],[152.9536,-25.2785]]],[[[153.37,-24.989],[153.0999,-25.7577],[153.0553,-25.7971],[152.9463,-25.5829],[153.0685,-25.329],[153.0144,-25.2115],[153.2261,-25.0275],[153.1372,-24.8171],[153.2813,-24.6935],[153.37,-24.989]]],[[[151.3333,-23.7502],[151.3831,-23.8796],[151.3286,-23.8029],[151.3333,-23.7502]]],[[[151.2391,-23.4889],[151.2976,-23.7482],[151.2139,-23.7781],[150.9796,-23.4874],[151.2391,-23.4889]]],[[[149.7103,-22.3852],[149.7663,-22.3647],[149.7248,-22.4399],[149.7103,-22.3852]]],[[[150.4784,-22.2162],[150.5558,-22.3063],[150.4823,-22.345],[150.4784,-22.2162]]],[[[149.9165,-22.0419],[149.9282,-22.1601],[149.8885,-22.2268],[149.8694,-22.1423],[149.9165,-22.0419]]],[[[150.3428,-21.7717],[150.3411,-21.7409],[150.3689,-21.7267],[150.3428,-21.7717]]],[[[150.3053,-21.6598],[150.2461,-21.6789],[150.2461,-21.6236],[150.3053,-21.6598]]],[[[149.0941,-20.4182],[149.1151,-20.4797],[149.0531,-20.5281],[149.0394,-20.5007],[149.0941,-20.4182]]],[[[149.0674,-20.3152],[148.927,-20.2873],[148.9849,-20.1515],[149.0041,-20.2293],[149.0674,-20.3152]]],[[[148.9802,-20.0569],[148.8818,-20.1376],[148.9637,-20.0416],[148.9802,-20.0569]]],[[[148.4504,-20.0416],[148.481,-20.0046],[148.4702,-20.0476],[148.4504,-20.0416]]],[[[146.8329,-19.1023],[146.8201,-19.1751],[146.7803,-19.132],[146.8329,-19.1023]]],[[[146.3021,-18.2372],[146.3108,-18.4787],[146.2234,-18.4655],[146.0973,-18.2452],[146.3021,-18.2372]]],[[[139.4939,-16.9851],[139.5693,-17.1004],[139.4251,-17.1428],[139.4939,-16.9851]]],[[[139.1077,-16.8625],[139.1333,-16.8129],[139.1581,-16.8276],[139.1077,-16.8625]]],[[[139.7341,-16.4433],[139.7077,-16.5265],[139.4871,-16.5178],[139.4447,-16.6646],[139.3021,-16.7245],[139.178,-16.6624],[139.1449,-16.756],[139.1643,-16.6163],[139.2879,-16.4706],[139.7341,-16.4433]]],[[[142.2554,-10.6667],[142.187,-10.7696],[142.1123,-10.6843],[142.1932,-10.5915],[142.2554,-10.6667]]],[[[142.2744,-10.6408],[142.2943,-10.5732],[142.3252,-10.6124],[142.2744,-10.6408]]],[[[142.2144,-10.1533],[142.3342,-10.2005],[142.2212,-10.2421],[142.2144,-10.1533]]],[[[142.1901,-10.081],[142.1901,-10.1437],[142.1429,-10.1856],[142.097,-10.1186],[142.1901,-10.081]]],[[[146.6341,-18.7365],[146.5702,-18.7608],[146.5813,-18.6822],[146.6341,-18.7365]]],[[[142.7546,-9.3698],[142.7139,-9.4286],[142.6012,-9.3995],[142.6375,-9.374],[142.7546,-9.3698]]],[[[142.1509,-9.2714],[142.2801,-9.2617],[142.2791,-9.287],[142.1509,-9.2714]]]]}},{"type":"Feature","properties":{"id":"AU-NSW","name":"New South Wales","country":"Australia","iso":"AUS"},"geometry":{"type":"Polygon","coordinates":[[[153.5065,-28.1493],[153.5911,-28.2685],[153.606,-28.8674],[153.3506,-29.281],[153.2949,-29.8266],[152.9878,-30.7346],[153.0879,-30.9267],[152.9345,-31.4828],[152.5464,-32.0437],[152.5399,-32.4421],[152.2948,-32.5596],[152.2192,-32.6972],[152.0609,-32.6979],[152.1851,-32.7668],[151.7992,-32.8937],[151.569,-33.2922],[151.4538,-33.3042],[151.4242,-33.5278],[151.2307,-33.5349],[151.2256,-33.6091],[151.3408,-33.6175],[151.2814,-33.9523],[151.0952,-34.0144],[151.2312,-34.0405],[150.801,-34.5483],[150.917,-34.6034],[150.7271,-34.8741],[150.8447,-35.0772],[150.6956,-35.0261],[150.2917,-35.7228],[150.1909,-35.7268],[150.2386,-35.8331],[150.0816,-36.0838],[150.1423,-36.32],[149.8761,-37.0959],[150.0536,-37.2687],[149.951,-37.2843],[149.9721,-37.5103],[148.1233,-36.7882],[148.2149,-36.6169],[147.9097,-36.005],[147.4837,-35.946],[147.3403,-36.0764],[147.1347,-36.0393],[147.0938,-36.168],[147.1963,-36.2203],[147.1069,-36.2412],[147.0053,-36.0901],[146.5043,-35.9739],[146.2162,-36.0558],[145.4938,-35.829],[145.0084,-35.8676],[144.9755,-36.0974],[144.7407,-36.135],[144.1001,-35.5868],[143.586,-35.3529],[143.5814,-35.2494],[143.364,-35.1072],[143.3281,-34.7844],[142.79,-34.5823],[142.6428,-34.7876],[142.548,-34.7709],[142.3858,-34.5334],[142.3965,-34.338],[142.0513,-34.116],[141.7061,-34.11],[141.5462,-34.2186],[141.0001,-34.0185],[141.0001,-28.9999],[148.9714,-28.9997],[149.4844,-28.5839],[150.2981,-28.5349],[150.4496,-28.6465],[150.7935,-28.635],[151.0459,-28.7349],[151.0621,-28.828],[151.2874,-28.9208],[151.3761,-29.1706],[151.5644,-28.9506],[152.0136,-28.8992],[152.067,-28.7032],[151.964,-28.5401],[152.4872,-28.2634],[153.1067,-28.3539],[153.5065,-28.1493]],[[149.1427,-35.4345],[149.403,-35.324],[149.1271,-35.1395],[148.8093,-35.3309],[148.7726,-35.6511],[148.9336,-35.8793],[149.0967,-35.8615],[149.1427,-35.4345]]]}},{"type":"Feature","properties":{"id":"AU-X02~","name":"Jervis Bay Territory","country":"Australia","iso":"AUS"},"geometry":{"type":"Polygon","coordinates":[[[150.6364,-35.1445],[150.7595,-35.1789],[150.613,-35.1873],[150.6364,-35.1445]]]}},{"type":"Feature","properties":{"id":"AU-VIC","name":"Victoria","country":"Australia","iso":"AUS"},"geometry":{"type":"MultiPolygon","coordinates":[[[[149.9721,-37.5103],[149.7184,-37.5158],[149.7663,-37.5841],[149.6785,-37.691],[149.4912,-37.7833],[148.3064,-37.8234],[147.7576,-37.9851],[146.8477,-38.685],[146.2241,-38.7145],[146.2864,-38.9098],[146.4767,-38.8105],[146.4834,-39.0646],[146.3942,-39.145],[146.1817,-38.8683],[146.0918,-38.8198],[145.9212,-38.9067],[145.8093,-38.6502],[145.5996,-38.6801],[145.3731,-38.5368],[145.5569,-38.3852],[145.4644,-38.2346],[145.2559,-38.2415],[145.229,-38.4133],[144.9446,-38.5103],[144.6768,-38.3332],[144.9829,-38.3414],[145.1193,-38.1594],[144.9348,-37.8679],[144.3731,-38.1184],[144.7048,-38.1461],[144.6528,-38.2858],[144.4019,-38.3012],[143.537,-38.8583],[142.5025,-38.3744],[142.1755,-38.3987],[141.762,-38.2618],[141.5579,-38.4397],[141.3945,-38.4016],[141.3748,-38.2912],[140.9682,-38.0594],[140.9671,-33.9865],[141.5462,-34.2186],[141.7485,-34.1032],[142.2351,-34.1919],[142.3965,-34.338],[142.3858,-34.5334],[142.5566,-34.7742],[142.6428,-34.7876],[142.79,-34.5823],[143.3281,-34.7844],[143.364,-35.1072],[143.5814,-35.2494],[143.586,-35.3529],[144.1001,-35.5868],[144.7407,-36.135],[144.9755,-36.0974],[145.0084,-35.8676],[145.4938,-35.829],[146.2162,-36.0558],[146.5043,-35.9739],[147.0053,-36.0901],[147.1069,-36.2412],[147.1963,-36.2203],[147.0938,-36.168],[147.1347,-36.0393],[147.3403,-36.0764],[147.4837,-35.946],[147.9097,-36.005],[148.2149,-36.6169],[148.1233,-36.7882],[149.9721,-37.5103]]],[[[146.6023,-38.7468],[146.5389,-38.7971],[146.4714,-38.7472],[146.6023,-38.7468]]],[[[145.2793,-38.4516],[145.361,-38.5485],[145.3526,-38.571],[145.113,-38.5305],[145.2793,-38.4516]]],[[[145.2979,-38.2966],[145.4944,-38.3652],[145.2837,-38.4026],[145.2979,-38.2966]]]]}},{"type":"Feature","properties":{"id":"CO-CAU","name":"Cauca","country":"Colombia","iso":"COL"},"geometry":{"type":"MultiPolygon","coordinates":[[[[-77.9023,2.6962],[-77.8505,2.6381],[-77.785,2.5938],[-77.8881,2.5938],[-77.8675,2.6398],[-77.9023,2.6962]]],[[[-77.8471,2.7241],[-77.7591,2.6031],[-77.8826,2.7246],[-77.8471,2.7241]]],[[[-78.0739,2.6468],[-77.9498,2.6745],[-77.9043,2.58],[-77.7604,2.5916],[-77.7515,2.6273],[-77.8124,2.7645],[-77.6417,2.8464],[-77.7157,2.8975],[-77.6273,2.991],[-77.7218,2.982],[-77.4649,3.3016],[-77.2615,3.124],[-77.1096,3.1919],[-76.8696,3.0929],[-76.7786,3.1839],[-76.5533,3.1101],[-76.4367,3.3179],[-76.0758,3.2133],[-76.0244,2.9119],[-75.781,2.6696],[-75.7953,2.4747],[-75.9662,2.491],[-76.2337,2.3518],[-76.3789,2.42],[-76.4168,2.1314],[-76.5508,2.1216],[-76.6007,1.9586],[-76.3818,1.6591],[-76.1453,1.5755],[-76.297,1.1961],[-76.0781,1.0215],[-76.5125,1.0386],[-76.5205,1.3015],[-76.6545,1.4377],[-76.9117,1.3132],[-76.8436,1.5989],[-76.9244,1.7198],[-77.3251,1.6894],[-77.1993,1.961],[-77.3264,2.0622],[-77.313,2.1714],[-77.8401,2.1772],[-77.9527,2.5557],[-78.0739,2.6468]]],[[[-78.2044,2.9457],[-78.1671,2.9597],[-78.2203,2.9336],[-78.2044,2.9457]]]]}},{"type":"Feature","properties":{"id":"CO-VAC","name":"Valle del Cauca","country":"Colombia","iso":"COL"},"geometry":{"type":"Polygon","coordinates":[[[-77.4649,3.3016],[-77.381,3.3876],[-77.3189,3.32],[-77.3218,3.5478],[-77.1183,3.678],[-77.2008,3.7435],[-77.1256,3.7335],[-77.0316,3.9158],[-77.2916,3.8606],[-77.1892,4.0673],[-77.2643,4.1082],[-77.3621,3.928],[-77.4352,4.1528],[-77.2544,4.2422],[-76.7614,3.9959],[-76.575,4.0558],[-76.4396,4.2006],[-76.5457,4.3948],[-76.0759,5.0357],[-75.9193,4.7701],[-75.714,4.7129],[-75.8621,4.6129],[-75.8904,4.4236],[-75.7879,4.3508],[-75.8382,4.1218],[-75.7454,4.0415],[-75.9888,3.6468],[-76.0758,3.2133],[-76.4367,3.3179],[-76.5533,3.1101],[-76.7786,3.1839],[-76.8696,3.0929],[-77.1096,3.1919],[-77.2615,3.124],[-77.4649,3.3016]]]}},{"type":"Feature","properties":{"id":"CO-ANT","name":"Antioquia","country":"Colombia","iso":"COL"},"geometry":{"type":"Polygon","coordinates":[[[-76.9855,8.2562],[-76.9176,8.189],[-76.9425,8.1289],[-76.8254,8.103],[-76.9337,7.9646],[-76.7572,7.9236],[-76.7748,8.4167],[-76.9472,8.5455],[-76.4448,8.8699],[-76.2137,8.4529],[-76.5051,7.7407],[-76.4078,7.3804],[-75.857,7.3673],[-75.2288,8.046],[-74.9426,8.0726],[-74.8349,8.1887],[-74.5525,7.9292],[-74.4809,7.7242],[-74.5626,7.4236],[-74.4687,7.3614],[-74.3644,7.4888],[-74.3439,7.0104],[-74.2529,6.9961],[-73.9302,7.3008],[-73.8878,7.0199],[-74.3864,6.6263],[-74.3792,6.4235],[-74.5798,6.216],[-74.6625,5.7719],[-75.0912,5.6596],[-75.2761,5.4336],[-75.3846,5.6742],[-75.6011,5.7351],[-75.5857,5.5188],[-75.9254,5.4939],[-76.0979,5.6434],[-76.1113,5.9756],[-76.2582,6.174],[-76.7137,6.1784],[-76.9728,6.8102],[-76.811,6.8626],[-76.8166,7.0083],[-76.5461,6.991],[-76.5083,7.1863],[-77.1264,7.7809],[-76.9599,8.0652],[-76.9855,8.2562]]]}},{"type":"Feature","properties":{"id":"CO-COR","name":"C\u00f3rdoba","country":"Colombia","iso":"COL"},"geometry":{"type":"Polygon","coordinates":[[[-76.4448,8.8699],[-76.2643,8.9963],[-76.0961,9.3332],[-75.9438,9.4407],[-75.6983,9.4169],[-75.2128,9.0416],[-75.2092,8.9238],[-75.3566,8.8418],[-75.3053,8.4912],[-75.1835,8.4019],[-74.9433,8.4863],[-74.801,8.2496],[-74.9426,8.0726],[-75.2288,8.046],[-75.857,7.3673],[-76.4078,7.3804],[-76.5051,7.7407],[-76.2137,8.4529],[-76.4448,8.8699]]]}},{"type":"Feature","properties":{"id":"CO-SUC","name":"Sucre","country":"Colombia","iso":"COL"},"geometry":{"type":"Polygon","coordinates":[[[-75.6983,9.4169],[-75.5764,9.6211],[-75.7051,9.7007],[-75.5816,10.092],[-75.4856,10.1431],[-75.4782,9.9154],[-75.3272,9.8814],[-75.3745,9.6403],[-75.1828,9.6432],[-74.904,9.4374],[-74.9004,9.1769],[-74.5422,8.8145],[-74.636,8.3319],[-74.805,8.2799],[-74.9433,8.4863],[-75.1835,8.4019],[-75.2951,8.4806],[-75.3566,8.8418],[-75.2092,8.9238],[-75.2128,9.0416],[-75.6983,9.4169]]]}},{"type":"Feature","properties":{"id":"CO-BOL","name":"Bol\u00edvar","country":"Colombia","iso":"COL"},"geometry":{"type":"MultiPolygon","coordinates":[[[[-75.5816,10.092],[-75.5307,10.2407],[-75.7036,10.1344],[-75.5157,10.319],[-75.5245,10.5671],[-75.2631,10.7398],[-75.2538,10.4974],[-74.9827,10.3428],[-74.9435,10.1375],[-74.8076,10.0345],[-74.8789,9.9155],[-74.7998,9.4486],[-74.5327,9.243],[-74.4307,9.2675],[-74.1533,9.049],[-73.8721,8.9733],[-73.7547,8.3887],[-73.8723,8.0449],[-73.8305,7.6101],[-73.9302,7.3008],[-74.2529,6.9961],[-74.3439,7.0104],[-74.3983,7.1686],[-74.3644,7.4888],[-74.4891,7.3578],[-74.5818,7.4668],[-74.4809,7.7242],[-74.5525,7.9292],[-74.8349,8.1887],[-74.5675,8.4131],[-74.5422,8.8145],[-74.9004,9.1769],[-74.904,9.4374],[-75.1828,9.6432],[-75.3745,9.6403],[-75.3272,9.8814],[-75.4782,9.9154],[-75.4856,10.1431],[-75.5816,10.092]]],[[[-75.2287,10.8109],[-75.27,10.7591],[-75.2674,10.7953],[-75.2287,10.8109]]],[[[-75.5907,10.319],[-75.5758,10.3779],[-75.5353,10.3506],[-75.5907,10.319]]]]}},{"type":"Feature","properties":{"id":"CO-ATL","name":"Atl\u00e1ntico","country":"Colombia","iso":"COL"},"geometry":{"type":"Polygon","coordinates":[[[-75.2563,10.7093],[-74.9236,11.0457],[-74.7743,11.01],[-74.7286,10.584],[-74.9175,10.2674],[-75.2538,10.4974],[-75.2563,10.7093]]]}},{"type":"Feature","properties":{"id":"CO-MAG","name":"Magdalena","country":"Colombia","iso":"COL"},"geometry":{"type":"Polygon","coordinates":[[[-74.8475,11.0877],[-74.2978,10.9915],[-74.4916,10.9795],[-74.4818,10.8508],[-74.597,10.8678],[-74.5985,10.7819],[-74.4997,10.7647],[-74.5096,10.8445],[-74.4021,10.748],[-74.2181,11.0791],[-74.1534,11.3437],[-73.5656,11.2771],[-73.651,10.9998],[-73.5709,10.5124],[-73.9202,10.3572],[-74.0691,10.0795],[-73.7842,9.5975],[-74.1371,9.4982],[-73.7998,9.0556],[-73.8704,8.8877],[-73.8721,8.9733],[-74.1533,9.049],[-74.4307,9.2675],[-74.5327,9.243],[-74.7998,9.4486],[-74.8789,9.9155],[-74.8044,10.0253],[-74.9477,10.1656],[-74.7258,10.6051],[-74.7286,10.9191],[-74.8475,11.0877]]]}},{"type":"Feature","properties":{"id":"NG-ON","name":"Ondo State","country":"Nigeria","iso":"NGA"},"geometry":{"type":"Polygon","coordinates":[[[5.003,5.8548],[4.493,6.3205],[4.5702,6.3358],[4.466,6.4064],[4.5923,6.4718],[4.586,6.6031],[4.383,6.5821],[4.3795,6.7138],[4.6926,7.1355],[4.8693,7.0982],[4.9915,7.4148],[5.3306,7.4199],[5.4325,7.2801],[5.7154,7.716],[5.9224,7.7569],[6.0284,7.5734],[5.7136,6.7521],[5.541,6.7171],[5.4956,6.8723],[5.2156,6.8724],[5.0799,6.6843],[5.1208,6.5141],[4.9793,6.2844],[5.1152,6.1269],[5.003,5.8548]]]}},{"type":"Feature","properties":{"id":"NG-DE","name":"Delta State","country":"Nigeria","iso":"NGA"},"geometry":{"type":"Polygon","coordinates":[[[5.6658,5.025],[5.3656,5.1635],[5.3457,5.3572],[5.5779,5.382],[5.5339,5.4764],[5.614,5.505],[5.6399,5.5402],[5.4236,5.4365],[5.4338,5.3956],[5.198,5.5015],[5.2228,5.5812],[5.5095,5.6016],[5.326,5.6054],[5.3376,5.7246],[5.2803,5.6175],[5.1292,5.6281],[5.1027,5.7932],[5.2904,5.9101],[5.0447,5.7675],[5.1152,6.1269],[5.2511,5.9057],[5.3314,6.0198],[5.6634,6.0399],[5.8961,5.8784],[5.8888,5.7462],[6.0215,5.7619],[6.2225,5.9746],[6.0703,6.3279],[6.2013,6.2871],[6.6767,6.5351],[6.7577,6.1229],[6.4953,5.3713],[6.0502,5.1046],[5.9475,5.1595],[5.6658,5.025]]]}},{"type":"Feature","properties":{"id":"NG-BY","name":"Bayelsa State","country":"Nigeria","iso":"NGA"},"geometry":{"type":"Polygon","coordinates":[[[6.7226,4.5914],[6.6775,4.3331],[6.5808,4.5079],[6.5696,4.3349],[6.2705,4.2926],[6.3325,4.4366],[6.263,4.3957],[6.2425,4.498],[6.2171,4.2906],[6.0967,4.2781],[6.0554,4.4199],[6.0618,4.2952],[5.9886,4.4161],[5.9463,4.3352],[5.5669,4.6752],[5.3909,5.1377],[5.6986,5.0267],[6.5856,5.3845],[6.3858,4.8174],[6.7226,4.5914]]]}},{"type":"Feature","properties":{"id":"NG-RI","name":"Rivers State","country":"Nigeria","iso":"NGA"},"geometry":{"type":"MultiPolygon","coordinates":[[[[7.5335,4.7027],[7.502,4.5727],[7.281,4.6011],[7.281,4.5049],[7.0718,4.7581],[7.1846,4.519],[7.044,4.4366],[6.9627,4.7309],[6.9893,4.6079],[6.9026,4.6669],[7.0221,4.3885],[6.8801,4.3882],[6.7853,4.817],[6.7156,4.8345],[6.8708,4.3608],[6.7156,4.3547],[6.7361,4.6079],[6.3858,4.8174],[6.49,5.2023],[6.62,5.3341],[6.4747,5.4385],[6.6057,5.7232],[6.7338,5.2942],[6.8702,5.1949],[7.2515,5.1947],[7.1765,4.8737],[7.4294,4.8621],[7.5335,4.7027]]],[[[7.3369,4.4601],[7.5845,4.4846],[7.4318,4.4348],[7.3369,4.4601]]],[[[7.2295,4.5328],[7.2984,4.4147],[7.138,4.397],[7.2295,4.5328]]]]}},{"type":"Feature","properties":{"id":"NG-AK","name":"Akwa Ibom State","country":"Nigeria","iso":"NGA"},"geometry":{"type":"Polygon","coordinates":[[[8.0958,4.9856],[8.3565,4.6256],[8.2886,4.5486],[7.5393,4.5418],[7.4628,4.9817],[7.5253,5.3053],[7.65,5.3294],[7.6408,5.5111],[8.0458,5.2328],[8.0958,4.9856]]]}},{"type":"Feature","properties":{"id":"US-LA","name":"Louisiana","country":"United States of America","iso":"USA"},"geometry":{"type":"MultiPolygon","coordinates":[[[[-89.526,30.1928],[-89.7084,30.1753],[-90.1894,30.3908],[-90.433,30.1433],[-90.1452,30.0238],[-89.6674,30.164],[-89.7179,30.0333],[-89.8404,30.0114],[-89.6645,29.8755],[-89.4862,30.0764],[-89.366,30.0487],[-89.4547,29.9764],[-89.3453,29.7917],[-89.4825,29.8333],[-89.6015,29.7348],[-89.4825,29.6341],[-89.7023,29.7098],[-89.6197,29.6273],[-89.7569,29.6341],[-89.5235,29.4696],[-89.5399,29.3978],[-89.1971,29.3535],[-89.0102,29.1747],[-89.097,29.1596],[-89.0232,29.1474],[-89.1337,28.9962],[-89.2477,29.1059],[-89.4136,28.9284],[-89.2762,29.1601],[-89.3837,29.0878],[-89.4552,29.2505],[-89.8181,29.3162],[-89.7438,29.3698],[-89.8163,29.4744],[-90.182,29.5795],[-90.2103,29.5151],[-90.0238,29.4286],[-90.0176,29.2983],[-90.2292,29.0867],[-90.2608,29.2695],[-90.3937,29.2431],[-90.4344,29.3572],[-90.6028,29.3076],[-90.7059,29.1195],[-91.2851,29.2609],[-91.328,29.2949],[-91.3397,29.3393],[-91.223,29.3802],[-91.154,29.2505],[-91.1131,29.271],[-91.2626,29.4691],[-91.2284,29.6081],[-91.2987,29.4838],[-91.5593,29.5385],[-91.6379,29.7421],[-91.8585,29.7191],[-91.8475,29.8312],[-92.2024,29.7644],[-92.0249,29.6273],[-92.2765,29.5338],[-93.1996,29.7728],[-93.831,29.7001],[-93.8937,29.7908],[-93.7819,29.8565],[-93.704,30.1438],[-93.7305,30.5657],[-93.5148,31.042],[-93.8296,31.5938],[-93.8401,31.7904],[-94.0432,31.9982],[-94.0413,33.0109],[-91.1665,33.0143],[-91.0719,32.9232],[-91.1573,32.7709],[-91.0702,32.7109],[-91.1682,32.6662],[-91.1052,32.4651],[-90.9132,32.3101],[-91.0954,32.1413],[-91.0914,32.0141],[-91.3513,31.8407],[-91.5289,31.5006],[-91.5288,31.2935],[-91.6479,31.2715],[-91.579,31.0562],[-91.6573,31.0002],[-89.7353,31.0001],[-89.8461,30.6825],[-89.526,30.1928]]],[[[-90.9151,29.0513],[-90.9032,29.0572],[-90.8796,29.0513],[-90.9151,29.0513]]],[[[-90.2838,29.0786],[-90.3108,29.0824],[-90.2838,29.086],[-90.2838,29.0786]]],[[[-90.0243,29.2385],[-89.9555,29.2573],[-90.0306,29.2164],[-90.0243,29.2385]]],[[[-89.173,29.4893],[-89.1662,29.4824],[-89.2218,29.4696],[-89.173,29.4893]]],[[[-91.7202,29.5817],[-91.8405,29.4838],[-92.0354,29.5962],[-91.7202,29.5817]]],[[[-89.4906,29.7938],[-89.4273,29.744],[-89.49,29.7365],[-89.4906,29.7938]]],[[[-89.337,29.8066],[-89.2772,29.8121],[-89.2907,29.7712],[-89.337,29.8066]]],[[[-89.279,29.9372],[-89.2355,29.9316],[-89.2939,29.9201],[-89.279,29.9372]]],[[[-89.2781,29.9821],[-89.2958,29.9422],[-89.3279,29.9159],[-89.2781,29.9821]]],[[[-88.8546,29.7692],[-88.8505,30.0468],[-88.8178,29.9835],[-88.8109,29.9152],[-88.821,29.8327],[-88.8546,29.7692]]],[[[-89.4394,30.1365],[-89.4249,30.1426],[-89.4313,30.1334],[-89.4394,30.1365]]],[[[-89.2499,30.102],[-89.2221,30.0338],[-89.3453,30.0661],[-89.1808,30.1685],[-89.2499,30.102]]],[[[-90.7672,29.0471],[-90.6422,29.0729],[-90.6563,29.0632],[-90.6728,29.0573],[-90.7494,29.041],[-90.7672,29.0471]]],[[[-90.4523,29.0696],[-90.4134,29.0486],[-90.5124,29.0749],[-90.4523,29.0696]]],[[[-90.4346,29.2645],[-90.4525,29.224],[-90.4463,29.2603],[-90.4346,29.2645]]],[[[-89.9338,29.2846],[-89.9132,29.2902],[-89.939,29.2772],[-89.9338,29.2846]]],[[[-90.1199,29.5055],[-90.0157,29.4438],[-90.0919,29.4735],[-90.1199,29.5055]]],[[[-89.057,29.5621],[-89.0499,29.565],[-89.0985,29.5209],[-89.057,29.5621]]],[[[-88.9783,29.6317],[-88.9701,29.6398],[-88.9645,29.6428],[-88.9783,29.6317]]],[[[-88.8896,29.7253],[-88.9388,29.6733],[-88.8741,29.7475],[-88.8896,29.7253]]]]}},{"type":"Feature","properties":{"id":"US-MS","name":"Mississippi","country":"United States of America","iso":"USA"},"geometry":{"type":"MultiPolygon","coordinates":[[[[-88.4022,30.3878],[-88.4706,30.3239],[-88.9276,30.4422],[-88.8594,30.4081],[-89.2535,30.3193],[-89.3218,30.3808],[-89.4425,30.1898],[-89.5649,30.1891],[-89.8461,30.6825],[-89.7353,31.0001],[-91.6573,31.0002],[-91.579,31.0562],[-91.6479,31.2715],[-91.5288,31.2935],[-91.5289,31.5006],[-91.3513,31.8407],[-91.0914,32.0141],[-91.0954,32.1413],[-90.9098,32.3243],[-91.1052,32.4651],[-91.1663,32.6445],[-91.0702,32.7109],[-91.1573,32.7709],[-91.0719,32.9232],[-91.1682,32.9815],[-91.0931,33.1675],[-91.2259,33.6899],[-91.0454,33.8145],[-91.093,33.9895],[-90.8801,34.0609],[-90.9559,34.1571],[-90.7594,34.3807],[-90.594,34.4251],[-90.568,34.7199],[-90.2718,34.9231],[-90.3042,35.0001],[-88.1791,34.9978],[-88.0882,34.9081],[-88.4862,31.8895],[-88.4022,30.3878]]],[[[-88.9674,30.2143],[-88.9278,30.2176],[-88.9693,30.2106],[-88.9674,30.2143]]],[[[-88.4342,30.2094],[-88.503,30.2238],[-88.4274,30.2163],[-88.4342,30.2094]]],[[[-89.077,30.2408],[-89.0846,30.1958],[-89.1536,30.2299],[-89.077,30.2408]]],[[[-88.6978,30.2579],[-88.5379,30.2244],[-88.7563,30.2504],[-88.6978,30.2579]]]]}},{"type":"Feature","properties":{"id":"US-AL","name":"Alabama","country":"United States of America","iso":"USA"},"geometry":{"type":"MultiPolygon","coordinates":[[[[-87.4052,30.6702],[-87.4737,30.3592],[-87.6118,30.3603],[-87.5902,30.2754],[-87.6545,30.2521],[-88.0301,30.2238],[-87.7642,30.2795],[-88.0301,30.7377],[-88.1263,30.3261],[-88.4022,30.3878],[-88.4862,31.8895],[-88.0894,34.892],[-88.1855,35.0097],[-85.6057,34.9852],[-85.2013,32.9352],[-84.8979,32.269],[-85.0314,32.1704],[-85.1439,31.824],[-85.0425,31.5353],[-85.101,31.1827],[-84.9974,31.0106],[-87.5936,30.9997],[-87.6211,30.8569],[-87.4052,30.6702]]],[[[-87.5292,30.2851],[-87.4463,30.2982],[-87.5292,30.2777],[-87.5292,30.2851]]],[[[-88.109,30.2761],[-88.091,30.2447],[-88.3113,30.2368],[-88.109,30.2761]]]]}},{"type":"Feature","properties":{"id":"US-FL","name":"Florida","country":"United States of America","iso":"USA"},"geometry":{"type":"MultiPolygon","coordinates":[[[[-87.4473,30.3131],[-87.3448,30.4399],[-87.439,30.5287],[-87.4052,30.6702],[-87.6253,30.8652],[-87.5936,30.9997],[-85.0066,31.0001],[-84.8758,30.7191],[-82.2398,30.5647],[-82.1662,30.3646],[-82.0486,30.3754],[-82.0413,30.7367],[-81.962,30.8184],[-81.4403,30.7008],[-81.4378,30.5241],[-81.489,30.621],[-81.5003,30.5513],[-81.2389,29.7373],[-80.5282,28.4726],[-80.5922,28.2079],[-80.4509,27.8664],[-80.6199,28.207],[-80.6004,28.6003],[-80.7659,28.6123],[-80.7523,28.7419],[-80.8481,28.7906],[-80.7383,28.3735],[-80.381,27.6661],[-80.3454,27.5146],[-80.1978,27.196],[-80.197,27.1805],[-80.2172,27.2094],[-80.3143,27.2426],[-80.1488,27.1383],[-80.0382,26.8112],[-80.1288,25.7753],[-80.1406,25.9008],[-80.3069,25.6182],[-80.4025,25.1862],[-80.5655,25.246],[-80.7109,25.1453],[-81.102,25.1247],[-81.1771,25.2278],[-81.1649,25.2981],[-81.13,25.3445],[-81.0779,25.2729],[-80.9853,25.2346],[-81.0058,25.2142],[-80.9172,25.2458],[-81.1413,25.3848],[-81.3485,25.8168],[-81.6227,25.9472],[-81.732,25.9205],[-81.6644,25.9813],[-81.8009,26.0986],[-81.8559,26.4489],[-82.0087,26.4845],[-81.7804,26.715],[-82.0391,26.5279],[-82.097,26.9094],[-81.9784,26.9962],[-82.1552,26.9276],[-82.2738,27.016],[-82.1503,26.8032],[-82.3138,26.8494],[-82.5736,27.3951],[-82.6984,27.4548],[-82.7292,27.5147],[-82.5892,27.5032],[-82.39,27.8111],[-82.4217,27.9172],[-82.5271,27.8248],[-82.5411,27.9428],[-82.691,28.0377],[-82.6444,27.9687],[-82.7189,27.9278],[-82.5619,27.8862],[-82.654,27.6951],[-82.8151,27.8322],[-82.7394,27.7286],[-82.7189,27.6597],[-82.8424,27.8285],[-82.6336,28.8876],[-82.8009,29.1747],[-83.0407,29.1801],[-83.6806,29.9213],[-84.024,30.1066],[-84.2091,30.1071],[-84.3836,30.0319],[-84.3463,29.9699],[-84.4535,30.0052],[-84.4661,29.9897],[-84.343,29.9468],[-84.349,29.902],[-84.3773,29.8874],[-84.5084,29.9221],[-84.8754,29.7332],[-84.8733,29.8046],[-85.3461,29.6784],[-85.3565,29.8887],[-85.6796,30.1343],[-85.4424,30.0202],[-85.395,30.0556],[-85.7205,30.1958],[-85.5555,30.2851],[-85.5868,30.3261],[-85.8544,30.2648],[-85.7205,30.1343],[-86.5109,30.4076],[-86.1078,30.3867],[-86.2071,30.5049],[-87.1941,30.3603],[-86.8938,30.4389],[-87.0296,30.6073],[-87.0774,30.4497],[-87.1806,30.5847],[-87.1804,30.436],[-87.4473,30.3131]]],[[[-81.8103,24.5582],[-81.732,24.5562],[-81.8146,24.5425],[-81.8103,24.5582]]],[[[-81.7257,24.5562],[-81.6569,24.5978],[-81.6501,24.5761],[-81.7257,24.5562]]],[[[-81.506,24.6388],[-81.5308,24.6152],[-81.6365,24.5836],[-81.5272,24.6245],[-81.5607,24.6934],[-81.506,24.6388]]],[[[-81.0762,24.7091],[-81.1361,24.707],[-81.0399,24.7344],[-81.0762,24.7091]]],[[[-81.4303,24.7548],[-81.3555,24.6862],[-81.3627,24.6313],[-81.3642,24.6612],[-81.4303,24.7548]]],[[[-80.9556,24.7687],[-80.9589,24.7493],[-81.0331,24.7207],[-80.9556,24.7687]]],[[[-80.845,24.8144],[-80.8022,24.8099],[-80.855,24.8033],[-80.845,24.8144]]],[[[-80.2516,25.3445],[-80.3615,25.1595],[-80.5786,24.9503],[-80.598,24.9501],[-80.3573,25.2274],[-80.369,25.2861],[-80.2516,25.3445]]],[[[-80.1882,25.4984],[-80.2169,25.4155],[-80.238,25.406],[-80.1882,25.4984]]],[[[-80.1583,25.6793],[-80.1833,25.7138],[-80.1561,25.7349],[-80.1583,25.6793]]],[[[-82.2049,26.5505],[-82.0268,26.4475],[-82.1639,26.4543],[-82.2049,26.5505]]],[[[-82.2477,26.6544],[-82.246,26.6945],[-82.2255,26.6113],[-82.2477,26.6544]]],[[[-82.082,26.4915],[-82.1324,26.6098],[-82.1776,26.7013],[-82.1136,26.6544],[-82.082,26.4915]]],[[[-82.2875,26.8031],[-82.258,26.7585],[-82.2664,26.715],[-82.2875,26.8031]]],[[[-82.649,27.3813],[-82.681,27.4341],[-82.5892,27.3244],[-82.649,27.3813]]],[[[-80.2926,27.4173],[-80.4446,27.8575],[-80.1629,27.1737],[-80.2926,27.4173]]],[[[-80.629,28.1811],[-80.6407,28.2042],[-80.6486,28.2227],[-80.629,28.1811]]],[[[-80.7374,28.4848],[-80.6122,28.5688],[-80.6498,28.2252],[-80.7374,28.4848]]],[[[-85.0861,29.6857],[-85.1719,29.6688],[-85.2128,29.6887],[-85.0861,29.6857]]],[[[-84.9875,29.6204],[-85.0973,29.6273],[-84.6927,29.7644],[-84.9875,29.6204]]],[[[-84.6569,29.7871],[-84.5764,29.8198],[-84.6647,29.7787],[-84.6569,29.7871]]],[[[-87.2965,30.3323],[-86.5218,30.4013],[-87.2412,30.3261],[-87.2965,30.3323]]],[[[-82.1283,24.5537],[-82.1138,24.5573],[-82.1288,24.5508],[-82.1283,24.5537]]],[[[-82.1105,24.5655],[-82.1457,24.5927],[-82.1348,24.593],[-82.1105,24.5655]]],[[[-81.4148,24.6477],[-81.4176,24.6594],[-81.4106,24.6554],[-81.4148,24.6477]]],[[[-81.2775,24.6576],[-81.2584,24.6676],[-81.276,24.6556],[-81.2775,24.6576]]],[[[-81.4607,24.6644],[-81.4393,24.6604],[-81.4414,24.6505],[-81.4607,24.6644]]],[[[-81.515,24.6977],[-81.4813,24.6498],[-81.5202,24.6741],[-81.515,24.6977]]],[[[-81.3409,24.7001],[-81.3207,24.6945],[-81.3178,24.675],[-81.3409,24.7001]]],[[[-80.7297,24.8628],[-80.7108,24.8643],[-80.7384,24.8507],[-80.7297,24.8628]]],[[[-80.6255,24.9362],[-80.6185,24.9416],[-80.6571,24.9011],[-80.6255,24.9362]]],[[[-81.0784,25.3017],[-81.0398,25.2967],[-81.0669,25.2768],[-81.0784,25.3017]]],[[[-81.1165,25.3419],[-81.0907,25.3128],[-81.1222,25.3366],[-81.1165,25.3419]]],[[[-81.4295,25.8509],[-81.4396,25.8039],[-81.4405,25.8424],[-81.4295,25.8509]]],[[[-81.4744,25.8725],[-81.512,25.8361],[-81.5169,25.8598],[-81.4744,25.8725]]],[[[-81.7084,25.8987],[-81.66,25.8865],[-81.6962,25.8658],[-81.7084,25.8987]]],[[[-81.5583,25.9034],[-81.5336,25.8786],[-81.5458,25.8537],[-81.5583,25.9034]]],[[[-82.6832,28.7377],[-82.6737,28.7144],[-82.696,28.7256],[-82.6832,28.7377]]],[[[-82.6738,28.7667],[-82.6949,28.7876],[-82.6799,28.7847],[-82.6738,28.7667]]],[[[-83.0503,29.1557],[-83.0297,29.1398],[-83.0582,29.1362],[-83.0503,29.1557]]]]}},{"type":"Feature","properties":{"id":"US-GA","name":"Georgia","country":"United States of America","iso":"USA"},"geometry":{"type":"MultiPolygon","coordinates":[[[[-81.136,32.1355],[-80.8357,32.0029],[-80.9805,31.8654],[-81.1182,31.9077],[-81.0399,31.827],[-81.1055,31.7427],[-81.2733,31.7655],[-81.1963,31.7176],[-81.3311,31.5524],[-81.3257,31.3489],[-81.4924,31.3677],[-81.2677,31.2587],[-81.386,31.1417],[-81.4548,31.206],[-81.4241,31.0251],[-81.5135,31.0933],[-81.4508,31.0219],[-81.5197,30.9841],[-81.4508,30.9636],[-81.5334,30.8537],[-81.5,30.7122],[-81.962,30.8184],[-82.0413,30.7367],[-82.0577,30.3692],[-82.1919,30.3739],[-82.2398,30.5647],[-84.8758,30.7191],[-85.101,31.1827],[-85.0425,31.5353],[-85.1439,31.824],[-85.0314,32.1704],[-84.8979,32.269],[-85.2013,32.9352],[-85.6057,34.9852],[-83.1148,35.0004],[-83.3555,34.7084],[-82.8573,34.4606],[-82.5705,33.9678],[-81.9381,33.4761],[-81.7597,33.1559],[-81.5176,33.0396],[-81.4058,32.6243],[-81.1318,32.3212],[-81.136,32.1355]]],[[[-81.4617,30.7258],[-81.4822,30.9044],[-81.4173,30.9704],[-81.4617,30.7258]]],[[[-81.3003,31.4115],[-81.1746,31.5214],[-81.2796,31.3855],[-81.3003,31.4115]]],[[[-81.1795,31.6359],[-81.1364,31.6984],[-81.161,31.5673],[-81.1795,31.6359]]]]}},{"type":"Feature","properties":{"id":"US-SC","name":"South Carolina","country":"United States of America","iso":"USA"},"geometry":{"type":"MultiPolygon","coordinates":[[[[-78.5732,33.8826],[-78.938,33.6421],[-79.1835,33.2179],[-79.272,33.3173],[-79.2323,33.4121],[-79.2995,33.2968],[-79.1835,33.1838],[-79.3404,33.1558],[-79.2926,33.1087],[-79.3715,33.064],[-79.387,33.0173],[-79.5848,33.0138],[-79.5887,32.9141],[-79.8287,32.7628],[-79.9438,32.8515],[-79.8714,32.7083],[-80.0051,32.6116],[-80.2659,32.6214],[-80.2045,32.5606],[-80.3312,32.4864],[-80.6698,32.5211],[-80.4782,32.4781],[-80.5875,32.4569],[-80.4584,32.4232],[-80.5471,32.3471],[-80.4298,32.4098],[-80.4708,32.3227],[-80.6368,32.2668],[-80.6573,32.4627],[-80.6783,32.3027],[-80.7593,32.3608],[-80.7856,32.4967],[-80.855,32.5395],[-80.7989,32.3197],[-80.6778,32.2147],[-80.8208,32.1081],[-80.7772,32.2073],[-80.7799,32.2447],[-80.911,32.0339],[-81.136,32.1355],[-81.1318,32.3212],[-81.4058,32.6243],[-81.5176,33.0396],[-81.7597,33.1559],[-81.9381,33.4761],[-82.5705,33.9678],[-82.8573,34.4606],[-83.3555,34.7084],[-83.1148,35.0004],[-82.3912,35.2183],[-81.061,35.1522],[-81.0452,35.0646],[-80.9336,35.1127],[-80.7929,34.9617],[-80.784,34.8276],[-79.6535,34.7957],[-78.5732,33.8826]]],[[[-79.3631,33.043],[-79.361,33.0057],[-79.3684,33.0057],[-79.3631,33.043]]]]}},{"type":"Feature","properties":{"id":"US-NC","name":"North Carolina","country":"United States of America","iso":"USA"},"geometry":{"type":"MultiPolygon","coordinates":[[[[-76.0317,36.5503],[-75.7855,36.0816],[-75.9617,36.307],[-75.9081,36.165],[-76.1988,36.3227],[-76.0635,36.162],[-76.292,36.2127],[-76.2201,36.0995],[-76.463,36.206],[-76.3115,36.0961],[-76.5773,36.0124],[-76.687,36.0561],[-76.6796,36.2875],[-76.7298,36.3227],[-76.7298,35.9453],[-76.0483,35.9837],[-76.0563,35.7934],[-76.1242,35.7946],[-76.0372,35.6988],[-76.1409,35.6988],[-76.0309,35.651],[-75.99,35.8869],[-75.8614,35.8807],[-75.8529,35.98],[-75.7218,35.8292],[-75.7538,35.6118],[-75.8863,35.6374],[-76.1504,35.3472],[-76.3553,35.4135],[-76.3736,35.3432],[-76.4183,35.4645],[-76.4984,35.3913],[-76.5752,35.4975],[-76.463,35.5412],[-76.6473,35.5207],[-76.5998,35.3951],[-77.052,35.5344],[-76.4704,35.2706],[-76.6752,35.1706],[-76.5605,35.1244],[-76.7645,34.9892],[-77.0793,35.157],[-76.9403,34.9798],[-76.5399,34.9321],[-76.4538,35.0734],[-76.4618,34.9406],[-76.3531,35.0272],[-76.2699,34.9652],[-76.5128,34.7344],[-76.616,34.8161],[-76.633,34.7092],[-76.6852,34.8007],[-76.7708,34.7535],[-76.702,34.7256],[-77.0933,34.677],[-77.1317,34.7624],[-77.318,34.5643],[-77.4356,34.7535],[-77.3789,34.5272],[-77.5359,34.4686],[-77.7305,34.3159],[-77.8327,34.207],[-77.8744,34.1223],[-77.9111,33.9582],[-77.942,33.9305],[-77.9216,34.1086],[-77.9626,34.1911],[-78.0323,33.8923],[-78.3747,33.9509],[-78.559,33.869],[-79.6535,34.7957],[-80.784,34.8276],[-80.7929,34.9617],[-80.9336,35.1127],[-81.0452,35.0646],[-81.061,35.1522],[-82.3912,35.2183],[-83.0965,35.0006],[-84.3246,34.9871],[-84.2906,35.2299],[-84.0784,35.2683],[-83.8887,35.5123],[-82.9906,35.7837],[-82.9075,35.9459],[-82.6298,36.0574],[-82.5596,35.9618],[-82.2132,36.1592],[-82.0779,36.1037],[-81.8924,36.3167],[-81.7164,36.3436],[-81.6589,36.6095],[-76.0317,36.5503]]],[[[-75.962,36.543],[-75.9521,36.4933],[-76.0133,36.5502],[-75.962,36.543]]],[[[-75.8531,36.549],[-75.7864,36.282],[-75.5238,35.7944],[-75.7195,36.01],[-75.8531,36.549]]],[[[-77.9952,33.8993],[-77.97,33.848],[-78.0178,33.8759],[-77.9952,33.8993]]],[[[-77.8602,34.1004],[-77.8442,34.1667],[-77.8192,34.1775],[-77.8602,34.1004]]],[[[-77.5787,34.4254],[-77.353,34.5276],[-77.6342,34.3625],[-77.5787,34.4254]]],[[[-76.6343,34.6915],[-76.5377,34.6422],[-76.6548,34.6915],[-76.6343,34.6915]]],[[[-77.0998,34.6498],[-76.7336,34.7176],[-76.6815,34.7051],[-77.0998,34.6498]]],[[[-76.4078,34.7944],[-76.2023,34.9447],[-76.5306,34.5891],[-76.4078,34.7944]]],[[[-76.1064,35.0303],[-76.0372,35.0613],[-76.147,34.9925],[-76.1064,35.0303]]],[[[-76.0173,35.075],[-75.9398,35.1269],[-75.7703,35.1979],[-76.0173,35.075]]],[[[-75.5171,35.7807],[-75.4518,35.5825],[-75.5156,35.2602],[-75.7357,35.1877],[-75.5163,35.291],[-75.5171,35.7807]]],[[[-75.6593,35.836],[-75.661,35.9248],[-75.6254,35.8301],[-75.6593,35.836]]]]}},{"type":"Feature","properties":{"id":"US-VA","name":"Virginia","country":"United States of America","iso":"USA"},"geometry":{"type":"MultiPolygon","coordinates":[[[[-75.9578,36.7194],[-76.0446,36.5895],[-83.6675,36.604],[-83.1285,36.7533],[-82.6815,37.1371],[-81.9652,37.5387],[-81.9274,37.3708],[-81.5839,37.2048],[-81.3635,37.3346],[-81.2241,37.2443],[-80.8824,37.3258],[-80.8459,37.4248],[-80.2943,37.5092],[-80.225,37.6216],[-80.2849,37.6851],[-79.7945,38.2739],[-79.6486,38.5881],[-79.2845,38.4269],[-78.9987,38.8423],[-78.8677,38.7882],[-78.4204,39.157],[-78.3222,39.4508],[-77.8357,39.1442],[-77.7347,39.3311],[-77.4667,39.2438],[-77.4958,39.1239],[-77.033,38.854],[-77.0478,38.7157],[-77.2299,38.6567],[-77.3385,38.3426],[-77.0408,38.3959],[-76.9542,38.2102],[-76.6146,38.1504],[-76.2479,37.9035],[-76.2501,37.8228],[-76.3249,37.8487],[-76.3047,37.6379],[-76.505,37.6569],[-76.935,38.0937],[-77.0626,38.166],[-77.1339,38.166],[-76.9259,38.0588],[-76.552,37.6268],[-76.2842,37.5696],[-76.3934,37.5331],[-76.2701,37.5174],[-76.2576,37.3355],[-76.4152,37.4427],[-76.3719,37.288],[-76.496,37.2491],[-76.7298,37.4945],[-76.7982,37.5044],[-76.6062,37.2958],[-76.4681,37.214],[-76.3856,37.2325],[-76.2962,37.0136],[-76.4292,36.9763],[-76.634,37.2207],[-76.7438,37.1975],[-76.8602,37.3231],[-76.9315,37.2453],[-76.9905,37.3203],[-77.2779,37.3293],[-76.718,37.15],[-76.67,37.185],[-76.6597,37.0433],[-76.4947,36.954],[-76.5244,36.8632],[-76.2917,36.8496],[-76.31,36.9596],[-76.0046,36.9324],[-75.8531,36.549],[-75.9578,36.7194]]],[[[-75.909,36.5494],[-75.949,36.5616],[-75.9143,36.5759],[-75.909,36.5494]]],[[[-75.3774,38.0152],[-75.8873,37.357],[-75.9664,37.1348],[-76.015,37.2816],[-75.9217,37.6105],[-75.661,37.8433],[-75.743,37.9122],[-75.3774,38.0152]]],[[[-75.6765,37.4551],[-75.6604,37.4432],[-75.7192,37.3683],[-75.6765,37.4551]]],[[[-75.6744,37.4858],[-75.5998,37.5751],[-75.6706,37.4771],[-75.6744,37.4858]]],[[[-76.0331,37.9547],[-76.0172,37.9288],[-76.0264,37.9135],[-76.0331,37.9547]]],[[[-75.9938,37.9541],[-75.9957,37.9451],[-76.007,37.9543],[-75.9938,37.9541]]],[[[-76.0441,37.9544],[-76.0368,37.9507],[-76.0436,37.9492],[-76.0441,37.9544]]],[[[-75.2433,38.0247],[-75.326,37.8923],[-75.3785,37.8558],[-75.3929,37.8647],[-75.2433,38.0247]]],[[[-75.9038,37.1292],[-75.9054,37.2344],[-75.874,37.2904],[-75.8108,37.2002],[-75.9038,37.1292]]]]}},{"type":"Feature","properties":{"id":"US-DC","name":"Washington","country":"United States of America","iso":"USA"},"geometry":{"type":"Polygon","coordinates":[[[-77.0229,38.8028],[-77.1198,38.9341],[-77.0419,38.9961],[-76.9093,38.893],[-77.0229,38.8028]]]}},{"type":"Feature","properties":{"id":"US-MD","name":"Maryland","country":"United States of America","iso":"USA"},"geometry":{"type":"MultiPolygon","coordinates":[[[[-75.3774,38.0152],[-75.875,37.9511],[-75.743,38.1108],[-75.9405,38.1354],[-75.8187,38.2337],[-75.9066,38.271],[-75.8433,38.4044],[-75.9627,38.248],[-75.9905,38.362],[-76.0379,38.2325],[-76.319,38.4739],[-76.172,38.5662],[-76.2774,38.6247],[-76.0536,38.568],[-75.9702,38.6066],[-76.288,38.7755],[-76.3413,38.6732],[-76.3047,38.8227],[-76.1731,38.7566],[-76.1061,38.878],[-76.2472,38.9512],[-76.3747,38.8416],[-76.3153,39.0294],[-76.1976,38.9793],[-76.0651,39.1461],[-76.2426,39.0333],[-76.2726,39.168],[-76.175,39.3162],[-75.8392,39.3715],[-76.0343,39.3929],[-75.8392,39.4608],[-75.8317,39.5844],[-76.0007,39.4528],[-75.9347,39.6042],[-76.083,39.5578],[-76.0675,39.4578],[-76.2097,39.3647],[-76.2325,39.4745],[-76.2842,39.3106],[-76.3115,39.4028],[-76.4015,39.3925],[-76.3326,39.351],[-76.4308,39.3181],[-76.4015,39.256],[-76.4835,39.3106],[-76.3969,39.238],[-76.4492,39.195],[-76.5708,39.2736],[-76.6232,39.2597],[-76.3942,39.0246],[-76.5692,39.0664],[-76.4524,38.9439],[-76.5686,38.9525],[-76.4931,38.8989],[-76.512,38.5277],[-76.3928,38.3536],[-76.6365,38.4742],[-76.6815,38.6794],[-76.6736,38.4861],[-76.3734,38.2989],[-76.3239,38.0438],[-76.4561,38.207],[-76.5172,38.1318],[-76.8042,38.2536],[-76.8276,38.3629],[-76.8807,38.3989],[-76.8392,38.2572],[-76.9222,38.2916],[-77.0316,38.4814],[-77.2553,38.3935],[-77.2275,38.5569],[-76.9093,38.893],[-77.4451,39.0846],[-77.4667,39.2438],[-77.7513,39.351],[-77.8469,39.6117],[-78.1844,39.7043],[-78.5773,39.5291],[-78.7747,39.6378],[-78.9578,39.4542],[-79.1027,39.4673],[-79.4858,39.2069],[-79.4774,39.7218],[-75.7886,39.7213],[-75.6937,38.4604],[-75.0829,38.4475],[-75.3774,38.0152]]],[[[-75.0577,38.4534],[-75.0511,38.3878],[-75.0788,38.3367],[-75.0577,38.4534]]],[[[-75.9813,37.9928],[-76.0514,37.9941],[-76.0174,38.0387],[-75.9813,37.9928]]],[[[-76.0486,38.2004],[-76.0836,38.1607],[-76.079,38.1828],[-76.0486,38.2004]]],[[[-75.263,38.0226],[-75.1998,38.1038],[-75.1793,38.1682],[-75.0924,38.3026],[-75.1897,38.0898],[-75.263,38.0226]]]]}},{"type":"Feature","properties":{"id":"US-DE","name":"Delaware","country":"United States of America","iso":"USA"},"geometry":{"type":"Polygon","coordinates":[[[-75.0581,38.4537],[-75.6937,38.4604],[-75.7886,39.7213],[-75.6779,39.8152],[-75.4245,39.8066],[-75.5922,39.6492],[-75.5879,39.4628],[-75.4077,39.2702],[-75.3103,38.9278],[-75.0843,38.796],[-75.0648,38.6326],[-75.1392,38.6881],[-75.2079,38.5695],[-75.0601,38.6125],[-75.0581,38.4537]]]}},{"type":"Feature","properties":{"id":"US-NJ","name":"New Jersey","country":"United States of America","iso":"USA"},"geometry":{"type":"MultiPolygon","coordinates":[[[[-75.5413,39.5089],[-75.4402,39.777],[-74.7286,40.1632],[-75.1957,40.6191],[-75.1887,40.7585],[-75.0576,40.8723],[-75.1395,40.9822],[-74.8447,41.273],[-74.699,41.3563],[-73.9071,40.9908],[-74.0319,40.7142],[-74.2827,40.4973],[-73.9792,40.4493],[-74.093,39.7763],[-74.0513,40.0354],[-74.0607,40.0622],[-74.2974,39.5086],[-74.4072,39.557],[-74.4687,39.3994],[-74.4134,39.3571],[-74.6605,39.2895],[-74.5506,39.2827],[-74.8033,38.9876],[-74.9547,38.9264],[-74.9063,39.1796],[-75.1465,39.1871],[-75.5413,39.5089]]],[[[-74.4481,39.4199],[-74.3021,39.4647],[-74.3934,39.3891],[-74.4481,39.4199]]],[[[-74.2401,39.5754],[-74.0981,39.7557],[-74.2564,39.5222],[-74.2401,39.5754]]]]}},{"type":"Feature","properties":{"id":"US-CT","name":"Connecticut","country":"United States of America","iso":"USA"},"geometry":{"type":"Polygon","coordinates":[[[-73.6417,41.0018],[-73.723,41.1035],[-73.4841,41.2179],[-73.5447,41.2949],[-73.4805,42.0545],[-71.8016,42.0217],[-71.845,41.3215],[-72.288,41.2829],[-72.3918,41.3663],[-72.3698,41.2766],[-72.8561,41.2454],[-72.91,41.3051],[-73.1085,41.1487],[-73.6417,41.0018]]]}},{"type":"Feature","properties":{"id":"US-RI","name":"Rhode Island","country":"United States of America","iso":"USA"},"geometry":{"type":"MultiPolygon","coordinates":[[[[-71.2369,41.7096],[-71.3018,41.6596],[-71.283,41.7488],[-71.3913,41.8188],[-71.4883,41.3706],[-71.8779,41.3115],[-71.8045,41.4157],[-71.8008,42.0109],[-71.3871,42.0158],[-71.2369,41.7096]]],[[[-71.1219,41.513],[-71.1991,41.4921],[-71.194,41.6769],[-71.1311,41.6611],[-71.1219,41.513]]],[[[-71.3034,41.6264],[-71.3568,41.6316],[-71.3437,41.6706],[-71.3034,41.6264]]],[[[-71.5792,41.2256],[-71.5491,41.152],[-71.6137,41.1552],[-71.5792,41.2256]]],[[[-71.3777,41.5779],[-71.3656,41.4953],[-71.3988,41.4619],[-71.3777,41.5779]]],[[[-71.3546,41.4583],[-71.2206,41.6605],[-71.2336,41.4892],[-71.3546,41.4583]]]]}},{"type":"Feature","properties":{"id":"US-MA","name":"Massachusetts","country":"United States of America","iso":"USA"},"geometry":{"type":"MultiPolygon","coordinates":[[[[-71.194,41.6769],[-71.1107,41.7971],[-71.2369,41.7096],[-71.3238,41.7778],[-71.3871,42.0158],[-73.5072,42.079],[-73.2655,42.7456],[-71.3063,42.7009],[-70.9164,42.8868],[-70.8143,42.8773],[-70.8638,42.8262],[-70.7571,42.6572],[-70.597,42.6345],[-70.878,42.5375],[-71.0384,42.3079],[-70.7418,42.2357],[-70.5908,42.0173],[-70.7148,42.0027],[-70.545,41.9406],[-70.4392,41.7561],[-70.2747,41.7152],[-70.0001,41.8163],[-69.9867,41.9212],[-70.0687,41.8933],[-70.0999,42.0374],[-70.2158,42.0846],[-70.0511,42.0398],[-69.9247,41.8381],[-69.9389,41.6742],[-70.4181,41.64],[-70.6587,41.5213],[-70.6306,41.7401],[-71.0402,41.5071],[-71.194,41.6769]]],[[[-70.0819,41.2925],[-70.0289,41.3861],[-69.9578,41.2757],[-69.9671,41.2495],[-70.2781,41.3079],[-70.0819,41.2925]]],[[[-70.4655,41.3603],[-70.4557,41.4296],[-70.4467,41.3674],[-70.4655,41.3603]]],[[[-70.6051,41.474],[-70.5074,41.3626],[-70.8462,41.3467],[-70.6051,41.474]]],[[[-69.981,41.6277],[-69.9594,41.6326],[-70.0215,41.5507],[-69.981,41.6277]]],[[[-70.8231,41.2508],[-70.814,41.2632],[-70.8018,41.2481],[-70.8231,41.2508]]],[[[-70.926,41.4289],[-70.8486,41.4343],[-70.9485,41.4141],[-70.926,41.4289]]],[[[-70.8399,41.4505],[-70.6792,41.5104],[-70.7908,41.4492],[-70.8399,41.4505]]]]}},{"type":"Feature","properties":{"id":"JP-46","name":"Kagoshima Prefecture","country":"Japan","iso":"JPN"},"geometry":{"type":"MultiPolygon","coordinates":[[[[129.6594,31.6419],[129.7996,31.7454],[129.7293,31.6442],[129.6594,31.6419]]],[[[131.1862,31.5868],[131.0136,31.3631],[131.1321,31.2795],[130.6577,31.0032],[130.7953,31.3444],[130.5909,31.586],[130.749,31.5597],[130.8103,31.6509],[130.686,31.7255],[130.613,31.6824],[130.5161,31.4533],[130.6398,31.1865],[130.2222,31.2463],[130.119,31.4086],[130.2283,31.3813],[130.3377,31.6079],[130.1714,31.7901],[130.2351,31.8195],[130.1799,32.0935],[130.6109,32.157],[130.8891,31.7902],[131.1862,31.5868]]],[[[129.7129,29.6293],[129.7538,29.6454],[129.721,29.6061],[129.7129,29.6293]]],[[[129.8328,29.8731],[129.9273,29.8259],[129.9204,29.8196],[129.8328,29.8731]]],[[[130.6746,30.3746],[130.486,30.2258],[130.3762,30.3944],[130.499,30.468],[130.6746,30.3746]]],[[[131.052,30.8402],[131.0576,30.6113],[130.8704,30.3439],[130.8515,30.4701],[131.052,30.8402]]],[[[130.2023,30.4819],[130.2622,30.435],[130.1418,30.4893],[130.2023,30.4819]]],[[[129.6123,29.4433],[129.5913,29.468],[129.6081,29.4692],[129.6123,29.4433]]],[[[129.5399,29.8899],[129.5354,29.9099],[129.5545,29.8975],[129.5399,29.8899]]],[[[129.922,30.0047],[129.9006,29.9726],[129.909,29.9993],[129.922,30.0047]]],[[[129.4295,30.8409],[129.4309,30.8482],[129.4338,30.8446],[129.4295,30.8409]]],[[[129.9321,30.8518],[129.9395,30.8134],[129.904,30.8344],[129.9321,30.8518]]],[[[129.9334,31.8678],[129.8899,31.8107],[129.8206,31.8455],[129.845,31.8806],[129.9334,31.8678]]]]}},{"type":"Feature","properties":{"id":"JP-44","name":"\u014cita Prefecture","country":"Japan","iso":"JPN"},"geometry":{"type":"Polygon","coordinates":[[[131.2009,33.6127],[131.6674,33.6672],[131.7373,33.4846],[131.506,33.3631],[131.5104,33.2734],[131.9026,33.266],[131.8096,33.1276],[132.0134,33.0639],[131.9032,32.9831],[132.0812,32.9432],[131.9966,32.8105],[131.8723,32.7316],[131.7469,32.823],[131.5269,32.743],[131.2621,32.8663],[131.0594,33.1806],[130.9729,33.1542],[130.9909,33.0331],[130.8347,33.0809],[130.8858,33.4254],[131.1495,33.4957],[131.2009,33.6127]]]}},{"type":"Feature","properties":{"id":"JP-40","name":"Fukuoka Prefecture","country":"Japan","iso":"JPN"},"geometry":{"type":"Polygon","coordinates":[[[130.0363,33.4576],[130.208,33.6651],[130.2903,33.5742],[130.3909,33.6049],[130.3987,33.6691],[130.349,33.6411],[130.2949,33.6644],[130.2943,33.6892],[130.6924,33.9373],[130.897,33.8893],[131.0071,33.9661],[130.9617,33.8162],[131.0813,33.635],[131.2009,33.6127],[131.1495,33.4957],[130.8858,33.4254],[130.8347,33.0809],[130.6852,33.14],[130.4292,32.9805],[130.3468,33.1799],[130.5266,33.4142],[130.0363,33.4576]]]}},{"type":"Feature","properties":{"id":"JP-41","name":"Saga Prefecture","country":"Japan","iso":"JPN"},"geometry":{"type":"Polygon","coordinates":[[[129.7594,33.2682],[129.8516,33.28],[129.7873,33.4545],[129.8713,33.4429],[129.8532,33.5525],[129.9889,33.4489],[130.5364,33.377],[130.3494,33.142],[130.1276,33.1209],[130.2041,32.9436],[129.9252,33.0688],[129.7594,33.2682]]]}},{"type":"Feature","properties":{"id":"JP-42","name":"Nagasaki Prefecture","country":"Japan","iso":"JPN"},"geometry":{"type":"MultiPolygon","coordinates":[[[[130.2041,32.9436],[130.1053,32.8759],[130.3394,32.8566],[130.3417,32.6673],[130.166,32.593],[130.2076,32.7522],[130.0938,32.7949],[129.7404,32.5684],[129.8591,32.7245],[129.6384,32.9265],[129.6816,33.0941],[129.8233,32.9795],[129.7944,32.8749],[130.0031,32.8454],[129.9456,33.0158],[129.5521,33.2258],[129.5804,33.371],[129.8075,33.3481],[129.7594,33.2682],[129.9252,33.0688],[130.2041,32.9436]]],[[[128.8784,32.6739],[128.7731,32.5717],[128.6004,32.6142],[128.6608,32.7828],[128.8085,32.7999],[128.8784,32.6739]]],[[[129.098,32.9883],[129.1828,32.9847],[129.0457,32.8221],[129.0478,32.91],[128.9815,32.9604],[129.1082,33.1667],[129.098,32.9883]]],[[[129.5557,33.4108],[129.4931,33.2452],[129.4126,33.1783],[129.3425,33.1796],[129.5557,33.4108]]],[[[129.7673,33.8445],[129.6571,33.7426],[129.6886,33.8711],[129.7673,33.8445]]],[[[129.3125,34.2798],[129.2766,34.1291],[129.1716,34.1068],[129.2074,34.3293],[129.3125,34.2798]]],[[[129.4646,34.7008],[129.4008,34.3379],[129.2289,34.3556],[129.3233,34.6481],[129.4646,34.7008]]],[[[128.8373,32.8338],[128.8823,32.7653],[128.8401,32.7776],[128.8373,32.8338]]],[[[128.9295,32.8498],[128.9451,32.8043],[128.8807,32.8626],[128.9295,32.8498]]],[[[128.9846,32.9292],[129.0241,32.848],[128.968,32.8737],[128.9846,32.9292]]],[[[129.0891,33.2833],[129.1273,33.2475],[129.075,33.2599],[129.0891,33.2833]]],[[[129.5418,33.5073],[129.5764,33.4883],[129.5032,33.4737],[129.5418,33.5073]]]]}},{"type":"Feature","properties":{"id":"JP-43","name":"Kumamoto Prefecture","country":"Japan","iso":"JPN"},"geometry":{"type":"MultiPolygon","coordinates":[[[[130.3446,32.1618],[130.6683,32.6487],[130.448,32.6214],[130.626,32.7114],[130.4292,32.9805],[130.6852,33.14],[130.9769,33.0289],[130.9776,33.1607],[131.1249,33.1424],[131.3239,32.8223],[131.0041,32.4874],[131.0759,32.1556],[130.7124,32.0909],[130.3446,32.1618]]],[[[130.1111,32.1933],[130.1941,32.1764],[130.1493,32.1105],[130.1111,32.1933]]],[[[130.363,32.5271],[130.3623,32.375],[130.2131,32.4365],[130.363,32.5271]]],[[[130.1605,32.5463],[130.2034,32.3389],[129.9955,32.1907],[129.9613,32.2521],[130.0643,32.3068],[129.9797,32.333],[130.0029,32.5334],[130.1605,32.5463]]],[[[130.2171,32.2869],[130.263,32.2813],[130.2107,32.2554],[130.2171,32.2869]]],[[[130.3988,32.5932],[130.4509,32.5634],[130.4276,32.5373],[130.3988,32.5932]]]]}},{"type":"Feature","properties":{"id":"JP-45","name":"Miyazaki Prefecture","country":"Japan","iso":"JPN"},"geometry":{"type":"Polygon","coordinates":[[[131.8723,32.7316],[131.6821,32.5351],[131.7365,32.4917],[131.5624,32.2179],[131.3638,31.4197],[131.2498,31.3881],[131.1506,31.4713],[131.1862,31.5868],[130.8891,31.7902],[130.7001,32.067],[131.0759,32.1556],[131.0041,32.4874],[131.2581,32.8038],[131.5397,32.743],[131.7612,32.8222],[131.8723,32.7316]]]}},{"type":"Feature","properties":{"id":"JP-36","name":"Tokushima Prefecture","country":"Japan","iso":"JPN"},"geometry":{"type":"Polygon","coordinates":[[[133.8282,34.0929],[134.6469,34.2393],[134.5998,34.0095],[134.7026,33.9373],[134.6463,33.8531],[134.7512,33.8349],[134.2957,33.5303],[134.0602,33.6793],[134.0175,33.8108],[133.6479,33.8557],[133.6606,33.9979],[133.8282,34.0929]]]}},{"type":"Feature","properties":{"id":"JP-37","name":"Kagawa Prefecture","country":"Japan","iso":"JPN"},"geometry":{"type":"MultiPolygon","coordinates":[[[[133.5919,34.0238],[133.646,34.1674],[133.5584,34.2595],[133.7014,34.2313],[133.937,34.3751],[134.1436,34.3918],[134.4424,34.2083],[133.5919,34.0238]]],[[[134.3674,34.5543],[134.3469,34.4308],[134.1614,34.4792],[134.1751,34.5201],[134.3674,34.5543]]],[[[133.6919,34.3784],[133.7258,34.3714],[133.7031,34.3518],[133.6919,34.3784]]],[[[134.084,34.4598],[134.072,34.4985],[134.1045,34.4903],[134.084,34.4598]]]]}},{"type":"Feature","properties":{"id":"JP-38","name":"Ehime Prefecture","country":"Japan","iso":"JPN"},"geometry":{"type":"MultiPolygon","coordinates":[[[[132.6399,32.9089],[132.5042,32.8917],[132.4715,33.0407],[132.3824,33.0198],[132.4901,33.1328],[132.3947,33.2039],[132.5484,33.2269],[132.5256,33.3147],[132.3787,33.3195],[132.4212,33.4445],[132.0105,33.349],[132.6766,33.7156],[132.7124,33.9045],[132.9424,34.1413],[133.127,33.9333],[133.6467,34.0121],[133.6479,33.8557],[133.1788,33.7716],[133.0026,33.4753],[132.809,33.444],[132.8823,33.3163],[132.6855,33.1236],[132.6187,33.1534],[132.6399,32.9089]]],[[[133.0518,34.2223],[132.9548,34.1982],[133.03,34.2953],[133.0518,34.2223]]],[[[132.5964,33.9809],[132.6345,33.9648],[132.5891,33.9564],[132.5964,33.9809]]],[[[133.0331,34.1894],[133.0452,34.1184],[133.0171,34.1188],[133.0331,34.1894]]]]}},{"type":"Feature","properties":{"id":"JP-39","name":"K\u014dchi Prefecture","country":"Japan","iso":"JPN"},"geometry":{"type":"MultiPolygon","coordinates":[[[[134.2957,33.5303],[134.1765,33.2361],[133.9252,33.4937],[133.4659,33.4543],[133.0183,33.024],[132.9555,32.8146],[133.028,32.7206],[132.6277,32.7521],[132.7092,32.9094],[132.6399,32.9089],[132.6138,33.145],[132.8767,33.3027],[132.809,33.444],[133.0026,33.4753],[133.1788,33.7716],[133.5603,33.8531],[134.0175,33.8108],[134.0602,33.6793],[134.2957,33.5303]]],[[[132.5399,32.7338],[132.5708,32.7173],[132.5497,32.7043],[132.5399,32.7338]]]]}},{"type":"Feature","properties":{"id":"JP-32","name":"Shimane Prefecture","country":"Japan","iso":"JPN"},"geometry":{"type":"MultiPolygon","coordinates":[[[[133.0813,36.0801],[133.1232,36.0629],[133.0791,36.0209],[133.0813,36.0801]]],[[[133.0933,36.1098],[133.0933,36.1234],[133.1136,36.1135],[133.0933,36.1098]]],[[[133.0387,36.1308],[133.0449,36.0551],[132.9494,36.062],[133.0387,36.1308]]],[[[131.6756,34.6721],[131.8584,34.7145],[132.6387,35.2946],[132.6354,35.441],[133.0913,35.6015],[133.326,35.5685],[133.2008,35.5165],[133.3257,35.4115],[133.1279,35.0673],[132.854,35.0733],[132.6679,34.8382],[132.2479,34.7829],[131.9468,34.306],[131.7714,34.3143],[131.6756,34.6721]]],[[[133.0278,35.9936],[133.0452,36.02],[133.0791,35.9936],[133.0278,35.9936]]],[[[133.367,36.2742],[133.326,36.1581],[133.1878,36.2161],[133.292,36.3425],[133.367,36.2742]]]]}},{"type":"Feature","properties":{"id":"JP-35","name":"Yamaguchi Prefecture","country":"Japan","iso":"JPN"},"geometry":{"type":"MultiPolygon","coordinates":[[[[132.2404,34.1898],[132.1616,33.8417],[132.0559,33.7772],[132.0995,33.8723],[131.7415,34.0562],[131.4412,33.9789],[131.3899,34.0397],[131.258,33.9248],[131.0356,34.048],[130.9158,33.914],[130.8794,33.9379],[130.8931,34.3435],[131.0336,34.3818],[130.9478,34.4189],[131.4143,34.424],[131.6152,34.6649],[131.7714,34.3143],[131.9468,34.306],[132.0504,34.4578],[132.2404,34.1898]]],[[[132.2088,33.8001],[132.273,33.7685],[132.1883,33.7797],[132.2088,33.8001]]],[[[132.374,33.8417],[132.2019,33.9448],[132.4695,33.9379],[132.374,33.8417]]]]}},{"type":"Feature","properties":{"id":"JP-31","name":"Tottori Prefecture","country":"Japan","iso":"JPN"},"geometry":{"type":"Polygon","coordinates":[[[133.2575,35.5362],[133.4002,35.4543],[134.3656,35.6],[134.5101,35.2719],[134.1746,35.1616],[133.9869,35.325],[133.8235,35.239],[133.592,35.321],[133.3601,35.0953],[133.1279,35.0673],[133.2998,35.2824],[133.2575,35.5362]]]}},{"type":"Feature","properties":{"id":"JP-28","name":"Hy\u014dgo Prefecture","country":"Japan","iso":"JPN"},"geometry":{"type":"MultiPolygon","coordinates":[[[[134.3656,35.6],[134.8632,35.6583],[134.9109,35.5128],[135.0438,35.5027],[134.9268,35.3024],[135.3891,35.1002],[135.3386,35.022],[135.4425,34.7161],[135.0458,34.625],[134.6963,34.7762],[134.3046,34.7091],[134.2636,35.001],[134.5101,35.2719],[134.3656,35.6]]],[[[135.0027,34.6084],[134.8958,34.3727],[134.9583,34.2704],[134.7287,34.1909],[134.6833,34.3282],[135.0027,34.6084]]]]}},{"type":"Feature","properties":{"id":"JP-26","name":"Ky\u014dto Prefecture","country":"Japan","iso":"JPN"},"geometry":{"type":"Polygon","coordinates":[[[134.8632,35.6583],[135.2268,35.7723],[135.3062,35.6715],[135.1883,35.5453],[135.2482,35.5917],[135.319,35.447],[135.4632,35.6033],[135.5188,35.3734],[135.827,35.2633],[135.8146,35.0011],[136.0292,34.7036],[135.7527,34.7263],[135.5828,34.9465],[135.342,35.0148],[135.3792,35.1079],[134.9367,35.2938],[135.0438,35.5027],[134.9109,35.5128],[134.8632,35.6583]]]}},{"type":"Feature","properties":{"id":"JP-18","name":"Fukui Prefecture","country":"Japan","iso":"JPN"},"geometry":{"type":"Polygon","coordinates":[[[135.4788,35.5437],[135.8343,35.5344],[135.8117,35.6434],[135.9806,35.6305],[136.0197,35.7653],[136.0691,35.6619],[136.0995,35.7757],[135.9632,35.9999],[136.2267,36.2856],[136.3229,36.1663],[136.7209,36.0748],[136.7012,35.9316],[136.8021,35.8504],[136.3242,35.7617],[135.7429,35.3376],[135.5188,35.3734],[135.4788,35.5437]]]}},{"type":"Feature","properties":{"id":"JP-17","name":"Ishikawa Prefecture","country":"Japan","iso":"JPN"},"geometry":{"type":"MultiPolygon","coordinates":[[[[136.2267,36.2856],[136.7606,36.8706],[136.6703,37.15],[136.7491,37.3579],[137.341,37.5171],[137.2302,37.2921],[136.8926,37.1733],[136.8609,37.0768],[137.0471,37.0988],[137.0544,36.9667],[136.8941,36.9257],[136.7771,36.7189],[136.8168,36.2352],[136.7209,36.0748],[136.3229,36.1663],[136.2267,36.2856]]],[[[136.999,37.1395],[136.9473,37.097],[136.9053,37.1436],[136.999,37.1395]]]]}},{"type":"Feature","properties":{"id":"JP-16","name":"Toyama Prefecture","country":"Japan","iso":"JPN"},"geometry":{"type":"Polygon","coordinates":[[[137.0444,36.9564],[137.0055,36.8359],[137.1973,36.7581],[137.3333,36.7627],[137.4993,36.9557],[137.6845,36.9259],[137.7283,36.6214],[137.6208,36.4236],[137.1612,36.4368],[136.958,36.2733],[136.7732,36.292],[136.7771,36.7189],[136.8941,36.9257],[137.0444,36.9564]]]}},{"type":"Feature","properties":{"id":"JP-15","name":"Niigata Prefecture","country":"Japan","iso":"JPN"},"geometry":{"type":"MultiPolygon","coordinates":[[[[137.6146,36.9751],[138.5506,37.3779],[138.8577,37.8278],[139.4251,38.1513],[139.5487,38.545],[139.8622,38.3144],[139.6792,38.1876],[139.6174,37.9096],[139.7246,37.8204],[139.5371,37.6244],[139.5536,37.5065],[139.1885,37.4181],[139.2146,36.9457],[139.08,37.0366],[138.6795,36.7307],[138.5359,37.01],[138.0442,36.8072],[137.8687,36.9192],[137.7327,36.7748],[137.6146,36.9751]]],[[[138.4592,38.0699],[138.5752,38.0743],[138.5005,37.9067],[138.2227,37.8022],[138.3425,37.9669],[138.2479,37.9785],[138.2422,38.0715],[138.5142,38.3231],[138.4592,38.0699]]]]}},{"type":"Feature","properties":{"id":"JP-06","name":"Yamagata Prefecture","country":"Japan","iso":"JPN"},"geometry":{"type":"Polygon","coordinates":[[[139.5487,38.545],[139.8809,39.1151],[140.4051,38.9757],[140.6182,38.7556],[140.5344,38.6312],[140.585,38.4529],[140.4508,38.1521],[140.2823,38.0451],[140.2145,37.7406],[139.631,37.8793],[139.6874,38.2021],[139.8712,38.2859],[139.5487,38.545]]]}},{"type":"Feature","properties":{"id":"JP-05","name":"Akita Prefecture","country":"Japan","iso":"JPN"},"geometry":{"type":"Polygon","coordinates":[[[139.8809,39.1151],[140.0593,39.7275],[139.9665,39.8801],[139.7601,39.8581],[139.6977,39.9886],[139.8221,39.9611],[139.978,40.1255],[140.0243,40.355],[139.9438,40.4293],[140.9404,40.4682],[140.8706,39.8783],[140.7832,39.8402],[140.8138,39.6439],[140.6581,39.3923],[140.7961,39.1747],[140.7594,38.9517],[140.5441,38.8737],[139.8809,39.1151]]]}},{"type":"Feature","properties":{"id":"JP-02","name":"Aomori Prefecture","country":"Japan","iso":"JPN"},"geometry":{"type":"Polygon","coordinates":[[[139.9438,40.4293],[139.8604,40.6088],[140.046,40.7678],[140.2581,40.7956],[140.3219,41.0274],[140.4078,41.0257],[140.2481,41.1234],[140.3423,41.2657],[140.6327,41.1943],[140.7031,40.8533],[140.8521,40.8838],[140.8887,41.0108],[141.1263,40.8729],[141.2779,41.1553],[141.2059,41.2647],[140.7658,41.145],[140.9071,41.5385],[141.2761,41.3532],[141.4639,41.426],[141.4232,40.7258],[141.4916,40.5623],[141.681,40.451],[141.5531,40.3592],[141.3025,40.3554],[141.0015,40.2113],[140.8688,40.4966],[140.6479,40.4118],[140.409,40.4808],[139.9438,40.4293]]]}},{"type":"Feature","properties":{"id":"JP-03","name":"Iwate Prefecture","country":"Japan","iso":"JPN"},"geometry":{"type":"Polygon","coordinates":[[[141.681,40.451],[141.9496,39.9966],[141.9605,39.6116],[142.0361,39.639],[142.0703,39.5502],[141.9053,39.3305],[141.981,39.351],[141.8438,39.1523],[141.9133,39.0977],[141.7277,39.0363],[141.7171,38.9468],[141.4995,38.9868],[141.4433,38.8094],[141.2284,38.7542],[141.1289,38.8636],[140.7594,38.9517],[140.7961,39.1747],[140.6581,39.3923],[140.8138,39.6439],[140.8554,40.1806],[141.681,40.451]]]}},{"type":"Feature","properties":{"id":"JP-04","name":"Miyagi Prefecture","country":"Japan","iso":"JPN"},"geometry":{"type":"Polygon","coordinates":[[[141.6403,38.9675],[141.6736,38.852],[141.5886,38.8822],[141.5664,38.7036],[141.4631,38.6614],[141.5352,38.632],[141.4671,38.5695],[141.5476,38.5186],[141.4705,38.4295],[141.5491,38.3852],[141.5254,38.2678],[141.3332,38.409],[141.0794,38.3609],[140.9332,37.8898],[140.779,37.7704],[140.2696,37.9642],[140.585,38.4529],[140.5344,38.6312],[140.6182,38.7556],[140.5329,38.8817],[140.8161,38.9466],[141.2284,38.7542],[141.4433,38.8094],[141.4995,38.9868],[141.6403,38.9675]]]}},{"type":"Feature","properties":{"id":"JP-07","name":"Fukushima Prefecture","country":"Japan","iso":"JPN"},"geometry":{"type":"Polygon","coordinates":[[[140.9332,37.8898],[141.0418,37.3771],[140.9603,36.9662],[140.7973,36.8465],[140.57,36.9261],[140.4499,36.7946],[140.1763,37.0589],[139.9169,37.1436],[139.3596,36.902],[139.2174,36.9295],[139.1885,37.4181],[139.5536,37.5065],[139.5371,37.6244],[139.7246,37.8204],[140.1174,37.7226],[140.2692,37.7805],[140.2696,37.9642],[140.6516,37.8829],[140.7641,37.7702],[140.9332,37.8898]]]}},{"type":"Feature","properties":{"id":"JP-08","name":"Ibaraki Prefecture","country":"Japan","iso":"JPN"},"geometry":{"type":"Polygon","coordinates":[[[140.7973,36.8465],[140.5641,36.2831],[140.8572,35.7324],[140.5515,35.8886],[140.1273,35.8544],[139.6855,36.1255],[139.6537,36.2031],[140.1811,36.4149],[140.2373,36.9248],[140.4499,36.7946],[140.57,36.9261],[140.7973,36.8465]]]}},{"type":"Feature","properties":{"id":"JP-12","name":"Chiba Prefecture","country":"Japan","iso":"JPN"},"geometry":{"type":"Polygon","coordinates":[[[140.5515,35.8886],[140.8607,35.6878],[140.6611,35.6886],[140.4835,35.566],[140.3212,35.1304],[140.1346,35.1226],[139.9264,34.9074],[139.757,34.9563],[139.87,34.9993],[139.8663,35.2462],[139.781,35.3181],[140.102,35.5671],[139.9836,35.6686],[139.8642,35.6321],[139.8719,35.8694],[139.7528,36.0796],[140.1273,35.8544],[140.5515,35.8886]]]}},{"type":"Feature","properties":{"id":"JP-13","name":"Tokyo","country":"Japan","iso":"JPN"},"geometry":{"type":"MultiPolygon","coordinates":[[[[139.8642,35.6321],[139.7653,35.6535],[139.7866,35.5115],[139.4545,35.5973],[139.4631,35.4898],[138.9228,35.8354],[139.8639,35.7781],[139.8642,35.6321]]],[[[141.2995,24.7859],[141.3655,24.7777],[141.2896,24.727],[141.2995,24.7859]]],[[[142.1659,26.7013],[142.1599,26.632],[142.1113,26.7212],[142.1659,26.7013]]],[[[142.1986,27.0511],[142.2332,27.0943],[142.2346,27.05],[142.1986,27.0511]]],[[[139.7398,33.1332],[139.8775,33.0876],[139.8358,33.0398],[139.7398,33.1332]]],[[[139.5345,34.0375],[139.5234,34.1124],[139.575,34.09],[139.5345,34.0375]]],[[[139.2537,34.3414],[139.301,34.4179],[139.2678,34.3227],[139.2537,34.3414]]],[[[139.3512,34.72],[139.45,34.7568],[139.4538,34.6789],[139.3512,34.72]]],[[[140.8782,27.2326],[140.8679,27.234],[140.8742,27.2382],[140.8782,27.2326]]],[[[141.4631,24.2121],[141.47,24.2263],[141.4707,24.2192],[141.4631,24.2121]]],[[[153.9837,24.2829],[153.9812,24.2954],[153.9856,24.2911],[153.9837,24.2829]]],[[[141.2975,25.4453],[141.2747,25.4271],[141.2748,25.4511],[141.2975,25.4453]]],[[[142.2041,27.1739],[142.1843,27.1584],[142.1909,27.1852],[142.2041,27.1739]]],[[[142.1929,27.6162],[142.1795,27.6125],[142.1831,27.6195],[142.1929,27.6162]]],[[[142.0851,27.7261],[142.0786,27.7272],[142.0823,27.7299],[142.0851,27.7261]]],[[[140.3065,30.4736],[140.3171,30.4912],[140.3259,30.4852],[140.3065,30.4736]]],[[[140.0435,31.4431],[140.0444,31.4451],[140.0457,31.4433],[140.0435,31.4431]]],[[[140.0413,31.4442],[140.0414,31.4465],[140.0431,31.4446],[140.0413,31.4442]]],[[[139.7564,32.4523],[139.7571,32.4704],[139.7738,32.441],[139.7564,32.4523]]],[[[139.2991,33.6501],[139.2962,33.6511],[139.2991,33.6507],[139.2991,33.6501]]],[[[139.5925,33.8958],[139.6229,33.8568],[139.5813,33.8625],[139.5925,33.8958]]],[[[153.9537,24.3158],[153.9535,24.2925],[153.9407,24.3115],[153.9537,24.3158]]],[[[142.1052,27.727],[142.1117,27.7259],[142.1072,27.7167],[142.1052,27.727]]]]}},{"type":"Feature","properties":{"id":"JP-14","name":"Kanagawa Prefecture","country":"Japan","iso":"JPN"},"geometry":{"type":"Polygon","coordinates":[[[139.7866,35.5115],[139.6423,35.4543],[139.6484,35.2979],[139.7455,35.249],[139.6643,35.1348],[139.5442,35.3079],[139.4149,35.3188],[139.0288,35.1356],[138.9866,35.3811],[138.9003,35.3809],[139.091,35.514],[139.1218,35.654],[139.4631,35.4898],[139.5274,35.614],[139.7866,35.5115]]]}},{"type":"Feature","properties":{"id":"JP-22","name":"Shizuoka Prefecture","country":"Japan","iso":"JPN"},"geometry":{"type":"Polygon","coordinates":[[[139.0944,35.1175],[139.1409,34.8706],[138.9937,34.6498],[138.8353,34.5959],[138.7466,34.6915],[138.7619,34.9799],[138.9076,35.0307],[138.6962,35.139],[138.3534,34.9041],[138.2333,34.5946],[137.4679,34.671],[137.8056,35.1945],[138.1231,35.3709],[138.1961,35.6279],[138.2359,35.3037],[138.419,35.1651],[138.5071,35.1943],[138.5565,35.4175],[138.9866,35.3811],[138.9736,35.205],[139.0944,35.1175]]]}},{"type":"Feature","properties":{"id":"JP-23","name":"Aichi Prefecture","country":"Japan","iso":"JPN"},"geometry":{"type":"MultiPolygon","coordinates":[[[[137.4679,34.671],[137.0161,34.5788],[137.3408,34.7265],[137.28,34.8081],[137.0182,34.7833],[136.9789,34.9242],[136.9715,34.6964],[136.856,34.7398],[136.8857,35.0892],[136.7518,35.0262],[136.6734,35.1388],[136.761,35.3475],[136.9529,35.3841],[137.1686,35.2422],[137.8056,35.1945],[137.4679,34.671]]],[[[136.8077,34.8392],[136.8235,34.862],[136.815,34.8399],[136.8077,34.8392]]]]}},{"type":"Feature","properties":{"id":"JP-24","name":"Mie Prefecture","country":"Japan","iso":"JPN"},"geometry":{"type":"MultiPolygon","coordinates":[[[[136.7518,35.0262],[136.5195,34.6809],[136.916,34.434],[136.8957,34.2669],[136.7068,34.3343],[136.3367,34.184],[136.2185,34.0751],[136.2732,33.9714],[135.9508,33.7039],[135.8477,33.8381],[136.0978,34.0116],[136.0712,34.3938],[136.2112,34.4864],[136.0599,34.5629],[136.0031,34.7737],[136.3816,34.9264],[136.3988,35.2026],[136.5283,35.2294],[136.7518,35.0262]]],[[[136.8726,34.4911],[136.909,34.5024],[136.8832,34.4754],[136.8726,34.4911]]],[[[136.8659,34.5213],[136.8491,34.515],[136.9101,34.5401],[136.8659,34.5213]]]]}},{"type":"Feature","properties":{"id":"JP-30","name":"Wakayama Prefecture","country":"Japan","iso":"JPN"},"geometry":{"type":"Polygon","coordinates":[[[135.9937,33.6863],[135.76,33.4333],[135.4448,33.5508],[135.3277,33.6712],[135.3916,33.7136],[135.0589,33.88],[135.19,34.1496],[135.0713,34.2858],[135.6468,34.3718],[135.7084,34.2129],[135.543,34.0646],[135.6029,33.8751],[135.8173,33.8722],[135.9937,33.6863]]]}},{"type":"Feature","properties":{"id":"JP-27","name":"\u014csaka Prefecture","country":"Japan","iso":"JPN"},"geometry":{"type":"MultiPolygon","coordinates":[[[[135.0853,34.2992],[135.4083,34.541],[135.4398,34.9037],[135.3633,34.9975],[135.6464,34.8992],[135.7148,34.7853],[135.622,34.5534],[135.6654,34.3811],[135.0853,34.2992]]],[[[135.2244,34.4163],[135.241,34.4546],[135.2571,34.4358],[135.2244,34.4163]]]]}},{"type":"Feature","properties":{"id":"JP-33","name":"Okayama Prefecture","country":"Japan","iso":"JPN"},"geometry":{"type":"Polygon","coordinates":[[[134.3046,34.7091],[133.9367,34.5872],[134.0462,34.5815],[133.9363,34.4512],[133.7234,34.5276],[133.4701,34.424],[133.5225,34.4831],[133.443,34.4727],[133.2643,35.0506],[133.592,35.321],[133.8235,35.239],[133.9869,35.325],[134.1746,35.1616],[134.3957,35.2292],[134.2636,35.001],[134.3046,34.7091]]]}},{"type":"Feature","properties":{"id":"JP-34","name":"Hiroshima Prefecture","country":"Japan","iso":"JPN"},"geometry":{"type":"MultiPolygon","coordinates":[[[[133.443,34.4727],[133.2817,34.3215],[133.2473,34.4265],[133.1856,34.2805],[133.0764,34.2596],[133.1685,34.355],[133.0933,34.3898],[132.6563,34.1993],[132.3835,34.3657],[132.2225,34.239],[132.2404,34.1898],[132.1264,34.2488],[132.0413,34.4952],[132.2479,34.7829],[132.6679,34.8382],[132.8392,35.0665],[132.994,35.0805],[133.3041,34.9974],[133.443,34.4727]]],[[[132.5776,34.1189],[132.4553,34.0881],[132.5193,34.1744],[132.5776,34.1189]]],[[[132.709,34.2033],[132.74,34.1599],[132.689,34.1899],[132.709,34.2033]]],[[[132.8464,34.2402],[132.9168,34.2219],[132.8499,34.2152],[132.8464,34.2402]]],[[[132.2988,34.2922],[132.3255,34.2647],[132.2679,34.2445],[132.2988,34.2922]]]]}},{"type":"Feature","properties":{"id":"US-OR","name":"Oregon","country":"United States of America","iso":"USA"},"geometry":{"type":"MultiPolygon","coordinates":[[[[-124.5668,42.834],[-124.4013,43.3101],[-124.2329,43.4241],[-124.2129,43.3747],[-124.14,43.3753],[-124.2087,43.4522],[-124.3352,43.3653],[-124.2098,43.6566],[-124.0702,43.7117],[-124.2029,43.6808],[-124.1141,44.3074],[-124.0179,44.4098],[-124.0844,44.4981],[-124.0048,44.6163],[-124.078,44.6749],[-124.0018,45.3445],[-123.8711,45.6979],[-123.9379,45.6606],[-123.9811,45.7603],[-123.9233,46.014],[-124.0173,46.2354],[-123.7987,46.1024],[-123.8654,46.1865],[-123.5193,46.2353],[-123.3855,46.1462],[-122.9667,46.1357],[-122.8065,45.9781],[-122.7216,45.6489],[-122.2611,45.5663],[-121.7926,45.7214],[-120.9001,45.6418],[-119.0024,45.9995],[-116.8788,46.0015],[-116.4559,45.6219],[-116.8408,44.9012],[-117.2038,44.4825],[-117.1951,44.2977],[-116.892,44.1767],[-117.0314,43.8287],[-117.0166,41.9995],[-124.2145,41.9995],[-124.4125,42.2489],[-124.3999,42.6157],[-124.5668,42.834]]],[[[-123.4684,46.225],[-123.4443,46.2359],[-123.4408,46.2132],[-123.4684,46.225]]]]}},{"type":"Feature","properties":{"id":"CA-NU","name":"Nunavut","country":"Canada","iso":"CAN"},"geometry":{"type":"MultiPolygon","coordinates":[[[[-103.3635,68.0115],[-102.2189,67.6918],[-101.9806,67.7916],[-101.5294,67.6804],[-100.7074,67.8511],[-98.9364,67.6968],[-98.6826,67.8127],[-98.3634,67.7946],[-98.727,67.9578],[-98.7339,68.0709],[-98.5846,68.0964],[-98.0828,67.7555],[-97.5579,67.5954],[-97.0611,67.6804],[-97.2262,67.7145],[-97.1208,67.793],[-97.2496,67.9246],[-97.3635,67.8769],[-97.6758,68.0203],[-98.0015,67.9595],[-98.095,67.8366],[-98.5899,68.1528],[-98.4561,68.1838],[-98.4114,68.0825],[-98.3155,68.1671],[-98.7134,68.3793],[-98.5148,68.3315],[-98.526,68.4254],[-98.2131,68.3042],[-97.7476,68.3687],[-97.9796,68.5471],[-97.5294,68.4207],[-97.621,68.4621],[-97.2604,68.4687],[-96.9935,68.3377],[-97.0806,68.2657],[-96.69,68.2864],[-96.621,68.1857],[-96.592,68.2542],[-96.4038,68.3179],[-96.795,68.072],[-96.7645,68.0172],[-96.4448,68.0504],[-96.5485,68.0851],[-95.8967,68.2967],[-96.0817,68.1459],[-96.0244,68.1157],[-96.2168,67.8102],[-96.1819,67.6429],[-96.3439,67.6894],[-96.4652,67.478],[-96.0959,67.4675],[-96.253,67.2477],[-96.1107,67.2219],[-95.5814,67.3848],[-95.5541,67.3242],[-95.8353,67.1658],[-95.4374,67.2006],[-95.3303,67.0104],[-95.9137,66.9478],[-95.9558,67.0745],[-96.1271,66.957],[-96.2803,67.0703],[-96.4557,67.0598],[-95.852,66.7581],[-95.821,66.5911],[-95.6435,66.6693],[-96.0935,66.9202],[-95.3163,66.9002],[-95.2183,66.9741],[-95.3481,67.1527],[-95.1728,67.2786],[-95.4138,67.4566],[-95.3381,67.5522],[-95.7077,67.7333],[-95.5455,67.8083],[-95.582,67.8995],[-95.4217,68.02],[-95.4784,68.0634],[-94.7982,68.0381],[-94.2109,68.2695],[-94.1224,68.4223],[-93.3749,68.6387],[-93.7523,68.6121],[-93.5707,68.8441],[-93.6349,68.9621],[-93.9093,68.9957],[-93.8271,69.0692],[-94.0806,68.8523],[-93.8262,68.8793],[-94.0942,68.7629],[-94.6361,68.756],[-94.5505,68.8907],[-94.602,68.9683],[-94.443,68.9442],[-94.0055,69.1601],[-94.324,69.1558],[-94.2816,69.3221],[-93.5257,69.4414],[-93.8819,69.2495],[-93.8131,69.27],[-93.8403,69.1687],[-93.3619,69.373],[-93.5878,69.3662],[-93.4506,69.4897],[-94.3222,69.453],[-94.6299,69.6877],[-94.8751,69.5716],[-95.6691,69.7884],[-95.9759,69.7862],[-96.2058,69.8658],[-96.0817,69.8795],[-96.1101,69.9565],[-96.4863,70.097],[-96.5737,70.2344],[-96.233,70.5712],[-95.7937,70.5381],[-96.0539,70.607],[-95.8148,70.7156],[-96.1903,70.6247],[-96.6024,70.7913],[-96.5,71.0452],[-96.376,71.0941],[-96.5615,71.1271],[-96.3759,71.1606],[-96.5069,71.2779],[-96.1335,71.4142],[-95.5364,71.2961],[-95.5882,71.3605],[-95.4374,71.3803],[-95.5462,71.4277],[-95.376,71.5107],[-95.8074,71.5107],[-95.9445,71.5522],[-95.9104,71.6069],[-95.2772,71.7243],[-95.2161,71.8295],[-94.7407,71.8293],[-94.6081,71.8676],[-95.1787,71.8472],[-95.2252,71.9495],[-94.5487,72.0021],[-94.3934,71.9393],[-94.6492,71.8198],[-94.5951,71.7435],[-94.3549,71.7987],[-94.4155,71.6655],[-94.2108,71.7923],[-93.7612,71.7793],[-93.7068,71.7155],[-93.8205,71.6553],[-92.9906,71.3571],[-92.8587,71.1586],[-92.8541,70.8596],[-93.0408,70.8624],[-92.6929,70.7746],[-92.6766,70.6815],[-92.2154,70.6163],[-92.1932,70.5101],[-92.2856,70.4896],[-91.9764,70.3668],[-92.0863,70.3047],[-91.9586,70.2578],[-91.8785,70.3647],[-91.7232,70.3558],[-91.6965,70.2023],[-91.511,70.1613],[-91.9955,70.123],[-92.2992,70.2569],[-92.3675,70.2364],[-92.2654,70.2065],[-92.5872,70.0788],[-91.9429,70.0241],[-92.8684,69.702],[-92.5388,69.7088],[-92.923,69.6741],[-92.3674,69.7087],[-91.7983,69.4897],[-91.4973,69.6611],[-91.1676,69.6557],[-91.0933,69.6406],[-91.5724,69.5233],[-90.6843,69.5389],[-90.3118,69.4543],[-90.7028,69.4543],[-90.5855,69.4208],[-90.7978,69.3662],[-90.8052,69.2563],[-91.0863,69.27],[-90.956,69.3594],[-91.1891,69.2905],[-91.4495,69.3594],[-90.6706,69.0882],[-90.6211,68.9163],[-90.4353,68.879],[-90.5998,68.8039],[-90.4421,68.8312],[-90.565,68.6257],[-90.4772,68.5344],[-90.607,68.4439],[-90.3186,68.3793],[-90.4757,68.3377],[-90.12,68.2626],[-90.1641,68.3152],[-89.821,68.5445],[-89.9383,68.588],[-89.9009,68.6605],[-89.7944,68.7151],[-89.7159,68.6462],[-89.7053,69.0202],[-89.1987,69.2781],[-88.0226,68.8087],[-87.7922,68.3312],[-87.9438,68.2009],[-88.1796,68.2453],[-88.1994,68.3834],[-88.3984,68.2908],[-88.2833,68.126],[-88.3736,67.9758],[-88.1405,67.6707],[-87.3629,67.2672],[-87.5162,67.1187],[-87.3722,67.1801],[-87.2893,67.0976],[-87.2281,67.2281],[-87.1141,67.1789],[-86.9607,67.2552],[-87.0777,67.3577],[-86.5019,67.3794],[-86.453,67.6059],[-86.5293,67.6872],[-86.1306,68.0161],[-85.9017,68.0544],[-85.8873,68.1927],[-85.7894,68.2217],[-85.8441,68.324],[-85.6653,68.4544],[-85.7428,68.6248],[-85.6681,68.727],[-84.7882,68.7356],[-84.8092,68.8141],[-85.1929,68.8693],[-85.0006,68.8858],[-85.1187,68.9636],[-84.7957,68.9373],[-84.9531,69.0185],[-84.5282,69.0236],[-85.1383,69.1267],[-85.0123,69.1805],[-85.2703,69.1379],[-85.2066,69.1881],[-85.4735,69.2768],[-85.337,69.3184],[-85.5083,69.4078],[-85.3444,69.4414],[-85.534,69.4633],[-85.3854,69.5642],[-85.5441,69.6535],[-85.44,69.7119],[-85.5145,69.7703],[-85.3332,69.7914],[-85.5632,69.8581],[-85.0558,69.7771],[-84.8629,69.8616],[-84.3398,69.8597],[-83.7312,69.709],[-82.2534,69.6406],[-82.7537,69.5779],[-82.5161,69.4937],[-83.2533,69.5581],[-83.2938,69.5399],[-82.2816,69.4194],[-82.2255,69.3935],[-82.39,69.4003],[-82.1435,69.2979],[-82.2696,69.2382],[-81.3447,69.1949],[-81.2733,69.0919],[-82.0616,68.879],[-81.3961,68.8727],[-81.233,68.7739],[-81.2665,68.6387],[-81.9537,68.4306],[-82.2738,68.537],[-82.1769,68.4881],[-82.6116,68.5302],[-82.4969,68.4639],[-82.6506,68.4339],[-82.3489,68.3377],[-82.5066,68.3179],[-82.4418,68.284],[-82.2727,68.2916],[-82.3148,68.1466],[-81.9936,68.215],[-82.1776,68.0094],[-82.1016,67.9104],[-81.2379,67.4605],[-81.5029,67.001],[-81.9549,66.9768],[-82.1566,66.714],[-82.3732,66.7276],[-82.5909,66.5709],[-82.9986,66.5552],[-83.3694,66.3503],[-83.5891,66.3571],[-83.6387,66.4355],[-83.5287,66.3969],[-83.6781,66.5253],[-83.9808,66.5924],[-84.0045,66.697],[-83.8566,66.6867],[-83.959,66.7481],[-83.9181,66.8859],[-84.1379,66.7122],[-84.4119,66.8073],[-84.2401,66.8375],[-84.5828,66.9815],[-84.3705,66.9741],[-84.9101,67.0619],[-84.6374,66.9815],[-85.2128,66.9194],[-85.1278,66.8375],[-84.9108,66.9014],[-84.9745,66.9291],[-84.6033,66.9399],[-84.7473,66.8996],[-84.3221,66.7761],[-84.4525,66.7208],[-84.1446,66.6867],[-84.211,66.5945],[-83.6853,66.2137],[-83.8066,66.1632],[-84.1776,66.3192],[-84.3708,66.2836],[-84.5375,66.4052],[-84.6367,66.3439],[-84.3783,66.173],[-85.1178,66.3304],[-85.2416,66.2701],[-85.4655,66.5744],[-85.7829,66.5001],[-86.7825,66.5222],[-86.6317,66.4403],[-86.8079,66.4463],[-86.6206,66.3144],[-85.8567,66.1628],[-85.9744,66.0356],[-86.4263,65.8984],[-86.5498,65.6725],[-87.3808,65.3297],[-88.0639,65.3595],[-88.8314,65.6452],[-88.4137,65.6315],[-89.1094,65.7285],[-89.688,65.9468],[-90.0039,65.9468],[-89.7671,65.8926],[-89.7706,65.8227],[-90.4353,65.8848],[-90.237,65.9269],[-91.4973,65.9468],[-91.0316,65.8083],[-91.1077,65.923],[-89.9581,65.7943],[-89.0399,65.3282],[-87.3728,65.2752],[-86.9382,65.142],[-87.3002,64.7644],[-87.4965,64.7432],[-87.5776,64.5695],[-87.8099,64.5161],[-88.0417,64.2573],[-87.9817,64.1915],[-88.1127,64.1409],[-88.7346,63.9724],[-89.2907,64.1369],[-89.0493,63.9464],[-89.5456,64.0798],[-89.4825,63.9526],[-89.7069,64.0317],[-89.8258,64.1096],[-89.7364,64.1478],[-89.7864,64.2502],[-89.8872,64.2058],[-89.8323,64.1414],[-90.1274,64.1301],[-89.9321,64.1175],[-89.8133,63.946],[-90.2777,64.0072],[-89.9659,63.8133],[-90.12,63.7812],[-90.0615,63.7435],[-90.2206,63.6132],[-90.6482,63.7055],[-90.7028,63.6645],[-90.5445,63.6099],[-90.9101,63.5692],[-91.9907,63.7812],[-91.8883,63.8091],[-92.3738,63.7791],[-92.5063,63.831],[-92.7511,63.8631],[-92.7862,63.901],[-93.4481,64.0231],[-93.6349,64.1649],[-93.7795,64.1915],[-93.5556,64.0336],[-93.7659,63.9935],[-93.6473,63.8815],[-93.2172,63.8427],[-93.4506,63.9321],[-93.4006,63.9774],[-93.1041,63.8806],[-92.6349,63.7839],[-92.4994,63.8206],[-92.4125,63.7465],[-92.1,63.6993],[-92.5456,63.5548],[-92.4674,63.5284],[-91.7784,63.7144],[-91.3909,63.4877],[-90.7847,63.3976],[-90.9765,63.4244],[-90.6891,63.3567],[-90.7301,63.1848],[-90.6265,63.0613],[-91.3943,62.7868],[-92.1348,62.8769],[-92.0989,62.8039],[-92.4527,62.8249],[-92.2777,62.6788],[-91.8881,62.6204],[-91.9835,62.5316],[-92.6185,62.6225],[-92.532,62.4449],[-92.7049,62.4688],[-92.6828,62.3767],[-92.8274,62.3555],[-92.6198,62.3229],[-92.4705,62.1501],[-92.7443,62.2941],[-93.252,62.3698],[-92.7647,62.2184],[-93.1152,62.1597],[-92.9298,62.1166],[-93.1702,61.9856],[-93.4165,62.034],[-93.2172,61.9583],[-93.3885,61.9515],[-93.2793,61.8968],[-93.617,61.9523],[-93.4916,61.8894],[-93.6136,61.861],[-93.2646,61.7445],[-93.4718,61.7665],[-93.3134,61.7324],[-93.985,61.458],[-93.8336,61.3283],[-94.1147,61.3283],[-93.9986,61.2246],[-94.1011,61.1632],[-93.9862,61.1007],[-94.3516,60.8581],[-94.52,60.5468],[-94.8006,60.4984],[-94.6156,60.3923],[-94.8031,60.0001],[-102.0016,60.0001],[-101.9991,64.2274],[-108.9729,64.7782],[-109.5163,64.9019],[-110.6694,65.4961],[-112.5039,65.5013],[-120.6696,67.997],[-120.6808,69.5567],[-120.0858,69.3636],[-118.6664,69.2255],[-118.0409,69.0246],[-117.1654,68.8939],[-116.9736,68.9463],[-115.9712,68.8093],[-116.318,68.9683],[-115.5673,68.9719],[-114.5226,68.7172],[-114.0799,68.4945],[-114.1108,68.4135],[-113.9054,68.3998],[-114.0355,68.2412],[-114.9415,68.2913],[-114.7551,68.1943],[-115.2417,68.1869],[-115.1795,68.1418],[-115.2491,68.0429],[-115.112,68.0162],[-115.5434,67.9234],[-115.1182,67.8039],[-113.8588,67.6962],[-112.0277,67.7487],[-111.8855,67.6852],[-111.9315,67.7487],[-111.5456,67.7214],[-111.1674,67.8461],[-111.2122,67.7624],[-111.019,67.7681],[-110.3426,67.9684],[-110.1582,67.9184],[-110.1778,67.9988],[-110.0596,68.0051],[-109.9669,67.8338],[-109.832,67.8736],[-109.6226,67.7419],[-109.7167,67.7192],[-109.067,67.7202],[-108.9294,67.5318],[-109.0131,67.4613],[-108.8241,67.3572],[-108.7307,67.6158],[-108.6399,67.6295],[-108.4713,67.3515],[-108.3703,67.4476],[-107.9925,67.2825],[-107.8854,67.0482],[-108.1394,67.08],[-108.215,67.0274],[-108.6221,67.1528],[-108.5183,67.0372],[-108.1195,66.9394],[-108.2317,66.8511],[-107.9952,66.8322],[-107.8889,66.6697],[-107.8577,66.7601],[-107.2415,66.3485],[-107.7997,66.7686],[-107.6898,66.7686],[-107.7659,66.9963],[-107.6079,66.9741],[-107.643,67.0771],[-107.4844,66.9194],[-107.6973,66.9536],[-107.563,66.8395],[-107.4093,66.8171],[-107.4844,66.8859],[-107.3956,66.8922],[-107.401,66.9743],[-107.0877,66.8307],[-107.4034,67.0412],[-107.2032,67.1249],[-107.527,67.2123],[-107.7164,67.4046],[-107.5858,67.5012],[-108.0057,67.7097],[-107.9416,67.8543],[-107.6593,67.9467],[-107.9095,67.9951],[-107.8795,68.093],[-107.6973,68.0776],[-107.814,68.0572],[-107.7741,67.9886],[-107.1466,68.1318],[-106.7582,68.105],[-106.8134,68.208],[-106.6449,68.1733],[-106.6315,68.2496],[-106.4435,68.1528],[-106.3466,68.1869],[-106.4841,68.2287],[-106.4457,68.3513],[-105.7271,68.4266],[-105.7787,68.5507],[-105.6483,68.6387],[-106.5533,68.5159],[-106.4224,68.5159],[-106.6352,68.4687],[-106.4879,68.4074],[-106.5527,68.2968],[-106.7867,68.4149],[-107.1551,68.2701],[-107.5465,68.3518],[-107.889,68.2695],[-107.6147,68.1671],[-108.3892,68.111],[-108.434,68.1562],[-108.3279,68.2046],[-108.4576,68.1869],[-108.4166,68.3042],[-108.807,68.2626],[-108.3472,68.6001],[-107.2926,68.7014],[-106.1975,68.9444],[-105.4696,68.722],[-105.5392,68.6501],[-105.3241,68.4825],[-105.5439,68.4139],[-105.3331,68.4135],[-105.0392,68.2591],[-105.086,68.3104],[-104.8942,68.3514],[-104.8422,68.2919],[-104.9352,68.2359],[-104.602,68.2353],[-104.6757,68.1397],[-104.4839,68.0339],[-103.7926,68.0263],[-103.4149,68.1694],[-103.3635,68.0115]]],[[[-107.9505,66.858],[-107.7934,66.9946],[-107.8307,66.9027],[-107.9505,66.858]]],[[[-108.115,67.0368],[-107.9936,66.956],[-107.9368,66.9536],[-108.0368,66.9023],[-108.115,67.0368]]],[[[-107.6242,67.2045],[-107.3205,67.1044],[-107.5436,67.0884],[-107.6242,67.2045]]],[[[-107.9073,67.3168],[-108.1491,67.4129],[-107.8816,67.4675],[-107.9073,67.3168]]],[[[-108.2869,67.5358],[-108.3825,67.4675],[-108.4992,67.5358],[-108.4582,67.5737],[-108.2869,67.5358]]],[[[-108.1287,67.6457],[-108.0038,67.6605],[-107.9225,67.5495],[-108.1058,67.4682],[-108.1287,67.6457]]],[[[-97.562,67.694],[-97.3353,67.6798],[-97.5512,67.6453],[-97.562,67.694]]],[[[-109.2117,67.7897],[-109.0707,67.811],[-109.0398,67.7897],[-109.1361,67.7681],[-109.2117,67.7897]]],[[[-114.2965,67.8996],[-113.9745,67.8918],[-113.9265,67.8791],[-114.2378,67.8791],[-114.2965,67.8996]]],[[[-113.6037,67.9063],[-113.2843,67.9385],[-113.248,67.92],[-113.5284,67.8953],[-113.6037,67.9063]]],[[[-111.0893,67.8654],[-110.8445,67.9556],[-110.8082,67.961],[-110.8787,67.8925],[-111.0893,67.8654]]],[[[-108.0535,67.9548],[-108.0922,67.8847],[-108.2589,67.8927],[-108.1771,67.961],[-108.0535,67.9548]]],[[[-108.9351,67.9706],[-108.9411,67.8759],[-109.1981,67.9951],[-108.9351,67.9706]]],[[[-98.9918,68.0766],[-98.954,67.9851],[-99.0834,68.0572],[-98.9918,68.0766]]],[[[-109.4839,68.0993],[-109.3175,67.9852],[-109.5475,68.0572],[-109.4839,68.0993]]],[[[-110.1648,68.082],[-109.8758,68.1323],[-110.2594,68.0429],[-110.1648,68.082]]],[[[-109.856,68.1596],[-109.6432,68.2426],[-109.568,68.2496],[-109.782,68.1426],[-109.856,68.1596]]],[[[-111.7687,68.2299],[-111.5287,68.314],[-111.5002,68.3042],[-111.7687,68.2299]]],[[[-100.1186,68.3793],[-100.121,68.2786],[-100.234,68.324],[-100.1186,68.3793]]],[[[-111.034,68.5097],[-110.6989,68.4886],[-111.0952,68.48],[-111.034,68.5097]]],[[[-110.7605,68.5662],[-110.5207,68.5507],[-110.6143,68.5226],[-110.7605,68.5662]]],[[[-104.4901,68.5159],[-104.4658,68.4169],[-104.6552,68.398],[-105.086,68.5507],[-104.4901,68.5159]]],[[[-113.9674,68.6121],[-113.8353,68.6144],[-113.762,68.5978],[-113.7958,68.5817],[-113.9674,68.6121]]],[[[-114.1927,68.681],[-114.0718,68.6446],[-114.0478,68.6272],[-114.1927,68.681]]],[[[-101.694,68.7703],[-101.694,68.6539],[-101.8249,68.653],[-101.8448,68.5711],[-102.3519,68.6872],[-102.0246,68.8238],[-101.694,68.7703]]],[[[-114.3822,68.8692],[-114.4384,68.9004],[-114.3305,68.8862],[-114.3822,68.8692]]],[[[-100.1249,68.9069],[-100.3924,68.7151],[-100.4712,68.7998],[-100.6033,68.7556],[-100.6313,68.9957],[-100.3235,69.0031],[-100.1249,68.9069]]],[[[-100.1385,69.1471],[-100.0218,68.9404],[-100.2552,69.0503],[-100.1385,69.1471]]],[[[-101.5294,69.1881],[-101.5506,69.113],[-101.7014,69.0987],[-101.6052,69.1505],[-101.6891,69.2112],[-101.5294,69.1881]]],[[[-100.9814,69.4822],[-101.2425,69.3743],[-101.3035,69.4481],[-101.1868,69.4822],[-101.3815,69.5382],[-101.1732,69.5717],[-100.9814,69.4822]]],[[[-96.1431,69.3525],[-96.7402,69.5854],[-96.1693,69.5705],[-96.1013,69.4673],[-96.1431,69.3525]]],[[[-95.9923,69.3594],[-96.0114,69.4828],[-95.8011,69.6331],[-95.3712,69.5136],[-95.5336,69.3314],[-95.7459,69.3389],[-95.6554,69.4095],[-95.7218,69.5556],[-95.8353,69.5581],[-95.78,69.4687],[-95.8846,69.3439],[-95.9923,69.3594]]],[[[-102.126,69.715],[-102.1593,69.6542],[-102.2358,69.6846],[-102.2262,69.7261],[-102.126,69.715]]],[[[-95.2149,68.8622],[-95.5304,68.6784],[-95.7778,68.7414],[-95.8421,68.6195],[-96.5205,68.4476],[-98.1193,68.675],[-98.3638,68.8576],[-98.5224,68.7503],[-98.8634,68.8344],[-98.8197,68.9277],[-98.97,68.9547],[-99.1923,68.8298],[-99.5973,69.0267],[-99.4613,69.1346],[-99.0067,69.1391],[-98.4096,69.3078],[-98.6113,69.4492],[-98.4186,69.4761],[-98.5906,69.5203],[-98.5494,69.5851],[-98.0238,69.4346],[-98.3702,69.6058],[-98.2838,69.7571],[-97.9252,69.8959],[-97.3423,69.7088],[-97.4932,69.6741],[-97.3907,69.6002],[-97.284,69.697],[-96.2198,69.314],[-96.2256,69.0544],[-96.1234,69.0334],[-96.1548,69.1642],[-96.0482,69.2297],[-95.8282,68.8759],[-95.2149,68.8622]]],[[[-97.4658,69.9006],[-97.3884,69.9624],[-97.2262,69.8795],[-97.2754,69.8589],[-97.4658,69.9006]]],[[[-100.8269,70.329],[-100.7692,70.2569],[-100.8722,70.2978],[-100.8269,70.329]]],[[[-100.2292,70.4645],[-100.6556,70.5516],[-100.7145,70.6815],[-100.1938,70.579],[-100.3924,70.5853],[-100.2292,70.4645]]],[[[-110.0037,72.7104],[-109.7734,72.7167],[-110.0037,72.7554],[-110.0037,72.9851],[-108.946,72.6738],[-109.0472,72.5733],[-108.6334,72.5656],[-108.6631,72.361],[-108.5402,72.1487],[-108.4024,72.1487],[-108.3409,71.9359],[-108.1915,71.963],[-108.2943,71.8815],[-108.1703,71.7541],[-108.246,71.723],[-107.8325,71.6082],[-107.7245,71.6348],[-107.8011,71.7344],[-107.2516,71.8061],[-107.4725,71.8703],[-107.2516,71.9017],[-107.7792,72.1413],[-107.8649,72.2958],[-107.7178,72.3027],[-107.8719,72.4348],[-107.786,72.4634],[-107.9852,72.5181],[-107.8754,72.5733],[-108.0132,72.6205],[-108.1361,72.9848],[-108.2347,73.0429],[-108.1566,73.0525],[-108.2983,73.1338],[-107.8679,73.1896],[-108.1566,73.3063],[-107.662,73.3284],[-107.0732,73.178],[-107.0114,73.1971],[-107.0877,73.2858],[-106.8734,73.3156],[-106.234,73.0872],[-105.8501,73.06],[-105.3672,72.7924],[-105.3188,72.7378],[-105.5106,72.7788],[-105.2897,72.6544],[-105.3188,72.559],[-105.1959,72.484],[-105.3051,72.4566],[-104.9663,72.1935],[-105.0246,72.073],[-104.3653,71.5772],[-104.4076,71.5107],[-104.2813,71.3502],[-104.487,71.3476],[-104.4405,71.2491],[-104.6478,71.1197],[-104.5912,71.0732],[-103.5718,70.6055],[-102.9278,70.4991],[-103.1252,70.5761],[-103.1612,70.661],[-103.0869,70.6775],[-102.8597,70.5966],[-102.8511,70.5163],[-102.1922,70.3334],[-101.595,70.2773],[-101.6475,70.2044],[-101.5294,70.1129],[-101.0223,70.1862],[-100.8783,69.7829],[-100.9643,69.6645],[-101.2948,69.6705],[-101.4574,69.9062],[-101.6735,69.6467],[-102.225,69.9205],[-102.3359,69.767],[-102.6726,69.7694],[-102.4872,69.6907],[-102.5702,69.5487],[-103.4896,69.6945],[-103.5101,69.6195],[-103.2208,69.5555],[-103.1256,69.4399],[-103.0852,69.5233],[-103.0167,69.4822],[-103.0235,69.2803],[-103.2084,69.2011],[-103.1981,69.1203],[-102.8429,69.3847],[-102.2826,69.5036],[-101.9391,69.4206],[-102.1732,69.3525],[-102.0378,69.288],[-102.2215,69.2291],[-102.0898,69.1824],[-101.9275,69.2615],[-101.756,69.1601],[-101.8468,68.9883],[-102.7491,68.8995],[-102.714,68.8397],[-102.9659,68.7987],[-104.0997,68.8585],[-104.2642,68.9479],[-104.5936,68.8645],[-105.123,68.8964],[-105.2778,68.9547],[-104.9184,69.0751],[-106.4121,69.1881],[-106.2742,69.2881],[-106.3175,69.4013],[-106.5839,69.5036],[-106.9634,69.3627],[-106.9374,69.2156],[-107.3348,69.0256],[-108.5395,68.947],[-109.0286,68.7268],[-110.3761,68.5764],[-111.4183,68.5786],[-111.251,68.5197],[-113.244,68.4544],[-113.2981,68.491],[-113.0391,68.4949],[-113.6681,68.8154],[-113.5719,68.9652],[-113.6378,69.0298],[-113.5497,69.0441],[-113.6931,69.1949],[-113.5411,69.1907],[-114.2548,69.2837],[-115.9748,69.3002],[-116.5277,69.4139],[-116.6327,69.4618],[-116.5576,69.4959],[-116.6196,69.5717],[-116.9056,69.5926],[-116.6348,69.63],[-117.1436,69.888],[-117.1237,70.0012],[-112.8988,70.0001],[-112.8749,69.8323],[-112.6499,69.8334],[-112.3955,69.8746],[-112.6591,69.9023],[-112.4998,69.9105],[-112.5,70.0001],[-110.0,70.0001],[-110.0037,72.4581],[-109.7803,72.4362],[-110.0037,72.4966],[-109.7877,72.5044],[-110.0037,72.6273],[-110.0037,72.7104]]],[[[-72.949,66.7346],[-73.0058,66.8177],[-72.8035,67.043],[-72.3509,67.1195],[-72.1933,67.2757],[-72.3698,67.3308],[-72.508,67.5023],[-72.4261,67.5433],[-72.482,67.6176],[-72.663,67.6848],[-72.6082,67.7863],[-72.944,67.9323],[-72.9946,68.2359],[-73.4949,68.2769],[-73.2137,68.3793],[-73.2791,68.3997],[-73.6191,68.2496],[-73.6879,68.2769],[-73.5843,68.3042],[-73.8444,68.3496],[-73.9474,68.4135],[-73.7386,68.5192],[-73.817,68.5711],[-73.7215,68.6158],[-73.8245,68.6195],[-73.7556,68.6872],[-74.1876,68.7294],[-73.8852,68.5549],[-74.22,68.5158],[-74.7208,68.7355],[-74.5745,68.8419],[-74.9827,68.8113],[-74.6848,68.8798],[-75.0441,68.9069],[-74.6401,69.0236],[-74.8091,69.0833],[-75.0516,69.0093],[-75.116,68.893],[-75.4864,69.022],[-75.6065,68.8858],[-76.625,68.6824],[-76.6732,68.7658],[-76.5338,68.8814],[-76.6446,68.9169],[-76.6381,69.0159],[-75.9899,69.0109],[-75.621,69.088],[-75.5956,69.2291],[-75.9621,69.3735],[-76.3913,69.4053],[-76.6296,69.546],[-76.4696,69.6576],[-76.1819,69.6679],[-76.6221,69.6887],[-76.517,69.6679],[-76.703,69.565],[-77.2029,69.6467],[-76.7948,69.7225],[-76.9012,69.7771],[-76.7767,69.8361],[-77.3128,69.842],[-76.9764,69.9422],[-77.6343,69.8249],[-77.4425,69.7908],[-77.6144,69.743],[-77.6827,69.8249],[-77.7039,70.2012],[-78.4083,70.2159],[-78.5393,70.3122],[-78.3884,70.3388],[-78.5817,70.3144],[-78.7447,70.4561],[-79.1009,70.5033],[-78.8818,70.6008],[-78.7817,70.5563],[-78.7174,70.5517],[-78.8399,70.6357],[-79.1555,70.6318],[-79.0032,70.6186],[-79.2134,70.4208],[-79.3468,70.4487],[-79.2307,70.5585],[-79.5913,70.4113],[-78.9254,70.3021],[-78.6651,70.0138],[-78.7999,69.8795],[-79.6809,69.8486],[-79.9061,69.9831],[-81.7624,70.1229],[-81.1932,70.0008],[-80.7703,69.7823],[-80.9512,69.715],[-81.5676,69.9695],[-83.0479,70.3122],[-81.7115,69.9348],[-82.1384,69.786],[-83.0516,70.0105],[-83.6728,69.9464],[-84.6948,70.0066],[-84.8338,70.036],[-84.8117,70.1187],[-85.8748,70.072],[-85.2346,69.9962],[-85.7829,69.9952],[-86.5499,70.2365],[-86.5908,70.3668],[-86.297,70.4774],[-86.3709,70.5266],[-86.6638,70.3801],[-86.6392,70.3251],[-86.8835,70.3356],[-86.7416,70.3872],[-86.9746,70.4727],[-87.2487,70.3941],[-87.0098,70.3745],[-86.9744,70.2904],[-87.7797,70.332],[-87.6119,70.2842],[-87.8525,70.238],[-88.2629,70.332],[-87.904,70.3288],[-88.9072,70.5449],[-89.4491,70.908],[-89.1884,70.9626],[-89.5577,71.093],[-87.893,70.9353],[-87.0023,70.9968],[-87.749,71.1408],[-87.8641,71.2748],[-88.0811,71.2097],[-89.8531,71.3393],[-90.0449,71.5967],[-89.7979,71.7646],[-90.1186,71.9289],[-89.9925,72.0716],[-89.5782,72.1624],[-89.9009,72.1898],[-89.9507,72.3337],[-89.8331,72.403],[-89.913,72.426],[-89.7875,72.4243],[-89.8877,72.4491],[-89.7351,72.6212],[-89.4683,72.6689],[-89.5782,72.7924],[-89.2766,72.7582],[-89.4136,72.8309],[-89.298,72.9207],[-89.3607,72.9802],[-89.2149,73.0133],[-89.3119,73.0525],[-89.1475,73.1862],[-88.8867,73.217],[-89.0512,73.2517],[-88.6192,73.2858],[-88.8594,73.3337],[-88.6875,73.423],[-87.7645,73.7167],[-87.1341,73.8027],[-85.1057,73.812],[-84.8367,73.7452],[-86.0303,73.3024],[-86.7375,72.7309],[-86.242,72.4225],[-86.4325,72.2768],[-86.4082,72.0058],[-85.4969,71.5144],[-84.9476,71.4233],[-84.8376,71.2866],[-85.1932,71.2993],[-85.4715,71.2297],[-85.4062,71.197],[-85.9453,71.1809],[-86.8236,70.9905],[-84.9726,71.1962],[-84.8568,71.1597],[-84.8777,71.0725],[-84.9823,71.1078],[-85.1452,71.0861],[-84.9597,71.0787],[-84.968,70.924],[-84.7992,70.9279],[-84.7971,71.1849],[-84.6648,71.2233],[-84.7987,71.2877],[-84.7613,71.4077],[-84.5283,71.4731],[-84.6224,71.6658],[-85.2579,71.6684],[-85.5834,71.7918],[-85.4378,71.8148],[-85.5555,71.9017],[-86.0214,71.9841],[-86.0506,72.0146],[-85.4978,72.0799],[-85.5425,72.1276],[-85.3985,72.1345],[-85.5084,72.1754],[-85.5425,72.2369],[-85.4189,72.217],[-85.4764,72.2663],[-84.862,72.2197],[-84.2066,71.9385],[-84.1645,72.0246],[-84.9392,72.2921],[-84.4321,72.3815],[-84.8731,72.3737],[-84.7801,72.4617],[-85.1319,72.3539],[-85.5145,72.4634],[-85.6182,72.5454],[-85.4736,72.5795],[-85.7064,72.6385],[-85.6821,72.8936],[-85.3179,72.9631],[-83.9529,72.7582],[-85.118,73.0331],[-85.5356,73.0258],[-85.4636,73.1119],[-83.6376,72.9848],[-85.193,73.2313],[-84.7972,73.3909],[-84.3426,73.2313],[-84.658,73.3951],[-84.1822,73.4777],[-83.781,73.4361],[-83.6052,73.3015],[-83.6652,73.4561],[-84.0075,73.5049],[-82.8311,73.7367],[-81.5284,73.7162],[-81.2291,73.5397],[-81.1876,73.2646],[-80.6197,73.1601],[-80.5499,73.0948],[-80.6403,72.9279],[-80.2455,72.7378],[-81.3826,72.2443],[-80.5062,72.4976],[-80.5124,72.3815],[-80.9718,72.2034],[-80.5669,72.0823],[-81.0263,72.0935],[-81.0878,72.0526],[-80.8004,72.0178],[-80.9853,71.8881],[-80.3967,72.0501],[-80.4829,72.1807],[-80.2381,72.2096],[-80.307,72.2574],[-80.2452,72.2999],[-80.0053,72.1828],[-79.6764,72.1276],[-80.1698,72.3263],[-79.8188,72.5064],[-79.5938,72.3405],[-79.768,72.2224],[-79.5456,72.2751],[-79.4504,72.1959],[-79.546,72.2921],[-79.3316,72.4023],[-78.9572,72.2831],[-79.0389,72.073],[-79.2307,71.9763],[-78.5045,71.8745],[-78.9144,72.0141],[-78.8304,72.1727],[-78.5045,72.1003],[-78.209,71.8238],[-77.9086,71.7714],[-78.3083,71.9499],[-78.1536,71.9724],[-77.7476,71.7517],[-77.6964,71.8123],[-78.1249,71.9768],[-78.2945,71.9765],[-78.429,72.1199],[-78.8751,72.2307],[-78.7509,72.2853],[-78.8048,72.3381],[-78.6043,72.3578],[-78.4276,72.1794],[-78.4709,72.3188],[-78.4088,72.329],[-77.6914,72.2166],[-77.661,72.1003],[-77.5896,72.1833],[-76.9974,72.1345],[-78.5548,72.4448],[-78.4274,72.5937],[-77.601,72.7558],[-76.7835,72.7295],[-76.1695,72.5911],[-76.103,72.4797],[-75.9399,72.5922],[-75.1984,72.4976],[-74.9417,72.2574],[-75.246,72.1285],[-75.6392,72.1451],[-76.0288,72.0887],[-76.4146,71.8608],[-75.6577,72.1243],[-75.2223,72.0693],[-75.5854,72.0041],[-75.8045,71.7578],[-76.0999,71.6963],[-75.8664,71.708],[-75.6714,71.8167],[-75.5506,71.9835],[-75.196,72.0242],[-75.0632,72.1282],[-74.2423,72.0799],[-74.118,71.9672],[-74.215,71.8371],[-75.3518,71.7001],[-74.9398,71.6617],[-75.4141,71.525],[-74.6494,71.6789],[-74.7322,71.583],[-75.0196,71.5427],[-75.1534,71.4697],[-74.8437,71.5233],[-74.9281,71.456],[-74.7047,71.3949],[-75.0459,71.1872],[-74.631,71.3902],[-74.7425,71.5141],[-74.5227,71.6626],[-74.1083,71.7379],[-74.2495,71.6088],[-74.146,71.5386],[-74.2168,71.6209],[-73.996,71.7542],[-73.621,71.7725],[-73.9962,71.4618],[-74.1024,71.466],[-74.3179,71.4151],[-74.03,71.4424],[-74.2423,71.2028],[-74.0029,71.3263],[-73.8662,71.5353],[-73.5638,71.5585],[-73.6389,71.3605],[-73.4615,71.4419],[-73.3789,71.3872],[-73.8996,71.0595],[-73.6942,71.0861],[-73.4409,71.3468],[-73.0499,71.2705],[-73.2764,71.2233],[-73.2901,71.0998],[-73.4546,71.0316],[-73.3789,70.9831],[-73.169,71.2273],[-72.9954,71.2542],[-72.9604,71.3362],[-72.9946,71.4077],[-72.7551,71.4356],[-72.8376,71.5107],[-72.639,71.5455],[-72.5494,71.6651],[-71.5443,71.5051],[-71.1171,71.2705],[-71.4705,71.0657],[-72.0451,71.0848],[-72.3563,70.8787],[-72.7761,70.818],[-72.1654,70.8397],[-72.5707,70.6132],[-71.5906,70.8732],[-71.1744,70.8572],[-71.289,70.908],[-71.2019,71.007],[-70.8616,71.1091],[-70.6214,71.0693],[-70.5212,70.9143],[-70.8055,70.7244],[-71.2122,70.5819],[-71.5764,70.6132],[-71.748,70.4489],[-71.9674,70.4214],[-71.7298,70.4255],[-71.8237,70.2937],[-71.5149,70.579],[-71.1689,70.5351],[-71.3231,70.3183],[-71.2746,70.2699],[-71.5422,70.0241],[-71.248,70.2221],[-70.9853,70.6337],[-69.915,70.8799],[-69.7745,70.8562],[-70.4487,70.6352],[-70.4011,70.5275],[-70.4945,70.4829],[-70.3095,70.5033],[-70.3936,70.6147],[-70.0409,70.5966],[-69.4735,70.7913],[-68.3623,70.5843],[-68.2805,70.5176],[-68.4586,70.373],[-68.5913,70.467],[-68.72,70.3223],[-69.8083,70.1667],[-70.1799,70.0205],[-69.9509,70.0592],[-69.8322,69.9831],[-70.1444,69.9695],[-70.4728,69.8454],[-69.7585,69.9729],[-69.8018,70.0683],[-69.6832,70.1396],[-69.0135,70.1887],[-69.1002,70.2201],[-68.6436,70.147],[-69.4082,69.8293],[-69.7882,69.8323],[-69.9912,69.6774],[-69.982,69.6178],[-69.7469,69.8044],[-69.3906,69.7839],[-69.1029,69.9205],[-68.6492,69.9429],[-68.5649,70.0534],[-68.1911,70.1266],[-68.3487,70.1887],[-68.157,70.3183],[-67.8085,70.2637],[-67.2253,69.9484],[-67.1155,69.7287],[-68.0131,69.7761],[-68.3492,69.6331],[-70.0216,69.5369],[-68.5875,69.591],[-68.0051,69.462],[-67.2276,69.4643],[-66.788,69.34],[-66.6494,69.2222],[-66.7423,69.1369],[-67.678,69.1772],[-68.1979,69.311],[-69.0135,69.3594],[-69.2606,69.2768],[-68.9525,69.3389],[-68.0825,69.2197],[-68.9641,69.2235],[-68.507,69.2011],[-69.0699,69.1137],[-68.9248,69.1055],[-69.0183,68.9684],[-68.8641,69.0916],[-68.3734,69.1796],[-67.7045,69.0236],[-68.5512,68.9841],[-68.0403,68.9479],[-68.0887,68.9069],[-67.999,68.8559],[-68.4928,68.8995],[-67.7734,68.784],[-68.5825,68.8499],[-68.4928,68.7971],[-68.6196,68.7862],[-69.3021,68.8828],[-69.3978,68.8585],[-68.9735,68.7425],[-68.0477,68.6872],[-68.1706,68.6741],[-68.1057,68.6302],[-68.644,68.6654],[-68.9043,68.6052],[-67.9334,68.56],[-67.9584,68.3998],[-67.859,68.5502],[-67.6641,68.5647],[-67.4923,68.5301],[-67.63,68.4931],[-67.6063,68.3841],[-67.5486,68.4923],[-67.1905,68.4339],[-67.3414,68.4135],[-67.1247,68.4133],[-67.1291,68.4824],[-66.6636,68.4408],[-67.0225,68.3616],[-67.4031,68.397],[-67.7939,68.3377],[-67.8762,68.2834],[-67.0325,68.3266],[-67.239,68.2968],[-67.3851,68.1542],[-67.6021,68.1671],[-67.3797,68.1288],[-67.0653,68.2961],[-66.7882,68.2494],[-66.9714,68.0367],[-66.6932,68.1455],[-66.7387,67.989],[-66.5814,68.1484],[-66.3135,68.1291],[-66.478,68.0776],[-66.1832,68.0162],[-66.3278,67.9753],[-66.4136,67.8691],[-66.7456,67.8791],[-66.3887,67.7815],[-66.2794,67.961],[-65.9558,68.0424],[-65.9282,68.1648],[-65.8548,68.081],[-66.0323,67.961],[-65.9442,67.8996],[-66.0118,67.6366],[-65.9593,67.8173],[-65.7706,67.8977],[-65.8096,67.9749],[-65.4519,67.9986],[-65.6145,67.7895],[-65.3612,67.5979],[-65.3804,67.7187],[-65.5495,67.793],[-65.4194,67.9138],[-65.025,68.0572],[-64.7497,68.0007],[-65.0666,67.9343],[-64.9431,67.9138],[-65.1088,67.8666],[-65.1491,67.7965],[-65.012,67.793],[-65.1641,67.7355],[-65.1948,67.6437],[-64.9132,67.7943],[-64.8161,67.7829],[-64.8264,67.6942],[-64.7587,67.8244],[-64.5035,67.8065],[-64.3676,67.7589],[-64.6414,67.6667],[-64.3124,67.7351],[-64.2073,67.6542],[-64.2851,67.6252],[-64.0763,67.6178],[-64.042,67.5365],[-64.4434,67.4811],[-63.9971,67.4538],[-63.9416,67.361],[-64.0046,67.331],[-63.9084,67.3068],[-64.7997,67.3515],[-64.2305,67.2962],[-64.8195,67.2069],[-64.7727,67.1983],[-63.963,67.2757],[-64.6091,67.1403],[-64.7004,67.0089],[-64.4965,67.1386],[-63.4491,67.228],[-63.7681,67.0259],[-63.8004,66.993],[-63.7712,66.9604],[-63.1636,67.3376],[-62.9769,67.2219],[-63.2808,67.1108],[-63.2368,66.9741],[-63.5506,66.9068],[-63.6146,66.8298],[-63.8197,66.8171],[-63.528,66.8182],[-63.4425,66.9108],[-63.4285,66.7078],[-63.3491,66.8907],[-62.8653,66.9691],[-62.8227,66.8015],[-62.9016,66.6383],[-62.7502,66.788],[-62.7471,66.9431],[-62.5552,66.9385],[-62.3113,66.7277],[-62.425,66.9282],[-62.09,67.0598],[-62.0041,67.0368],[-62.1059,66.9194],[-61.7536,66.9512],[-62.0083,66.8801],[-61.6056,66.8716],[-61.7297,66.8307],[-61.5059,66.805],[-61.2675,66.6316],[-61.4382,66.5465],[-61.9993,66.6989],[-62.1884,66.6321],[-61.8215,66.6286],[-61.582,66.4779],[-61.9898,66.4123],[-61.4622,66.3714],[-61.5646,66.3441],[-61.9346,66.2895],[-62.6267,66.4403],[-62.716,66.4123],[-62.3188,66.3031],[-62.6643,66.2196],[-62.8942,66.3372],[-62.699,66.1981],[-62.1059,66.1448],[-62.1704,66.1208],[-62.0103,66.0759],[-62.1134,66.0561],[-61.9542,66.0198],[-62.3188,65.9809],[-62.4109,66.023],[-62.7852,66.0377],[-62.9237,66.1512],[-63.0655,66.1243],[-62.8228,66.0219],[-62.4289,65.9787],[-62.2915,65.8227],[-62.6446,65.8108],[-62.8708,65.9081],[-62.5718,65.7626],[-62.8464,65.7687],[-62.598,65.6749],[-62.6572,65.5888],[-62.8197,65.6104],[-62.9321,65.7606],[-62.9597,65.59],[-63.1962,65.6337],[-63.5101,65.9365],[-63.3467,65.6725],[-63.7214,65.6793],[-63.3666,65.6335],[-63.3666,65.5383],[-63.6204,65.549],[-63.2914,65.4323],[-63.6551,65.467],[-63.3876,65.3981],[-63.5242,65.3851],[-63.3398,65.3026],[-63.4559,65.2412],[-63.3133,65.2098],[-63.5179,65.1927],[-63.3398,65.1449],[-63.535,64.8985],[-63.6551,64.9184],[-63.6127,65.0029],[-63.8258,64.9866],[-63.6551,65.0419],[-63.871,65.0445],[-63.8091,65.1859],[-64.1097,65.0523],[-64.2783,65.1039],[-64.079,65.2001],[-64.3743,65.1793],[-64.3382,65.2955],[-64.4086,65.2883],[-64.2374,65.4323],[-64.4461,65.3195],[-64.5571,65.0932],[-64.6169,65.1924],[-64.7308,65.1592],[-64.6489,65.2541],[-64.9089,65.3026],[-64.6824,65.3435],[-64.9151,65.3435],[-64.4585,65.4211],[-64.4086,65.4807],[-65.0102,65.3694],[-65.1696,65.4875],[-64.9294,65.5285],[-64.7103,65.6588],[-64.9913,65.548],[-65.3409,65.5832],[-64.7922,65.7277],[-65.184,65.6567],[-65.4538,65.6793],[-65.385,65.7877],[-65.5054,65.7551],[-65.3358,65.9213],[-64.7376,65.9742],[-64.8543,66.0356],[-64.7172,66.2246],[-64.354,66.3503],[-64.7103,66.2826],[-64.9636,66.0759],[-65.8994,65.9537],[-65.9604,66.0527],[-65.6392,66.1728],[-65.4775,66.3918],[-65.6819,66.1914],[-66.0119,66.1175],[-66.2573,66.2236],[-66.1496,66.2895],[-66.5208,66.2187],[-66.4718,66.3503],[-66.5742,66.3714],[-66.4432,66.4143],[-66.766,66.3851],[-66.6772,66.4601],[-66.7853,66.442],[-66.8616,66.5427],[-66.725,66.5911],[-67.0603,66.6457],[-66.8827,66.57],[-67.1294,66.4872],[-67.5278,66.6245],[-67.7461,66.57],[-67.2862,66.5262],[-67.1556,66.3685],[-67.4103,66.4328],[-67.146,66.3028],[-67.3989,66.2965],[-67.6294,66.4465],[-67.9925,66.5085],[-67.7634,66.3655],[-67.7529,66.2547],[-67.1633,66.0424],[-67.3142,66.0015],[-67.1871,65.9162],[-67.7459,65.9665],[-67.7045,65.8984],[-67.9228,65.9032],[-68.0334,66.0015],[-67.9726,66.0834],[-68.2737,66.2274],[-68.3992,66.1868],[-68.5135,66.3031],[-68.4966,66.2129],[-68.8497,66.1933],[-68.0273,66.0759],[-68.0825,65.9809],[-68.124,66.0271],[-68.2116,66.0076],[-68.116,65.9667],[-68.3479,66.0398],[-68.1911,65.953],[-68.3124,65.9128],[-68.1467,65.9326],[-68.1911,65.8643],[-68.0823,65.8328],[-68.2054,65.796],[-67.8143,65.8159],[-67.9584,65.7408],[-67.869,65.6452],[-68.0607,65.5694],[-67.9509,65.5626],[-68.0334,65.4875],[-67.7355,65.6384],[-67.2731,65.6452],[-67.3414,65.5769],[-67.2595,65.5353],[-67.4587,65.5012],[-67.0599,65.4241],[-67.4171,65.351],[-67.1223,65.3162],[-67.1119,65.2034],[-66.9373,65.2412],[-66.9615,65.1101],[-67.1086,65.0623],[-66.725,65.1859],[-66.9168,65.0493],[-66.7592,65.0692],[-66.7434,64.9682],[-66.8343,64.9456],[-66.725,64.9184],[-66.7052,64.7688],[-66.6357,64.7812],[-66.6822,65.0442],[-66.1496,64.8706],[-66.1903,64.781],[-66.3415,64.7744],[-66.2105,64.7613],[-66.218,64.6924],[-66.0187,64.8576],[-66.0414,64.7194],[-65.9573,64.7675],[-65.8074,64.6374],[-65.9521,64.8845],[-65.7168,64.8442],[-65.7103,64.6924],[-65.6466,64.7734],[-65.56,64.7129],[-65.7524,64.59],[-65.7069,64.4901],[-65.3409,64.528],[-65.4078,64.4454],[-65.2114,64.5414],[-65.0734,64.4491],[-65.2652,64.384],[-65.1784,64.3475],[-65.227,64.3005],[-65.5259,64.3293],[-65.6562,64.3014],[-65.4355,64.3051],[-65.5668,64.2542],[-65.3437,64.2533],[-65.2447,64.199],[-65.3955,64.1512],[-65.2515,64.1785],[-65.1144,64.1096],[-65.1963,64.0761],[-65.0529,64.0687],[-65.1931,64.0219],[-64.6661,64.0326],[-64.9914,63.8284],[-64.5223,63.6691],[-64.5868,63.6025],[-64.5076,63.4221],[-64.6352,63.4182],[-64.5223,63.3767],[-64.5114,63.3144],[-64.6278,63.3214],[-64.4844,63.2878],[-64.5368,63.2552],[-64.7171,63.281],[-64.9427,63.6327],[-65.3024,63.8127],[-64.9875,63.6031],[-65.1491,63.4312],[-65.0467,63.4387],[-65.1212,63.4039],[-64.9465,63.3598],[-64.9021,63.2394],[-65.1491,63.2878],[-64.9778,63.2279],[-65.0598,63.1779],[-64.7513,63.1022],[-64.8679,63.096],[-64.765,63.0551],[-64.8475,62.9731],[-64.6278,62.9111],[-64.8871,62.8694],[-65.272,63.0067],[-64.9294,62.6435],[-65.1696,62.5684],[-65.3546,62.6845],[-65.2447,62.7801],[-65.3751,62.7869],[-65.2515,62.8354],[-65.3273,62.9179],[-65.3986,62.8292],[-65.6038,62.8251],[-65.7524,62.9248],[-65.7122,63.0512],[-65.7882,62.8732],[-65.9635,62.9375],[-65.8343,63.0334],[-66.0294,62.9862],[-66.2832,63.1369],[-66.1039,62.9516],[-66.3967,62.9998],[-66.5637,63.2158],[-66.6884,63.2814],[-66.6437,63.3746],[-66.7387,63.294],[-66.6009,63.2121],[-66.5599,63.0817],[-66.6841,63.1022],[-66.5504,62.9963],[-66.7687,63.0906],[-66.807,63.2748],[-66.8343,63.1507],[-67.0199,63.2394],[-66.974,63.3959],[-67.0124,63.2878],[-67.2011,63.2885],[-67.9242,63.7676],[-67.6977,63.3697],[-68.2305,63.5966],[-68.2889,63.6991],[-68.287,63.6367],[-68.5288,63.7461],[-68.993,63.7607],[-68.8634,63.6099],[-68.4444,63.4449],[-68.2298,63.1993],[-67.9174,63.1432],[-67.9857,63.0755],[-67.6113,63.0971],[-67.8007,63.0141],[-67.7734,62.9588],[-67.5369,63.045],[-67.6766,62.9287],[-67.4238,62.9794],[-67.2452,62.89],[-67.3687,62.8558],[-67.198,62.8769],[-67.2452,62.8148],[-67.1223,62.8292],[-67.0534,62.692],[-66.91,62.6982],[-67.0062,62.6572],[-66.7597,62.6839],[-66.4803,62.5051],[-66.5122,62.4238],[-66.3524,62.4475],[-66.4739,62.3367],[-66.3438,62.2707],[-66.3633,62.332],[-66.2246,62.3495],[-66.1553,62.2481],[-66.2651,62.2668],[-66.0592,62.2281],[-65.9871,62.2421],[-65.93,62.1978],[-66.04,62.0753],[-66.1787,62.1347],[-66.2043,62.1166],[-65.9488,61.9088],[-66.0631,61.8749],[-66.5398,61.903],[-67.5813,62.1811],[-68.5537,62.2497],[-69.1975,62.4445],[-69.3152,62.5411],[-69.2811,62.6237],[-69.3773,62.5337],[-69.5868,62.6577],[-69.3902,62.767],[-69.6988,62.7459],[-69.8353,62.8292],[-69.7609,62.7329],[-69.939,62.8012],[-70.2403,62.7541],[-71.0419,62.9588],[-70.9462,63.0328],[-71.158,62.9936],[-70.8228,63.1301],[-70.9265,63.1726],[-71.2162,63.0088],[-71.402,63.0556],[-71.4088,63.1234],[-71.7135,63.1779],[-71.762,63.2326],[-71.6487,63.2639],[-71.7687,63.2605],[-71.7809,63.4145],[-72.0152,63.3976],[-72.1423,63.4483],[-71.6145,63.4269],[-71.2269,63.6025],[-71.5619,63.5815],[-71.4876,63.6304],[-71.5832,63.6544],[-71.5354,63.7123],[-71.6555,63.6577],[-71.9228,63.8196],[-72.0084,63.754],[-71.8445,63.7607],[-71.9298,63.655],[-72.2006,63.7804],[-72.2138,63.6776],[-72.3176,63.6789],[-72.3646,63.7607],[-72.0903,63.911],[-72.2418,63.9594],[-72.3782,63.7825],[-72.6662,63.8564],[-72.5912,64.0277],[-72.6632,64.0839],[-72.7342,63.9699],[-72.9338,64.055],[-72.9056,64.1656],[-73.0782,64.1833],[-73.1045,64.2815],[-73.3863,64.2815],[-73.2656,64.3703],[-73.4819,64.4051],[-73.1672,64.59],[-73.3031,64.6657],[-73.314,64.5382],[-73.4642,64.508],[-73.4272,64.603],[-73.6464,64.6657],[-73.7519,64.5416],[-73.9217,64.6093],[-73.7829,64.4802],[-73.9617,64.4802],[-73.9958,64.3293],[-74.0777,64.3293],[-74.1739,64.3703],[-74.079,64.4206],[-74.1739,64.4659],[-74.0436,64.446],[-74.1262,64.5416],[-73.9548,64.515],[-74.1671,64.5695],[-74.0026,64.5826],[-74.0498,64.7259],[-74.215,64.6788],[-74.2423,64.5826],[-74.3003,64.6831],[-74.4204,64.6657],[-74.3945,64.5768],[-74.7084,64.7402],[-74.4866,64.8367],[-74.6463,64.9047],[-74.7314,64.7722],[-74.9889,64.8023],[-74.4687,64.5621],[-74.6463,64.5347],[-74.5057,64.4617],[-74.681,64.3778],[-75.82,64.6222],[-75.8154,64.5314],[-75.6332,64.4597],[-75.9218,64.487],[-75.736,64.3725],[-76.7109,64.3054],[-76.689,64.1916],[-77.854,64.3703],[-78.1822,64.5797],[-78.1556,64.6993],[-78.299,64.7067],[-78.0731,64.8159],[-78.1206,64.9742],[-77.3128,65.2001],[-77.5142,65.3261],[-77.2917,65.3814],[-77.3916,65.4731],[-75.7979,65.2323],[-75.4186,65.0305],[-75.6679,64.9456],[-75.5805,64.8578],[-75.4603,64.8431],[-75.5376,64.7812],[-75.297,64.7341],[-75.3458,64.9252],[-75.5717,64.8842],[-75.2626,64.957],[-75.1987,65.1057],[-75.3631,65.0076],[-75.9491,65.3225],[-75.1932,65.2563],[-75.084,65.3027],[-75.1051,65.3961],[-74.7152,65.4398],[-74.5512,65.3334],[-74.1184,65.5371],[-73.4744,65.4596],[-73.7178,65.7746],[-74.4722,66.1486],[-73.3447,66.6588],[-72.949,66.7346]]],[[[-64.5192,60.3193],[-64.7503,60.3738],[-64.8616,60.4655],[-64.6413,60.4923],[-64.5315,60.3756],[-64.4225,60.3976],[-64.5192,60.3193]]],[[[-67.8808,60.4968],[-67.847,60.4164],[-67.9728,60.2903],[-68.4194,60.2097],[-68.2413,60.5856],[-67.8808,60.4968]]],[[[-64.6103,60.6902],[-64.6256,60.6146],[-64.7135,60.5976],[-64.7165,60.6049],[-64.6103,60.6902]]],[[[-78.6961,60.7141],[-78.2233,60.8131],[-78.3406,60.7728],[-78.2785,60.7728],[-78.6961,60.7141]]],[[[-64.6793,61.4953],[-64.9754,61.3494],[-64.9225,61.4028],[-65.4842,61.6225],[-64.717,61.6635],[-64.7921,61.6225],[-64.65,61.6047],[-64.6793,61.4953]]],[[[-65.7915,61.8725],[-65.6915,61.7504],[-65.9464,61.8011],[-65.7915,61.8725]]],[[[-93.2247,61.9064],[-92.964,61.8894],[-93.0589,61.8299],[-93.2247,61.9064]]],[[[-65.2412,61.9204],[-64.9778,61.8969],[-64.8279,61.7612],[-65.1473,61.7839],[-65.2412,61.9204]]],[[[-92.3749,62.3903],[-92.1415,62.404],[-92.1415,62.3965],[-92.3749,62.3903]]],[[[-79.2825,62.2699],[-79.326,61.9884],[-79.7589,61.5822],[-80.2611,61.8563],[-80.215,62.1377],[-79.9346,62.3781],[-79.7036,62.3767],[-79.6111,62.4176],[-79.5586,62.4204],[-79.5397,62.4176],[-79.2825,62.2699]]],[[[-92.5992,62.4001],[-92.5289,62.433],[-92.4022,62.4108],[-92.5992,62.4001]]],[[[-64.3806,62.5275],[-64.5941,62.3698],[-64.9635,62.4648],[-64.7921,62.4927],[-64.8678,62.5275],[-64.8013,62.5685],[-64.3806,62.5275]]],[[[-77.887,62.5992],[-77.8606,62.5505],[-78.1134,62.5747],[-77.887,62.5992]]],[[[-77.8335,62.6026],[-77.6205,62.5883],[-77.7621,62.54],[-77.8335,62.6026]]],[[[-64.8406,62.5821],[-65.1144,62.5385],[-65.1416,62.5541],[-64.8406,62.5821]]],[[[-91.6707,62.671],[-91.5751,62.6244],[-91.6891,62.6708],[-91.6707,62.671]]],[[[-91.2714,62.692],[-91.0448,62.6826],[-90.984,62.664],[-91.2714,62.692]]],[[[-74.5301,62.7534],[-73.9647,62.6094],[-74.6531,62.7193],[-74.5301,62.7534]]],[[[-70.4925,62.767],[-70.177,62.59],[-70.362,62.5269],[-70.7279,62.5534],[-70.9252,62.7459],[-70.774,62.7713],[-71.1573,62.8035],[-71.0351,62.8292],[-71.236,62.8864],[-70.4925,62.767]]],[[[-82.1913,62.9862],[-81.8624,62.9248],[-81.9398,62.7116],[-83.0662,62.1872],[-83.2806,62.2525],[-83.7052,62.1435],[-83.7248,62.2856],[-83.9398,62.4238],[-83.4187,62.8923],[-83.0604,62.842],[-82.1913,62.9862]]],[[[-90.6511,63.4903],[-90.7022,63.4449],[-90.7568,63.5001],[-90.6511,63.4903]]],[[[-77.538,63.2878],[-77.5597,63.1848],[-77.9408,63.0871],[-78.5443,63.4492],[-78.4405,63.5194],[-77.8443,63.4725],[-77.538,63.2878]]],[[[-90.6749,63.5212],[-90.8118,63.5001],[-90.9697,63.5548],[-90.7613,63.5539],[-90.6749,63.5212]]],[[[-91.5391,63.607],[-91.3595,63.5927],[-91.2987,63.5678],[-91.5391,63.607]]],[[[-64.2926,63.4387],[-64.0597,63.2748],[-64.2792,63.3411],[-64.4979,63.6168],[-64.3549,63.6688],[-64.2926,63.4387]]],[[[-76.6889,63.4858],[-76.5449,63.4665],[-76.702,63.3697],[-76.9821,63.4073],[-77.4461,63.6611],[-77.1203,63.685],[-76.6178,63.5217],[-76.6889,63.4858]]],[[[-72.5006,63.7128],[-72.5997,63.6467],[-72.7829,63.6645],[-72.5006,63.7128]]],[[[-92.9969,63.9132],[-92.9717,63.8747],[-93.0937,63.911],[-92.9969,63.9132]]],[[[-64.8883,63.7949],[-64.5626,63.9086],[-64.6072,63.8427],[-64.5048,63.8427],[-64.6134,63.7875],[-64.3881,63.7329],[-64.4577,63.6774],[-64.8883,63.7949]]],[[[-77.9734,63.9656],[-77.9054,64.0245],[-77.5455,64.0277],[-77.7372,63.9321],[-77.9734,63.9656]]],[[[-81.4231,64.1965],[-81.5368,64.2232],[-81.3826,64.2132],[-81.4231,64.1965]]],[[[-73.3378,64.2399],[-73.1733,64.2058],[-73.3998,64.1649],[-73.3378,64.2399]]],[[[-73.534,64.5661],[-73.5153,64.3703],[-73.6542,64.3232],[-73.6736,64.4317],[-73.578,64.4931],[-73.6842,64.5248],[-73.534,64.5661]]],[[[-65.5463,64.5484],[-65.4507,64.5347],[-65.6881,64.5476],[-65.4119,64.7398],[-65.4091,64.6583],[-65.2931,64.7402],[-65.3135,64.6657],[-65.2098,64.644],[-65.5463,64.5484]]],[[[-62.2572,65.7482],[-62.1344,65.6545],[-62.3392,65.6179],[-62.4857,65.7237],[-62.2572,65.7482]]],[[[-83.2895,65.8352],[-83.5825,65.8615],[-83.2912,65.8469],[-83.2895,65.8352]]],[[[-80.1833,63.7676],[-81.1249,63.4638],[-82.0746,63.6918],[-82.4818,63.6852],[-82.5509,63.7573],[-82.3763,63.8284],[-82.3709,63.913],[-83.0845,63.9582],[-83.1383,64.0067],[-82.9658,64.137],[-83.0843,64.1898],[-83.6853,64.0141],[-83.6046,63.9304],[-83.6338,63.771],[-84.2843,63.6268],[-84.5902,63.3151],[-85.2739,63.1234],[-85.5098,63.1292],[-85.6352,63.2431],[-85.5902,63.6133],[-85.7137,63.7744],[-86.8682,63.5618],[-87.1238,63.5636],[-87.2238,63.6601],[-86.8959,63.9302],[-86.1929,64.1034],[-86.3648,64.3088],[-86.4194,64.5969],[-86.173,64.8296],[-86.2279,65.0039],[-86.1383,65.1135],[-86.1515,65.3961],[-85.9389,65.7632],[-85.4865,65.9241],[-85.4883,65.7966],[-85.1719,65.7891],[-85.0524,65.6142],[-85.3165,65.5415],[-85.0076,65.4157],[-84.9318,65.2182],[-84.8153,65.2211],[-84.5547,65.4859],[-84.16,65.347],[-84.2303,65.2676],[-84.0985,65.2095],[-83.3977,65.1366],[-83.2084,64.9477],[-82.3367,64.7615],[-81.7713,64.512],[-81.7746,64.3092],[-81.6066,64.1341],[-81.9916,63.9987],[-81.3988,64.1015],[-80.9307,63.9935],[-80.9791,64.0687],[-80.8888,64.1226],[-80.4969,63.9177],[-80.6746,63.894],[-80.1833,63.7676]]],[[[-85.1793,65.9878],[-84.8572,65.9667],[-84.5741,65.6356],[-84.8009,65.5671],[-85.1127,65.7621],[-85.1793,65.9878]]],[[[-84.1246,65.9067],[-84.4578,66.1461],[-84.0214,66.0877],[-83.6927,65.9257],[-83.7864,65.8128],[-83.2123,65.706],[-83.3671,65.6186],[-83.5829,65.706],[-83.8389,65.6522],[-83.6853,65.7551],[-84.1427,65.7668],[-84.1246,65.9067]]],[[[-83.0776,66.1978],[-83.2331,66.3441],[-82.9044,66.2684],[-83.0776,66.1978]]],[[[-62.4075,67.187],[-62.7469,67.0181],[-62.9015,67.0634],[-62.639,67.1784],[-62.4075,67.187]]],[[[-63.6316,67.3561],[-63.3602,67.2962],[-63.8332,67.29],[-63.6316,67.3561]]],[[[-63.7575,67.5228],[-63.9824,67.5067],[-64.038,67.5296],[-63.9547,67.655],[-63.7575,67.5228]]],[[[-73.3583,67.8381],[-74.4023,67.7789],[-74.6402,67.8567],[-74.7752,68.0294],[-74.4485,68.0756],[-74.3384,68.1807],[-74.2144,68.1354],[-74.2554,68.0635],[-73.4462,67.993],[-73.3583,67.8381]]],[[[-66.6611,68.2095],[-66.1831,68.2626],[-66.2706,68.1614],[-66.6611,68.2095]]],[[[-86.7477,68.287],[-86.4078,68.2078],[-86.3725,67.9366],[-86.4778,67.7829],[-86.6801,67.7351],[-86.9204,67.8614],[-86.9504,67.9306],[-86.8371,67.992],[-86.9874,68.0843],[-86.7477,68.287]]],[[[-75.0335,68.1733],[-75.1614,67.9531],[-75.0441,67.817],[-75.0651,67.5524],[-75.5959,67.3111],[-76.9816,67.2433],[-77.2506,67.4538],[-77.3227,67.708],[-76.6889,68.2626],[-75.9112,68.3445],[-75.0335,68.1733]]],[[[-79.1561,68.3445],[-78.83,68.2527],[-79.0443,68.1662],[-79.1835,68.2217],[-79.1561,68.3445]]],[[[-82.0001,68.3514],[-82.1493,68.3344],[-82.3489,68.3651],[-82.0001,68.3514]]],[[[-74.2217,68.2496],[-74.3905,68.4537],[-74.2978,68.4644],[-74.0807,68.3327],[-74.2217,68.2496]]],[[[-78.6142,68.5063],[-78.7841,68.4459],[-78.9706,68.4749],[-78.6689,68.5848],[-78.8863,68.6589],[-78.4634,68.6195],[-78.7242,68.5233],[-78.6142,68.5063]]],[[[-74.5171,68.5643],[-74.8932,68.6257],[-74.7926,68.6757],[-74.5171,68.5643]]],[[[-74.9001,68.4339],[-74.8113,68.324],[-74.9962,68.3377],[-75.379,68.4988],[-75.4004,68.6087],[-75.2389,68.7248],[-75.0199,68.681],[-74.7738,68.4855],[-74.9001,68.4339]]],[[[-68.4176,68.8175],[-67.6634,68.7014],[-68.4586,68.7936],[-68.4176,68.8175]]],[[[-90.1547,69.1396],[-90.1274,69.0578],[-90.2768,69.114],[-90.1547,69.1396]]],[[[-90.4974,69.2427],[-90.6854,69.2291],[-90.656,69.3498],[-90.777,69.3287],[-90.619,69.3764],[-90.4974,69.2427]]],[[[-78.8466,68.9079],[-79.2682,68.8323],[-79.423,68.9274],[-79.2042,69.0849],[-78.6217,69.2631],[-78.7101,69.3416],[-78.3127,69.3871],[-78.214,69.3029],[-78.4567,69.2291],[-78.8466,68.9079]]],[[[-90.1473,69.373],[-90.3276,69.239],[-90.5067,69.3666],[-90.2019,69.4481],[-90.1473,69.373]]],[[[-76.6923,69.4109],[-76.6752,69.311],[-76.9436,69.208],[-76.9012,69.1055],[-77.265,69.1467],[-77.3872,69.2665],[-77.2501,69.4351],[-76.6923,69.4109]]],[[[-67.5201,69.6058],[-67.3078,69.5581],[-67.7528,69.5233],[-67.5201,69.6058]]],[[[-67.7311,69.6588],[-67.9674,69.5299],[-68.3077,69.5921],[-67.828,69.6611],[-67.9558,69.7104],[-67.7311,69.6588]]],[[[-78.8807,69.4807],[-78.1761,69.7564],[-77.942,69.6467],[-78.8807,69.4807]]],[[[-79.3268,69.7088],[-80.0775,69.6369],[-79.9364,69.5369],[-79.9986,69.5001],[-80.2306,69.5408],[-80.238,69.6263],[-80.3342,69.5581],[-80.4968,69.6675],[-80.814,69.6945],[-80.7184,69.756],[-80.4027,69.6702],[-80.5006,69.7874],[-80.206,69.8007],[-80.1503,69.7234],[-79.6724,69.8204],[-79.3268,69.7088]]],[[[-83.701,69.7228],[-83.8976,69.8187],[-83.5277,69.7908],[-83.701,69.7228]]],[[[-91.8402,69.8249],[-91.7475,69.883],[-91.6413,69.8597],[-91.8402,69.8249]]],[[[-91.4085,69.8795],[-91.5568,69.7292],[-91.7375,69.7976],[-91.4085,69.8795]]],[[[-87.0842,69.9894],[-87.379,70.106],[-86.6507,70.1209],[-86.4604,70.0168],[-87.0842,69.9894]]],[[[-71.8597,71.0786],[-71.3435,71.0076],[-71.4061,70.9166],[-72.0021,70.8119],[-72.228,70.9217],[-71.8597,71.0786]]],[[[-72.9536,71.5175],[-72.817,71.4486],[-73.0242,71.4123],[-72.9789,71.3258],[-73.0536,71.2964],[-73.2668,71.3644],[-73.3788,71.5175],[-73.1009,71.5533],[-73.1393,71.4208],[-72.9536,71.5175]]],[[[-72.7379,71.6615],[-72.6588,71.6],[-72.7653,71.529],[-73.0436,71.5864],[-72.7379,71.6615]]],[[[-95.4921,71.7435],[-95.2593,71.8328],[-95.3185,71.7425],[-95.4921,71.7435]]],[[[-95.7932,72.8806],[-95.7323,72.8077],[-95.8558,72.8607],[-95.7932,72.8806]]],[[[-96.6483,72.8009],[-97.014,72.7788],[-96.7594,72.8962],[-96.6483,72.8009]]],[[[-97.1407,73.0589],[-96.8092,73.1921],[-96.5683,73.0525],[-96.7101,72.9417],[-96.973,72.9296],[-97.1407,73.0589]]],[[[-108.0876,73.5906],[-107.8489,73.6334],[-107.5799,73.6005],[-107.994,73.5466],[-108.0876,73.5906]]],[[[-105.3814,73.7707],[-104.5008,73.5672],[-104.5727,73.3322],[-105.0158,73.0139],[-105.3597,72.9501],[-105.2034,72.8675],[-105.285,72.8514],[-106.1077,73.1971],[-106.0456,73.2238],[-106.1958,73.2858],[-106.1207,73.2927],[-107.0393,73.4844],[-106.5996,73.7106],[-105.3814,73.7707]]],[[[-80.9034,73.6074],[-80.8026,73.6707],[-80.8618,73.7514],[-80.5602,73.7725],[-79.4503,73.6353],[-78.1138,73.6657],[-77.2135,73.5108],[-77.0399,73.3588],[-76.7144,73.3225],[-76.5836,73.2192],[-76.6343,73.1698],[-76.2433,73.0935],[-76.3326,72.9705],[-76.0583,72.9017],[-76.319,72.8167],[-78.1709,72.8986],[-79.5684,72.7598],[-80.0018,72.8712],[-80.1761,73.0456],[-80.1638,73.2334],[-80.8601,73.319],[-80.8498,73.4753],[-80.6973,73.4844],[-80.9034,73.6074]]],[[[-96.3213,72.4669],[-96.4599,72.369],[-96.8768,72.3263],[-96.5342,72.2443],[-96.5,72.0935],[-96.8693,72.0451],[-96.4932,72.028],[-96.7669,71.9223],[-96.5013,71.9315],[-96.5888,71.8207],[-97.6853,71.6184],[-98.2528,71.67],[-98.3593,71.7344],[-98.2131,71.8813],[-98.295,71.9017],[-98.5005,71.723],[-98.0418,71.5312],[-98.73,71.2717],[-98.9676,71.3832],[-99.2351,71.3496],[-99.3852,71.5858],[-100.6365,72.1865],[-100.9678,72.1754],[-101.2162,72.3347],[-101.4486,72.2421],[-101.782,72.3088],[-101.8932,72.3952],[-101.7765,72.3952],[-101.9198,72.4082],[-101.934,72.4865],[-102.6142,72.6613],[-102.756,72.8123],[-102.4848,73.0412],[-101.9478,73.0935],[-101.7392,72.9277],[-101.2768,72.7788],[-101.4134,72.752],[-101.3336,72.7248],[-100.4483,72.7381],[-100.3166,72.8061],[-100.447,72.9221],[-100.3924,72.9501],[-100.5023,72.9637],[-100.4674,73.019],[-100.3104,73.0327],[-100.4166,72.9783],[-100.2688,72.96],[-100.3048,72.875],[-100.0355,72.9438],[-100.3235,73.1009],[-100.2279,73.1344],[-100.5295,73.0935],[-100.6115,73.1481],[-100.4674,73.2033],[-100.5563,73.2313],[-100.3514,73.2927],[-100.0387,73.1937],[-99.7686,73.2108],[-100.3629,73.3996],[-100.3371,73.3262],[-100.8579,73.2628],[-101.6256,73.4914],[-100.9186,73.603],[-100.4203,73.4193],[-100.6043,73.4988],[-100.5494,73.6005],[-101.1186,73.7241],[-100.8858,73.8321],[-100.4149,73.8437],[-100.0233,73.7378],[-99.8461,73.8883],[-100.303,73.8612],[-99.8027,73.937],[-99.1912,73.6903],[-97.7739,73.9189],[-97.8358,73.8681],[-97.1937,73.8475],[-96.9382,73.6868],[-97.22,73.556],[-97.6439,73.5397],[-97.6322,73.4604],[-97.2202,73.4775],[-97.1505,73.3951],[-97.7333,73.3063],[-98.494,73.0179],[-98.4462,72.8725],[-97.9852,73.0441],[-97.256,72.9621],[-97.2738,72.8787],[-97.4186,72.8607],[-97.0256,72.7295],[-97.1939,72.6151],[-96.5376,72.752],[-96.5888,72.6968],[-96.3213,72.4669]]],[[[-98.1434,73.8784],[-99.4403,73.909],[-98.173,74.0977],[-97.6432,74.0722],[-98.1434,73.8784]]],[[[-91.5724,74.0331],[-90.1957,73.9022],[-90.7864,73.5568],[-90.9834,73.5596],[-90.9213,73.4981],[-91.2577,73.2722],[-91.6339,73.2313],[-91.3763,73.2032],[-92.0958,72.7462],[-93.301,72.8183],[-94.3208,72.7651],[-93.7874,72.7407],[-93.8168,72.6453],[-93.4642,72.4634],[-94.2339,72.0324],[-94.0266,72.0656],[-94.0601,71.9836],[-94.345,72.0256],[-95.2115,71.9942],[-95.0886,72.1003],[-95.2012,72.1109],[-94.7904,72.1599],[-95.1767,72.155],[-95.2353,72.4395],[-95.1357,72.4634],[-95.5927,72.6994],[-95.5131,72.7378],[-95.6689,72.8022],[-95.623,72.9296],[-95.7174,72.9971],[-95.6516,73.1186],[-95.5133,73.1337],[-95.7049,73.5596],[-95.5404,73.5807],[-95.7192,73.6906],[-95.4117,73.7764],[-94.6224,73.6557],[-95.3309,73.9175],[-95.2486,74.0099],[-94.7206,74.1014],[-93.7572,74.0771],[-93.7298,74.1608],[-93.2726,74.178],[-92.4302,74.0624],[-92.2713,73.9922],[-92.334,73.9432],[-91.5724,74.0331]]],[[[-97.2604,74.598],[-97.7948,74.4919],[-97.503,74.623],[-97.2604,74.598]]],[[[-95.5632,74.6429],[-95.2556,74.5188],[-95.87,74.5812],[-95.5632,74.6429]]],[[[-103.6384,75.1995],[-103.7627,75.0906],[-104.2295,75.0189],[-104.9296,75.1411],[-104.4032,75.4326],[-103.8205,75.3667],[-103.6384,75.1995]]],[[[-93.4369,74.9443],[-93.5331,74.6706],[-94.7242,74.6318],[-95.3054,74.8055],[-95.5113,74.7436],[-95.5149,74.8141],[-95.8976,74.8259],[-96.1369,74.9369],[-96.0333,74.9506],[-96.1431,74.958],[-96.0646,75.0236],[-96.2667,74.9096],[-96.4038,74.9369],[-96.3295,75.0041],[-96.6161,74.9915],[-96.4694,75.1944],[-95.9861,75.2522],[-96.094,75.261],[-95.9036,75.2932],[-96.1711,75.3074],[-95.78,75.3825],[-96.1555,75.408],[-95.7049,75.403],[-95.8421,75.4651],[-94.8995,75.6447],[-94.3939,75.6042],[-93.6765,75.362],[-93.8,75.3074],[-93.4994,75.268],[-93.5803,75.205],[-93.4916,75.074],[-93.6424,75.0399],[-93.4369,74.9443]]],[[[-96.5751,75.4377],[-96.8727,75.3574],[-97.0549,75.4992],[-96.3751,75.66],[-95.9104,75.5607],[-96.2057,75.458],[-96.4243,75.5812],[-96.5751,75.4377]]],[[[-102.8733,75.7661],[-103.3866,75.7661],[-103.0514,75.8344],[-103.1373,75.8511],[-103.0449,75.9062],[-101.9813,75.9517],[-102.8733,75.7661]]],[[[-94.4853,75.9784],[-94.2946,75.7757],[-94.7438,75.7615],[-94.9105,75.9374],[-94.4853,75.9784]]],[[[-102.3185,76.0441],[-103.6916,75.889],[-103.9762,75.9443],[-102.3185,76.0441]]],[[[-79.752,75.8828],[-78.7999,76.0849],[-79.176,75.958],[-78.8965,75.8426],[-79.2792,75.8765],[-79.4381,75.7954],[-79.752,75.8828]]],[[[-81.2044,76.1845],[-81.4361,76.1547],[-81.4651,76.164],[-81.2044,76.1845]]],[[[-103.8114,76.0336],[-104.4781,76.147],[-102.7266,76.3156],[-102.5306,76.1572],[-103.8114,76.0336]]],[[[-89.525,76.4804],[-89.4074,76.4379],[-89.6265,76.4514],[-89.525,76.4804]]],[[[-83.9112,76.4719],[-84.1234,76.4514],[-84.1378,76.5141],[-83.9112,76.4719]]],[[[-104.398,76.4687],[-104.6813,76.6022],[-104.0246,76.6705],[-103.9247,76.6401],[-104.0582,76.5681],[-103.7961,76.6231],[-103.0104,76.4235],[-103.3363,76.3317],[-104.3777,76.3249],[-104.3331,76.3695],[-104.4622,76.3967],[-104.398,76.4687]]],[[[-97.4249,75.5197],[-97.2809,75.403],[-97.7242,75.5722],[-97.8563,75.5477],[-97.7738,75.4601],[-97.9237,75.5196],[-98.0418,75.4849],[-97.7743,75.4241],[-98.0353,75.4155],[-97.88,75.3743],[-98.123,75.3686],[-98.1167,75.298],[-97.9305,75.3395],[-98.0008,75.2795],[-97.5688,75.1498],[-97.8129,75.1131],[-98.1033,75.2255],[-98.151,75.1702],[-97.9733,75.112],[-97.9758,75.0145],[-98.7502,74.9884],[-98.9002,75.0671],[-99.4055,74.999],[-99.3058,75.1313],[-99.501,75.0325],[-99.4259,74.9915],[-99.6454,74.976],[-100.3688,75.0231],[-100.3985,75.1634],[-100.5494,75.205],[-99.987,75.2386],[-100.7821,75.3552],[-100.4265,75.3825],[-100.7213,75.4377],[-100.0412,75.4572],[-100.3104,75.4787],[-99.6655,75.6159],[-99.8232,75.6562],[-98.8942,75.6997],[-101.4494,75.6077],[-102.6334,75.4981],[-102.8817,75.6178],[-102.633,75.6159],[-102.6877,75.678],[-102.5619,75.7255],[-102.2467,75.7244],[-102.1061,75.698],[-102.0093,75.7047],[-102.2358,75.7457],[-102.119,75.7995],[-102.3741,75.8105],[-102.2623,75.8698],[-101.833,75.9058],[-101.2758,75.7457],[-100.9132,75.8145],[-101.3588,75.7797],[-101.5506,75.8698],[-101.5895,75.9245],[-101.3035,76.0207],[-101.71,75.9897],[-101.9029,76.1059],[-101.3855,76.2534],[-102.1676,76.2391],[-102.0577,76.28],[-102.1948,76.2943],[-101.9547,76.3695],[-102.0351,76.4128],[-101.3216,76.4145],[-101.0571,76.3284],[-101.1321,76.2452],[-100.6251,76.123],[-100.7412,76.0957],[-100.4203,76.123],[-100.6251,76.0815],[-100.3539,76.0656],[-99.9471,75.8752],[-99.4403,75.9722],[-99.8641,75.9374],[-100.2211,76.1361],[-99.6837,76.1238],[-99.4185,76.164],[-100.4787,76.2338],[-99.8437,76.2869],[-100.1385,76.3831],[-100.6753,76.381],[-100.9882,76.5066],[-100.3326,76.6447],[-99.6409,76.6374],[-99.1637,76.5135],[-99.2573,76.4689],[-99.0703,76.4042],[-99.1385,76.4551],[-98.8506,76.4377],[-99.056,76.5407],[-99.0287,76.6022],[-98.4553,76.6821],[-98.151,76.5886],[-98.3679,76.5705],[-97.6651,76.4862],[-97.7886,76.3223],[-97.5067,76.1907],[-97.6545,75.9821],[-97.5702,75.8652],[-97.9394,75.7457],[-97.3775,75.6798],[-97.4249,75.5197]]],[[[-101.1597,76.5817],[-101.6871,76.5886],[-100.9725,76.7355],[-100.2477,76.7394],[-101.1597,76.5817]]],[[[-89.675,76.7326],[-89.8593,76.6164],[-89.675,76.5066],[-89.9774,76.4777],[-90.5945,76.7509],[-89.9822,76.8424],[-89.675,76.7326]]],[[[-110.0037,75.9114],[-109.2726,76.0541],[-109.5422,76.1894],[-110.0037,76.2264],[-110.0037,76.4862],[-109.7052,76.5271],[-109.8492,76.5407],[-109.3251,76.7889],[-108.7756,76.8642],[-108.4508,76.7326],[-108.7319,76.6432],[-108.4849,76.4588],[-108.6159,76.4235],[-108.0809,76.2869],[-108.4992,76.0405],[-107.889,76.0678],[-107.6401,75.9892],[-108.0262,75.7873],[-107.7206,75.8858],[-107.076,75.8994],[-107.1076,75.8419],[-106.9568,75.7941],[-107.0331,75.7736],[-106.8809,75.6492],[-106.8823,75.7661],[-106.6148,75.8009],[-106.8859,75.8382],[-106.8749,75.9654],[-106.3398,76.0616],[-105.6068,75.9374],[-105.4665,75.8577],[-105.39,75.6534],[-105.7508,75.4924],[-105.5931,75.4651],[-105.9394,75.2147],[-105.8395,75.1833],[-106.0738,75.1046],[-106.0089,75.0566],[-107.231,74.9201],[-107.6863,74.9822],[-107.7717,75.1014],[-107.7739,75.0344],[-107.9914,75.0126],[-107.9442,74.9369],[-108.4166,74.9171],[-108.807,74.9853],[-108.5122,74.9785],[-108.8242,75.0715],[-109.5323,74.867],[-110.0037,74.8526],[-110.0037,75.5447],[-108.91,75.4787],[-109.0336,75.5539],[-108.8555,75.5607],[-108.9374,75.678],[-108.8281,75.6911],[-110.0037,75.9114]]],[[[-79.5602,74.9915],[-79.3343,74.9034],[-79.909,74.814],[-80.3131,74.9416],[-80.4106,74.9018],[-80.1008,74.8276],[-80.2454,74.7587],[-80.1288,74.7178],[-80.2175,74.5875],[-81.1153,74.5789],[-81.7887,74.4584],[-82.4215,74.5727],[-82.92,74.5515],[-83.1173,74.6694],[-83.0785,74.8158],[-83.4917,74.9095],[-83.5625,74.8923],[-83.3222,74.7622],[-83.4935,74.5778],[-84.2583,74.5065],[-84.9149,74.5124],[-85.008,74.7041],[-85.0353,74.539],[-85.1849,74.4931],[-85.3574,74.5056],[-85.5337,74.6901],[-85.4823,74.5454],[-85.6039,74.498],[-86.1246,74.4844],[-86.0802,74.5499],[-86.1793,74.6222],[-86.38,74.4875],[-86.803,74.6222],[-86.6037,74.4714],[-87.3728,74.526],[-87.2965,74.5465],[-87.6436,74.4583],[-88.5178,74.5012],[-88.5644,74.5734],[-88.4342,74.7656],[-88.297,74.7799],[-88.4888,74.7935],[-88.5395,74.9038],[-88.8476,74.665],[-88.9208,74.7861],[-89.0989,74.8407],[-89.0102,74.7861],[-89.0603,74.7222],[-89.2703,74.7587],[-89.0989,74.6871],[-89.1474,74.6079],[-89.4344,74.5533],[-89.9185,74.5273],[-90.5638,74.6086],[-90.7301,74.6632],[-90.7233,74.7383],[-91.025,74.7041],[-90.7568,74.8344],[-90.7868,74.8896],[-91.2304,74.7383],[-91.0994,74.6291],[-91.2856,74.6359],[-91.3304,74.7209],[-91.5135,74.6447],[-92.0627,74.8034],[-92.0118,74.9096],[-92.2303,75.074],[-92.0118,75.1014],[-92.1142,75.1361],[-92.0559,75.1532],[-92.504,75.218],[-92.3265,75.3757],[-92.463,75.3757],[-92.3808,75.4561],[-92.0044,75.6016],[-92.1757,75.7525],[-92.1268,75.8738],[-92.6197,76.0146],[-92.6661,76.1351],[-93.0602,76.349],[-93.7659,76.2869],[-93.6349,76.2596],[-93.7037,76.2515],[-94.7491,76.3148],[-95.3902,76.2391],[-95.3578,76.3051],[-94.8006,76.3284],[-95.8233,76.3991],[-96.109,76.4997],[-95.7577,76.5273],[-95.5882,76.6096],[-96.027,76.555],[-96.9656,76.7394],[-96.8675,76.8137],[-96.663,76.7541],[-96.3082,76.7598],[-96.8196,76.872],[-96.8511,76.9296],[-96.6577,76.9523],[-96.8184,76.9834],[-95.7707,77.0767],[-94.234,76.8906],[-93.7009,76.921],[-93.1968,76.7531],[-93.2991,76.555],[-93.6561,76.4451],[-93.5607,76.3952],[-93.0793,76.6276],[-90.9211,76.6433],[-90.4694,76.4862],[-91.5655,76.4997],[-89.1944,76.2482],[-90.4564,76.1777],[-90.0937,76.125],[-91.6134,76.267],[-91.2577,76.2016],[-91.4085,76.1497],[-90.6681,76.1156],[-90.8667,76.0678],[-90.1882,76.0678],[-91.1615,76.0207],[-90.943,76.0063],[-91.0721,75.9927],[-90.9472,75.9429],[-91.1478,75.9033],[-91.1288,75.8361],[-90.7978,75.9988],[-90.4285,75.9722],[-90.5185,75.8988],[-89.9638,76.016],[-89.688,75.9033],[-89.7773,75.7941],[-89.5148,75.8593],[-89.1625,75.7652],[-89.2572,75.6358],[-89.7631,75.5812],[-89.2085,75.586],[-88.9174,75.4304],[-88.7638,75.4377],[-88.9003,75.6091],[-88.7224,75.6861],[-88.2226,75.545],[-88.3038,75.4992],[-88.2281,75.4713],[-87.7508,75.5809],[-87.4669,75.456],[-87.5075,75.5613],[-87.2657,75.623],[-86.3648,75.4304],[-86.618,75.3689],[-85.5219,75.403],[-86.1517,75.5088],[-85.2271,75.5607],[-85.3227,75.5744],[-85.0449,75.6558],[-84.5761,75.6243],[-84.5009,75.6358],[-84.6647,75.6911],[-83.9181,75.8145],[-84.0006,75.8288],[-83.1195,75.7401],[-82.331,75.8436],[-81.1131,75.7791],[-81.2863,75.6637],[-80.5034,75.6616],[-79.95,75.5402],[-80.3758,75.4651],[-79.6498,75.4698],[-79.5738,75.4515],[-79.6831,75.4377],[-79.4913,75.3825],[-79.6149,75.3037],[-79.4435,75.287],[-79.5169,75.2292],[-80.4434,75.0399],[-80.1766,74.9853],[-80.2491,74.9535],[-79.5602,74.9915]]],[[[-85.1622,77.4587],[-85.2444,77.5325],[-85.5424,77.5407],[-85.0184,77.5835],[-84.8162,77.4997],[-85.1622,77.4587]]],[[[-89.6613,77.3564],[-90.0939,77.2041],[-90.405,77.2032],[-91.1795,77.3942],[-91.2093,77.5754],[-90.8817,77.6577],[-90.3041,77.6294],[-89.7757,77.4864],[-89.6613,77.3564]]],[[[-104.3945,77.1925],[-104.7912,77.1099],[-105.2246,77.1645],[-106.0937,77.7296],[-105.503,77.7211],[-104.9961,77.5371],[-105.0159,77.4146],[-104.4213,77.3079],[-104.3945,77.1925]]],[[[-93.1011,77.6642],[-93.3747,77.634],[-93.5455,77.4448],[-93.841,77.4587],[-93.7845,77.4377],[-95.9876,77.4791],[-96.3287,77.6096],[-96.2355,77.7055],[-95.5065,77.8107],[-95.3555,77.7399],[-93.608,77.7815],[-93.1011,77.6642]]],[[[-77.5727,77.8566],[-77.8526,77.7792],[-77.9563,77.8361],[-77.6505,77.8709],[-77.5727,77.8566]]],[[[-102.4487,77.7399],[-102.5306,77.8361],[-102.4485,77.8813],[-101.7252,77.9065],[-100.932,77.7445],[-101.7906,77.6794],[-102.4487,77.7399]]],[[[-110.0037,78.0993],[-109.6972,78.0974],[-109.5815,78.0541],[-110.0037,77.9314],[-110.0037,78.0993]]],[[[-103.0651,78.2613],[-102.7785,78.2148],[-103.2842,78.1614],[-103.0651,78.2613]]],[[[-88.0574,78.4525],[-88.2083,78.2818],[-88.4056,78.259],[-88.2014,78.3569],[-88.2219,78.4326],[-88.0574,78.4525]]],[[[-110.0037,78.6869],[-109.4932,78.5865],[-109.2595,78.4593],[-109.4087,78.3099],[-110.0037,78.329],[-110.0037,78.6869]]],[[[-74.7036,78.7269],[-74.3156,78.7563],[-74.1671,78.7268],[-74.7036,78.7269]]],[[[-96.4962,77.9061],[-97.1033,77.8082],[-97.1239,77.8771],[-96.9935,77.9249],[-97.7743,78.0416],[-96.8693,78.1372],[-97.9195,78.2203],[-97.7668,78.247],[-98.4073,78.4882],[-98.025,78.5526],[-98.3161,78.6462],[-98.3619,78.7662],[-97.451,78.7971],[-96.1573,78.6196],[-96.2735,78.5351],[-95.4611,78.5111],[-94.8279,78.3637],[-95.4032,78.2333],[-94.8893,78.1093],[-95.0607,77.9726],[-96.4962,77.9061]]],[[[-105.6068,79.1036],[-105.4569,79.3293],[-103.7216,79.3633],[-102.8795,79.2333],[-102.8937,79.1719],[-102.6188,79.0967],[-102.7764,78.9459],[-102.5716,78.9459],[-102.5989,78.8776],[-102.4027,78.9348],[-102.4208,79.0142],[-101.6484,79.081],[-100.9882,78.9316],[-101.1852,78.8074],[-100.3498,78.8237],[-99.8921,78.6989],[-100.0634,78.6381],[-99.5579,78.5987],[-99.8717,78.4389],[-99.7481,78.3808],[-99.8027,78.3085],[-98.9462,78.0689],[-99.1038,77.9659],[-99.029,77.8827],[-99.9386,77.7829],[-100.61,77.864],[-100.8307,78.0153],[-100.7621,78.083],[-101.0597,78.2055],[-102.5925,78.2445],[-102.8022,78.2878],[-102.6671,78.3637],[-102.7441,78.3806],[-103.9465,78.2428],[-104.4657,78.2746],[-105.0464,78.5048],[-104.641,78.5834],[-103.5395,78.5004],[-103.3798,78.5896],[-104.0445,78.6306],[-103.3183,78.737],[-104.1881,78.7767],[-103.8322,78.905],[-104.2472,78.9971],[-104.9554,78.7982],[-105.0319,78.8262],[-104.6785,79.0111],[-105.5635,79.0259],[-105.6068,79.1036]]],[[[-100.1801,79.9117],[-99.7794,80.1508],[-99.1197,80.1337],[-98.706,79.967],[-98.7751,79.9047],[-98.6514,79.7922],[-98.8402,79.6699],[-99.5836,79.8987],[-100.0702,79.8782],[-100.1801,79.9117]]],[[[-94.9713,80.6391],[-96.1505,80.6658],[-95.4777,80.7084],[-94.9713,80.6391]]],[[[-96.3902,80.0489],[-96.8017,80.0973],[-96.3639,80.1415],[-94.3822,79.988],[-94.8074,80.0973],[-94.0875,80.1799],[-94.5857,80.2264],[-95.4015,80.1267],[-95.6981,80.1799],[-95.232,80.2413],[-95.9691,80.2014],[-96.685,80.3437],[-95.4374,80.3437],[-96.1022,80.4946],[-95.9036,80.5429],[-96.027,80.5839],[-93.7858,80.5293],[-94.6771,80.6658],[-94.1288,80.7282],[-95.5336,80.8241],[-95.15,80.8856],[-95.4852,80.9061],[-94.903,81.0637],[-94.4471,80.9675],[-93.9093,81.0426],[-94.3599,81.1047],[-94.3024,81.1227],[-93.1558,81.0978],[-93.1,81.1564],[-93.2172,81.2145],[-94.3959,81.2617],[-94.1885,81.3666],[-93.5666,81.3033],[-93.4855,81.3348],[-93.5478,81.385],[-93.2577,81.3734],[-91.7983,81.1592],[-91.7853,81.091],[-91.915,81.0774],[-91.0889,80.7486],[-90.5929,80.6528],[-90.7311,80.5667],[-89.058,80.4678],[-89.2572,80.399],[-89.0785,80.399],[-89.2558,80.2897],[-88.5384,80.0991],[-88.1461,80.1035],[-88.7086,80.2897],[-88.6442,80.3967],[-87.7006,80.4126],[-87.5677,80.1833],[-88.0636,80.1252],[-87.2394,80.0704],[-87.0085,79.9533],[-87.4883,79.8372],[-86.962,79.9088],[-87.1358,79.6495],[-87.4609,79.5356],[-86.3091,79.6481],[-86.0421,79.5691],[-86.1383,79.5219],[-86.0284,79.4809],[-86.1662,79.4599],[-86.0675,79.4362],[-85.6987,79.618],[-84.9126,79.2707],[-86.5039,79.0687],[-86.7467,78.9591],[-86.9683,79.0642],[-86.9402,78.9186],[-87.6492,78.643],[-87.9975,78.8112],[-87.9847,78.9643],[-87.7284,79.0831],[-88.1737,78.9956],[-88.2289,78.8045],[-88.1362,78.6869],[-88.3585,78.6579],[-88.022,78.6546],[-87.9097,78.5524],[-88.2285,78.4636],[-88.5577,78.6102],[-88.8048,78.6102],[-88.54,78.4169],[-88.8113,78.1654],[-89.05,78.1817],[-90.0062,78.6138],[-90.0995,78.5617],[-89.9888,78.4487],[-89.4552,78.1645],[-90.332,78.3364],[-90.7506,78.3227],[-90.3254,78.2744],[-90.2759,78.1865],[-90.3527,78.1446],[-92.0245,78.2107],[-92.3265,78.2886],[-92.2198,78.3323],[-92.5034,78.3132],[-92.9913,78.4661],[-91.6492,78.565],[-93.2817,78.5947],[-93.4718,78.6518],[-93.3737,78.6883],[-93.8131,78.7678],[-93.0384,78.7678],[-93.8746,78.834],[-94.2935,78.9869],[-93.3305,79.171],[-90.3664,79.2475],[-92.6273,79.2454],[-92.6959,79.2674],[-91.1205,79.3916],[-92.4954,79.3654],[-92.5804,79.3848],[-92.2303,79.4326],[-92.9238,79.416],[-93.0867,79.4871],[-93.147,79.4663],[-93.005,79.3916],[-93.3885,79.3432],[-93.2344,79.4182],[-93.321,79.4521],[-93.9298,79.2592],[-94.2109,79.2749],[-93.841,79.399],[-94.4801,79.4267],[-94.3884,79.371],[-95.211,79.281],[-95.3214,79.337],[-95.1637,79.35],[-95.2804,79.4052],[-95.7554,79.4062],[-95.6702,79.4468],[-95.78,79.4809],[-94.3406,79.6862],[-94.3003,79.7752],[-95.8537,79.6524],[-96.4932,79.8372],[-96.3902,79.8645],[-96.5888,79.8571],[-96.1369,79.9117],[-96.5579,79.9486],[-96.6776,80.0154],[-96.3902,80.0489]]],[[[-61.0855,82.3312],[-61.3124,82.1972],[-62.0313,82.1394],[-61.8731,82.1127],[-62.2576,82.0235],[-63.9202,81.7987],[-64.3261,81.8309],[-64.1206,81.7695],[-64.3726,81.725],[-65.375,81.7627],[-66.0466,81.6944],[-65.3409,81.6944],[-65.8581,81.6273],[-68.2132,81.5632],[-69.3083,81.7217],[-68.3562,81.543],[-68.8559,81.5504],[-68.5806,81.5161],[-66.6083,81.5162],[-70.2133,81.1799],[-69.6373,81.1799],[-70.0203,81.1059],[-65.7357,81.4933],[-64.5461,81.5504],[-64.4359,81.4815],[-67.2349,80.9405],[-67.563,80.946],[-67.6058,80.8712],[-68.9726,80.6175],[-68.8906,80.6045],[-69.666,80.3552],[-70.3095,80.358],[-70.2195,80.4195],[-70.8245,80.567],[-70.3704,80.4127],[-70.4529,80.3437],[-69.9595,80.2618],[-70.1591,80.1925],[-71.7346,80.1179],[-72.4198,80.2134],[-71.8985,80.1179],[-72.342,80.0626],[-70.6482,80.1429],[-70.487,80.0626],[-71.4596,79.8987],[-70.9116,79.8926],[-71.1424,79.7895],[-72.2317,79.6626],[-72.9202,79.7096],[-73.0635,79.8019],[-72.931,79.8236],[-74.2278,79.8957],[-74.8449,79.8503],[-73.3833,79.7756],[-73.1253,79.5664],[-73.7337,79.4962],[-73.9658,79.5636],[-73.9922,79.4587],[-74.282,79.4399],[-74.9964,79.5134],[-75.0646,79.4941],[-74.8886,79.4156],[-75.028,79.3733],[-77.1338,79.5487],[-77.1885,79.5084],[-76.1936,79.4703],[-75.8802,79.3569],[-76.8733,79.35],[-77.1245,79.4689],[-77.4015,79.4531],[-77.1619,79.3302],[-78.0594,79.3569],[-77.3258,79.2674],[-77.4971,79.2476],[-74.4687,79.2272],[-74.825,79.1793],[-74.4408,79.0627],[-75.7572,79.0842],[-76.0888,79.2047],[-78.1824,79.1954],[-78.2574,79.1719],[-76.0856,79.1036],[-76.1687,79.0773],[-78.8955,79.0694],[-77.7032,79.008],[-78.299,78.7958],[-78.2268,78.7722],[-77.718,78.9697],[-76.7328,79.0367],[-75.7808,78.982],[-75.7219,78.967],[-76.4592,78.8494],[-74.7738,78.8348],[-74.9063,78.7883],[-74.722,78.7126],[-74.8728,78.6443],[-74.6326,78.5897],[-76.6616,78.5283],[-75.0298,78.3364],[-75.6262,78.1998],[-76.9154,78.2068],[-75.5819,78.113],[-75.934,77.9586],[-76.2324,78.0211],[-76.8807,77.905],[-78.2166,78.0025],[-78.43,77.9113],[-77.9807,77.8167],[-77.9421,77.7605],[-78.0799,77.6785],[-77.7162,77.6096],[-78.6897,77.3191],[-78.8409,77.3154],[-78.771,77.385],[-79.1332,77.2913],[-80.5514,77.3098],[-81.2969,77.4365],[-81.9375,77.6854],[-81.673,77.5237],[-81.7372,77.4348],[-81.1709,77.3325],[-82.1981,77.3017],[-81.8577,77.1705],[-81.103,77.2875],[-80.1151,77.2056],[-80.3725,77.0747],[-79.4324,77.2386],[-79.0065,77.1047],[-79.3756,76.9256],[-78.9031,76.9342],[-78.9644,76.8424],[-78.7204,76.8276],[-78.3844,77.0041],[-78.0909,77.0228],[-77.7162,76.822],[-77.7708,76.6643],[-78.3673,76.4657],[-78.7742,76.5773],[-79.2932,76.3024],[-81.0725,76.1291],[-80.958,76.1982],[-81.0952,76.2186],[-80.7725,76.42],[-81.2181,76.4998],[-81.2069,76.5636],[-81.5381,76.473],[-82.0557,76.5165],[-81.9864,76.5843],[-82.0616,76.6165],[-81.7832,76.6885],[-82.2763,76.6349],[-82.7298,76.821],[-82.5119,76.6623],[-82.0821,76.5681],[-82.2255,76.5203],[-82.1382,76.4387],[-83.001,76.4363],[-83.1025,76.4657],[-83.1161,76.5886],[-83.3911,76.678],[-83.381,76.7613],[-83.5277,76.7087],[-83.2516,76.5773],[-83.1851,76.4309],[-83.7128,76.435],[-84.293,76.6638],[-84.1973,76.6181],[-84.2159,76.4508],[-84.6334,76.439],[-84.9875,76.586],[-85.0558,76.5203],[-84.942,76.4223],[-84.3881,76.3151],[-85.2034,76.2843],[-86.3474,76.3885],[-86.4176,76.4717],[-86.2072,76.5272],[-86.578,76.6417],[-86.3029,76.5277],[-86.6427,76.4772],[-86.722,76.3484],[-87.4331,76.4657],[-87.563,76.6202],[-87.5474,76.449],[-87.4063,76.3558],[-88.4036,76.3937],[-88.3585,76.4377],[-88.4411,76.4657],[-88.3543,76.5191],[-88.5196,76.6214],[-88.507,76.8237],[-88.7086,76.7121],[-88.4963,76.5476],[-88.6184,76.4044],[-88.6958,76.4153],[-88.6129,76.4862],[-88.7105,76.6008],[-88.9106,76.4105],[-89.6812,76.5749],[-89.3864,76.7327],[-89.5372,76.8568],[-88.3932,77.1025],[-88.4946,77.1141],[-86.6038,77.1782],[-87.1813,77.2002],[-86.9129,77.267],[-87.2487,77.308],[-86.8504,77.3639],[-87.721,77.3701],[-87.7831,77.4383],[-87.6466,77.4868],[-87.7006,77.5408],[-88.2115,77.6503],[-88.1533,77.7424],[-88.235,77.7741],[-88.1053,77.815],[-88.222,77.8629],[-86.4522,77.8364],[-85.9744,77.7133],[-85.7185,77.4745],[-85.7957,77.4253],[-85.5081,77.4791],[-84.4661,77.3017],[-84.617,77.3837],[-83.4662,77.3489],[-83.8362,77.4588],[-82.9861,77.6785],[-82.5408,77.9249],[-82.596,78.0212],[-82.3211,78.0826],[-82.7649,78.0277],[-82.736,77.9283],[-83.6785,77.5345],[-84.761,77.5203],[-84.8682,77.5735],[-84.6313,77.6301],[-84.4351,77.7286],[-84.943,77.6027],[-85.3506,77.74],[-84.9714,77.8437],[-85.4017,77.8317],[-84.3153,77.8976],[-85.6796,77.9352],[-85.0628,78.0627],[-84.7067,78.0348],[-84.2886,78.0826],[-85.0974,78.1031],[-85.0353,78.1788],[-84.028,78.1788],[-84.9683,78.2141],[-84.576,78.3535],[-84.8709,78.37],[-84.617,78.5897],[-84.8572,78.5071],[-85.0286,78.2887],[-85.4915,78.1061],[-86.2894,78.0834],[-85.9392,78.2374],[-85.8603,78.3856],[-86.2365,78.2051],[-86.7698,78.1204],[-87.5367,78.1446],[-87.0911,78.2068],[-87.523,78.2334],[-87.5293,78.411],[-87.1573,78.5493],[-86.8583,78.5488],[-87.1223,78.5829],[-86.9405,78.7142],[-85.0311,78.9219],[-83.7456,78.8389],[-82.3428,78.5692],[-82.239,78.5943],[-82.596,78.7064],[-82.2193,78.7269],[-83.2602,78.8367],[-81.7537,78.843],[-81.6569,78.8907],[-81.76,78.9186],[-81.6986,78.9785],[-81.4788,79.049],[-82.5346,78.8851],[-84.7521,79.0389],[-84.4529,79.1483],[-83.9825,79.0511],[-83.4474,79.029],[-83.3632,79.0552],[-84.028,79.1589],[-83.9625,79.2204],[-84.3296,79.1924],[-84.4866,79.4127],[-84.8793,79.4874],[-85.021,79.6175],[-86.4747,79.761],[-86.3785,79.8236],[-86.4747,79.8926],[-86.3963,79.963],[-85.2538,79.926],[-86.5347,80.0309],[-86.6538,80.1369],[-86.5039,80.3091],[-83.7879,80.2509],[-82.1709,79.8689],[-81.616,79.6244],[-81.7873,79.6114],[-80.5875,79.5692],[-79.752,79.707],[-80.881,79.6539],[-81.5234,79.718],[-81.6617,79.9076],[-81.4037,79.9397],[-82.1687,80.0183],[-83.2056,80.3232],[-78.0523,80.5691],[-79.9643,80.6175],[-78.1893,80.806],[-76.5153,80.8561],[-78.9364,80.8788],[-78.862,80.9254],[-78.9091,81.0017],[-78.4442,81.1705],[-76.7442,81.4405],[-78.1917,81.3052],[-78.7368,81.1136],[-79.505,81.2003],[-79.0662,81.0911],[-79.3467,81.0017],[-79.195,80.9594],[-79.6145,80.8276],[-80.8756,80.6629],[-82.9131,80.5394],[-83.1683,80.5877],[-81.76,80.8167],[-83.5686,80.7416],[-83.1236,80.831],[-83.2737,80.8465],[-83.8628,80.7621],[-83.7195,80.6318],[-83.846,80.5441],[-85.1214,80.5041],[-85.8645,80.543],[-85.5629,80.6249],[-86.0502,80.5378],[-86.7491,80.6045],[-85.6225,80.9803],[-82.3633,81.1799],[-85.781,81.034],[-87.276,80.6318],[-87.7065,80.6455],[-89.4621,80.9148],[-86.6992,81.0054],[-84.7337,81.2835],[-87.3885,81.0694],[-89.8262,81.013],[-90.3528,81.1737],[-88.9339,81.2487],[-89.9556,81.3306],[-88.8179,81.461],[-88.8889,81.5005],[-87.2487,81.4951],[-88.3427,81.5905],[-90.4923,81.3708],[-90.8599,81.4473],[-89.5856,81.6323],[-90.2987,81.7041],[-91.47,81.5299],[-91.4085,81.5504],[-91.9566,81.6602],[-90.2429,81.8998],[-89.7218,81.9233],[-89.3354,81.809],[-89.1475,81.8856],[-89.4132,81.9296],[-88.0705,82.1073],[-87.3728,82.0774],[-87.1736,82.0159],[-87.2896,81.9645],[-86.7279,81.893],[-87.1314,81.9756],[-86.844,81.9886],[-86.9648,82.0515],[-86.1621,82.0458],[-85.3993,81.8569],[-85.7342,81.9886],[-85.2679,82.008],[-84.7957,81.8856],[-85.0695,81.9886],[-84.8659,81.9935],[-84.7745,81.9186],[-84.6033,81.893],[-84.7524,81.9912],[-86.8787,82.2083],[-85.401,82.277],[-85.5484,82.4158],[-85.9192,82.4336],[-84.7084,82.483],[-84.6235,82.4525],[-84.946,82.4274],[-83.6749,82.349],[-82.9517,82.1258],[-83.1304,82.0712],[-81.8766,82.0438],[-82.627,82.1037],[-83.0185,82.2362],[-82.9699,82.2984],[-79.2306,81.8179],[-79.9234,81.9886],[-79.8637,82.0269],[-80.9337,82.1039],[-80.8693,82.1599],[-82.7315,82.4049],[-82.4973,82.5094],[-81.5,82.4977],[-81.4788,82.5025],[-82.3968,82.6192],[-82.328,82.6592],[-80.5806,82.5434],[-81.5845,82.8005],[-81.4739,82.8303],[-80.3154,82.7864],[-79.847,82.6438],[-79.9848,82.6943],[-78.5044,82.6881],[-79.895,82.7652],[-79.9984,82.8036],[-79.6763,82.8315],[-80.4298,82.9004],[-80.1581,82.9393],[-79.3405,82.9755],[-79.009,82.8747],[-78.606,82.9436],[-78.5187,82.8461],[-78.1754,82.8315],[-78.1066,82.8383],[-78.2437,82.8663],[-77.8522,82.926],[-75.8938,82.5987],[-76.2183,82.4521],[-75.4004,82.6192],[-76.3116,82.7564],[-75.9757,82.7905],[-77.3872,82.9897],[-77.134,83.037],[-74.2,83.0021],[-73.8284,82.8657],[-72.5911,82.7012],[-72.5017,82.7291],[-73.6531,82.9271],[-72.7021,83.0965],[-71.6276,83.1033],[-71.7961,83.0201],[-70.8371,82.8861],[-71.5012,83.0096],[-71.1244,83.0996],[-69.6875,83.1165],[-69.7744,83.0512],[-69.4517,83.037],[-69.617,82.9899],[-69.0393,83.0458],[-68.1718,82.9991],[-68.1319,82.9332],[-66.2998,82.9345],[-68.6177,82.6304],[-66.6676,82.7119],[-65.8516,82.8424],[-65.1553,82.77],[-65.3545,82.8036],[-65.1007,82.852],[-65.2761,82.8787],[-64.6967,82.9098],[-64.9368,82.8724],[-64.4429,82.7605],[-63.4471,82.8267],[-63.3808,82.77],[-63.8531,82.7216],[-62.9283,82.5708],[-63.3733,82.441],[-62.8699,82.5168],[-62.1747,82.5299],[-62.3012,82.5212],[-62.3523,82.482],[-61.5789,82.4889],[-61.0855,82.3312]]],[[[-79.9166,53.1703],[-79.7951,53.1054],[-79.9298,53.0944],[-79.9166,53.1703]]],[[[-80.0428,53.3662],[-79.9471,53.2659],[-80.086,53.3304],[-80.0428,53.3662]]],[[[-79.8619,53.9204],[-79.9069,53.9177],[-79.9301,53.9409],[-79.8619,53.9204]]],[[[-79.6788,56.3313],[-80.105,56.2005],[-80.0599,56.3044],[-79.6744,56.3845],[-79.5459,56.5303],[-79.6788,56.3313]]],[[[-79.5937,56.7712],[-79.4833,56.7394],[-79.5649,56.6206],[-79.5476,56.7275],[-79.5937,56.7712]]],[[[-79.9028,56.8941],[-79.795,56.9516],[-79.7309,56.8019],[-79.8125,56.8967],[-79.9028,56.8941]]],[[[-79.793,57.4285],[-79.851,57.4865],[-79.7372,57.622],[-79.6964,57.5295],[-79.793,57.4285]]],[[[-80.5533,59.4501],[-80.4672,59.4647],[-80.5422,59.3713],[-80.5533,59.4501]]],[[[-80.2454,59.6767],[-80.1561,59.6828],[-80.3422,59.6196],[-80.2454,59.6767]]],[[[-79.8817,59.861],[-80.1798,59.7488],[-80.043,59.8778],[-79.8817,59.861]]],[[[-79.6353,52.0217],[-79.2517,52.0769],[-79.3541,51.9534],[-79.6204,51.9205],[-79.6353,52.0217]]],[[[-80.7593,52.9192],[-80.7177,52.695],[-82.0627,53.0228],[-81.8578,53.1852],[-81.1742,53.2123],[-80.7593,52.9192]]],[[[-79.7247,53.5089],[-79.7656,53.5467],[-79.7036,53.5163],[-79.7247,53.5089]]],[[[-79.6539,54.8544],[-79.0189,54.9408],[-79.7799,54.7838],[-79.6539,54.8544]]],[[[-77.6479,55.4274],[-77.2113,55.6538],[-77.5261,55.4654],[-77.6479,55.4274]]],[[[-79.0053,56.017],[-78.9364,56.0245],[-79.0783,55.8343],[-79.1424,55.7973],[-79.0133,56.0591],[-78.9507,56.0785],[-79.0053,56.017]]],[[[-78.6553,56.2362],[-78.9364,56.1195],[-78.825,56.3583],[-78.6708,56.4431],[-78.6553,56.2362]]],[[[-79.7861,55.7905],[-79.4708,56.121],[-79.909,55.8253],[-80.0257,55.9003],[-79.5254,56.2936],[-79.4537,56.5595],[-79.4352,56.4142],[-79.6073,56.1345],[-79.4093,56.2225],[-79.2849,56.661],[-79.204,56.685],[-79.1327,56.6151],[-79.223,56.6495],[-79.247,56.5621],[-78.9361,56.4302],[-78.9522,56.3225],[-78.8818,56.3256],[-79.2033,55.8594],[-78.9901,56.2626],[-78.9802,56.392],[-79.0494,56.3607],[-79.0593,56.2021],[-79.2859,55.8663],[-79.1556,56.2362],[-79.4694,55.8794],[-79.6339,55.903],[-79.7861,55.7905]]],[[[-79.9059,56.8668],[-79.8174,56.8316],[-79.8881,56.7491],[-79.9517,56.7852],[-79.9059,56.8668]]],[[[-77.9495,58.3266],[-77.8179,58.3088],[-77.6683,58.2447],[-77.9495,58.3266]]],[[[-78.6962,58.6966],[-78.4567,58.5464],[-78.4567,58.5389],[-78.6832,58.6208],[-78.6962,58.6966]]],[[[-79.0801,52.1065],[-79.0019,52.1076],[-79.0867,52.0975],[-79.0801,52.1065]]],[[[-79.4849,52.2533],[-79.3813,52.2448],[-79.5013,52.2331],[-79.4849,52.2533]]],[[[-78.7685,52.4477],[-78.7498,52.4062],[-78.8273,52.4276],[-78.7685,52.4477]]],[[[-79.6124,52.5773],[-79.5653,52.5454],[-79.6394,52.5326],[-79.6124,52.5773]]],[[[-81.086,54.3482],[-81.108,54.366],[-81.1018,54.3741],[-81.086,54.3482]]],[[[-76.7655,56.176],[-76.7208,56.1254],[-76.7803,56.1081],[-76.7655,56.176]]],[[[-77.949,56.3134],[-77.8846,56.3035],[-77.9801,56.2866],[-77.949,56.3134]]],[[[-77.537,56.397],[-77.5026,56.3865],[-77.5354,56.3795],[-77.537,56.397]]],[[[-78.753,56.6573],[-78.8509,56.6727],[-78.7399,56.667],[-78.753,56.6573]]],[[[-76.6342,56.7153],[-76.619,56.5869],[-76.6547,56.5489],[-76.6342,56.7153]]],[[[-76.656,57.1398],[-76.7009,57.0827],[-76.7251,57.1908],[-76.656,57.1398]]],[[[-78.3256,57.2077],[-78.3243,57.1719],[-78.3819,57.1745],[-78.3256,57.2077]]],[[[-78.381,57.3288],[-78.4154,57.2793],[-78.4808,57.2914],[-78.381,57.3288]]],[[[-76.7394,57.2839],[-76.8393,57.4188],[-76.8354,57.4258],[-76.7394,57.2839]]],[[[-78.6509,58.8021],[-78.6483,58.7722],[-78.7076,58.786],[-78.6509,58.8021]]],[[[-78.9271,58.8655],[-78.8861,58.8081],[-78.9376,58.8648],[-78.9271,58.8655]]],[[[-80.5699,59.1056],[-80.5386,59.0947],[-80.5829,59.0983],[-80.5699,59.1056]]],[[[-80.5806,59.6693],[-80.5515,59.6494],[-80.5882,59.6616],[-80.5806,59.6693]]],[[[-80.4387,59.6774],[-80.3703,59.7087],[-80.4437,59.6482],[-80.4387,59.6774]]],[[[-92.8507,61.9477],[-92.7719,61.9351],[-92.875,61.9387],[-92.8507,61.9477]]],[[[-92.6417,62.0607],[-92.6528,62.0265],[-92.7009,62.0746],[-92.6417,62.0607]]],[[[-66.562,62.9311],[-66.3425,62.8496],[-66.569,62.9148],[-66.562,62.9311]]],[[[-67.0745,63.0975],[-66.8074,62.9859],[-66.7708,62.9449],[-67.0745,63.0975]]],[[[-68.2161,63.2764],[-68.0585,63.2227],[-68.0498,63.1924],[-68.2161,63.2764]]],[[[-68.092,63.3204],[-67.9317,63.2329],[-67.895,63.1894],[-68.092,63.3204]]],[[[-67.9125,63.3931],[-67.8183,63.2913],[-67.964,63.41],[-67.9125,63.3931]]],[[[-64.0434,63.5631],[-64.0912,63.4865],[-64.1687,63.6046],[-64.1373,63.618],[-64.0434,63.5631]]],[[[-64.2172,63.8426],[-64.2611,63.7239],[-64.3429,63.7693],[-64.334,63.8448],[-64.2172,63.8426]]],[[[-76.4842,64.1813],[-76.5685,64.2061],[-76.5727,64.2343],[-76.4974,64.2426],[-76.4842,64.1813]]],[[[-76.6074,64.221],[-76.6901,64.2641],[-76.5653,64.2541],[-76.6074,64.221]]],[[[-65.0755,64.307],[-64.8783,64.2296],[-64.9913,64.1932],[-65.0755,64.307]]],[[[-66.9246,65.3649],[-66.9678,65.283],[-67.0167,65.3198],[-66.9246,65.3649]]],[[[-89.1045,65.4089],[-89.023,65.4147],[-88.9693,65.3879],[-89.1045,65.4089]]],[[[-88.4891,65.4731],[-88.3831,65.4725],[-88.3713,65.462],[-88.4891,65.4731]]],[[[-67.6249,65.7337],[-67.3892,65.7362],[-67.7045,65.7165],[-67.6249,65.7337]]],[[[-65.7706,65.7633],[-65.8372,65.6783],[-65.8656,65.7812],[-65.7706,65.7633]]],[[[-66.9639,65.997],[-67.1057,65.9577],[-67.1486,65.9959],[-66.9639,65.997]]],[[[-85.0806,66.0814],[-84.9975,66.0573],[-85.104,66.059],[-85.0806,66.0814]]],[[[-83.5587,66.046],[-83.6223,66.049],[-83.5704,66.0837],[-83.5587,66.046]]],[[[-83.5741,66.1103],[-83.6484,66.0711],[-83.6488,66.123],[-83.5741,66.1103]]],[[[-85.9823,66.4639],[-85.9112,66.462],[-85.8962,66.4539],[-85.9823,66.4639]]],[[[-113.1551,67.9218],[-112.8165,67.9692],[-112.7613,67.9641],[-113.1551,67.9218]]],[[[-112.9123,68.1449],[-112.7461,68.1676],[-112.7178,68.1559],[-112.9123,68.1449]]],[[[-80.2077,69.4081],[-80.1243,69.3933],[-80.071,69.3836],[-80.2077,69.4081]]],[[[-81.8389,69.4338],[-81.4856,69.3472],[-81.9027,69.3941],[-81.8389,69.4338]]],[[[-82.5062,69.7906],[-82.5589,69.7433],[-82.8547,69.7944],[-82.6477,69.8261],[-82.5062,69.7906]]]]}},{"type":"Feature","properties":{"id":"CA-NL","name":"Newfoundland and Labrador","country":"Canada","iso":"CAN"},"geometry":{"type":"MultiPolygon","coordinates":[[[[-64.5314,60.3039],[-64.3806,60.2452],[-64.6365,60.293],[-64.7587,60.2383],[-64.5574,60.2698],[-64.4632,60.2383],[-64.5663,60.1763],[-64.3806,60.1701],[-64.8223,59.9855],[-64.3772,60.1297],[-64.3932,60.0145],[-64.5395,60.0109],[-64.4019,59.9415],[-64.5184,59.9025],[-64.2242,59.9975],[-64.326,60.0602],[-64.1826,60.0323],[-64.1479,59.9845],[-64.2987,59.9435],[-64.1264,59.9075],[-64.2646,59.7648],[-64.1479,59.6828],[-63.922,59.6555],[-64.0316,59.645],[-64.1206,59.5184],[-64.0073,59.624],[-63.8641,59.6113],[-63.9807,59.5064],[-63.8741,59.573],[-63.7277,59.52],[-63.795,59.4222],[-64.0607,59.3873],[-63.7096,59.3681],[-63.8258,59.2446],[-63.6517,59.3681],[-63.5241,59.3231],[-63.629,59.217],[-63.3807,59.2788],[-63.4422,59.1206],[-63.9735,59.079],[-64.0399,59.0179],[-63.8946,59.0597],[-63.8823,58.962],[-63.8121,59.046],[-63.1316,59.0623],[-63.3398,59.0323],[-63.1616,58.9225],[-63.3261,58.861],[-63.0145,58.8974],[-62.9146,58.7512],[-63.0449,58.7102],[-62.8446,58.6852],[-63.1678,58.5048],[-63.4422,58.5246],[-63.5241,58.4775],[-63.3398,58.4632],[-63.593,58.3055],[-63.264,58.47],[-63.0858,58.4564],[-63.1571,58.395],[-63.1616,58.3676],[-63.0633,58.4516],[-62.5583,58.4775],[-62.6539,58.4148],[-62.6234,58.3093],[-62.8555,58.2687],[-62.9076,58.2143],[-62.6676,58.2715],[-62.5833,58.2352],[-62.6352,58.1868],[-63.0791,58.1553],[-63.0108,58.1411],[-63.3398,57.984],[-62.4621,58.182],[-62.5173,58.0585],[-62.3767,58.1129],[-62.305,58.0312],[-62.5345,58.0057],[-62.675,57.9356],[-62.4211,57.9636],[-62.4208,57.8707],[-62.3392,57.984],[-62.3241,57.909],[-62.1409,57.9783],[-62.0657,57.8989],[-62.1405,57.8332],[-62.1187,57.7975],[-61.8867,57.6376],[-62.3489,57.4577],[-62.5337,57.496],[-62.3771,57.4285],[-61.9004,57.4155],[-61.8048,57.3671],[-61.9276,57.3671],[-61.8805,57.2777],[-62.0116,57.243],[-61.7843,57.1548],[-61.6198,57.2299],[-61.6964,57.1579],[-61.3591,57.0896],[-61.3448,56.9555],[-61.5018,56.9789],[-61.6434,56.8835],[-61.6642,56.8089],[-61.9047,56.7938],[-61.8867,56.7023],[-61.6949,56.7296],[-61.8199,56.709],[-61.6881,56.6203],[-62.5031,56.7849],[-62.0887,56.8413],[-62.5856,56.7978],[-61.9141,56.6265],[-62.243,56.6203],[-61.712,56.5754],[-61.6676,56.5033],[-62.1474,56.4553],[-61.6055,56.2839],[-62.0785,56.2982],[-61.9353,56.2174],[-61.3448,56.2225],[-61.4094,56.1323],[-61.3386,56.111],[-61.4553,56.0581],[-61.235,56.0438],[-61.5031,56.0102],[-61.139,55.9722],[-61.0785,55.8929],[-61.1933,55.8796],[-61.0985,55.8483],[-60.7285,55.8253],[-60.9439,55.7298],[-60.602,55.8196],[-60.6813,55.5646],[-60.5079,55.804],[-60.3347,55.782],[-60.5254,55.6168],[-60.3995,55.613],[-60.4547,55.5031],[-60.304,55.5305],[-60.4547,55.4479],[-60.4821,55.3523],[-60.3277,55.4948],[-60.3654,55.4349],[-60.254,55.505],[-60.1941,55.4274],[-60.5026,55.2704],[-60.6124,55.1679],[-60.3553,55.2591],[-60.6739,55.0506],[-60.6876,54.9954],[-60.269,55.243],[-60.0228,55.2766],[-60.2971,55.0234],[-59.7764,55.3319],[-59.7354,55.2015],[-59.9745,55.156],[-59.964,55.1171],[-59.5306,55.2141],[-59.43,55.142],[-59.7354,54.9681],[-59.922,54.7432],[-59.1598,55.2387],[-59.1426,55.1547],[-59.3862,55.0046],[-59.3826,54.978],[-59.0274,55.162],[-58.9543,55.1311],[-59.0448,54.9988],[-58.8925,54.9544],[-59.0155,54.893],[-58.9057,54.9225],[-58.9138,54.8482],[-58.4224,54.7441],[-57.8648,54.7449],[-57.3504,54.5894],[-57.4116,54.4913],[-57.707,54.4753],[-57.419,54.461],[-57.6339,54.3834],[-58.1861,54.3586],[-58.2613,54.3102],[-58.0974,54.3319],[-58.7274,54.1457],[-59.5797,54.0504],[-59.3028,54.0184],[-58.6981,54.1244],[-58.3712,54.2282],[-58.6263,54.0443],[-59.0427,54.0302],[-58.9198,54.016],[-59.4745,53.8281],[-60.1327,53.7831],[-60.0166,53.7081],[-60.0941,53.7004],[-60.1361,53.5294],[-60.8594,53.8351],[-60.9203,53.7143],[-60.0637,53.5089],[-60.0371,53.4399],[-60.4123,53.358],[-60.1813,53.3364],[-60.4206,53.2686],[-60.129,53.2755],[-59.7838,53.4815],[-59.8795,53.5382],[-59.0222,53.7143],[-59.0707,53.7963],[-58.8407,53.9471],[-58.1281,54.0979],[-57.7958,54.0712],[-58.1506,54.1406],[-58.3218,54.0928],[-58.4155,54.1404],[-58.3561,54.2096],[-57.4662,54.2003],[-57.0758,53.8242],[-57.5494,53.5908],[-57.3178,53.5852],[-57.3774,53.4337],[-56.9835,53.7275],[-56.596,53.7143],[-56.4799,53.79],[-56.4116,53.728],[-56.7269,53.687],[-55.9796,53.5498],[-56.2635,53.5537],[-55.9659,53.4127],[-56.0411,53.3716],[-55.8165,53.3404],[-55.9114,53.3096],[-55.7455,53.2556],[-55.8431,53.2147],[-55.7469,53.1457],[-55.9455,53.1185],[-55.8772,53.0769],[-55.9314,53.0258],[-56.0587,53.0427],[-56.1652,53.0284],[-55.9042,52.9835],[-55.8021,52.8407],[-56.1625,52.818],[-55.7537,52.625],[-56.0972,52.6622],[-55.9864,52.5567],[-56.1171,52.5704],[-56.2182,52.5403],[-56.2985,52.5726],[-56.5004,52.5977],[-56.2667,52.5386],[-55.8288,52.522],[-55.6476,52.4432],[-55.7836,52.3387],[-56.1987,52.4468],[-55.7093,52.296],[-55.7947,52.2408],[-55.6165,52.2203],[-55.7804,52.2067],[-55.6848,52.1117],[-57.0485,51.419],[-57.101,52.0001],[-63.7387,51.9998],[-63.8196,52.0681],[-63.6401,52.0506],[-63.7495,52.3224],[-63.9727,52.3536],[-64.0812,52.4734],[-63.8759,52.6084],[-63.3791,52.6512],[-63.612,52.8612],[-64.1658,52.6755],[-64.1279,52.3866],[-64.2208,52.2662],[-64.1555,52.1321],[-64.2518,52.1149],[-64.2346,51.9807],[-64.3618,51.967],[-64.2793,51.74],[-64.5304,51.5921],[-64.7711,51.764],[-65.3386,51.8191],[-65.5003,52.0977],[-65.6619,51.9876],[-65.655,52.108],[-65.9921,52.0598],[-66.2844,52.3075],[-66.2638,52.1561],[-66.3739,52.1424],[-66.4805,52.335],[-66.3498,52.3591],[-66.4048,52.648],[-66.2879,52.6101],[-66.4014,52.844],[-66.2879,52.8474],[-66.4254,53.0366],[-66.6249,52.9369],[-66.7694,52.6789],[-67.0411,52.7752],[-67.0617,52.875],[-67.3025,52.8681],[-67.385,53.1054],[-67.2406,53.1673],[-66.9964,53.0813],[-67.0101,53.353],[-66.8898,53.4149],[-67.3231,53.5663],[-67.8081,54.034],[-67.6395,54.1888],[-67.7496,54.4261],[-67.5088,54.488],[-67.4985,54.5946],[-67.2681,54.4846],[-67.0858,54.6806],[-67.4229,54.9971],[-67.4081,55.0806],[-66.7013,54.7402],[-66.6071,54.8039],[-66.7288,54.9387],[-66.6608,54.9842],[-66.7623,55.1042],[-66.6887,55.2017],[-66.8372,55.3172],[-66.7704,55.3388],[-66.2543,54.9981],[-65.856,54.9075],[-65.6806,54.7148],[-65.4799,54.7309],[-65.4726,54.8421],[-65.2959,54.8257],[-65.1028,54.9568],[-64.7821,54.8348],[-64.7676,54.7382],[-64.3923,54.7892],[-63.8986,54.6016],[-63.7292,54.6471],[-63.904,54.782],[-63.8148,54.9405],[-63.6053,54.9022],[-63.5889,55.1208],[-63.4104,55.252],[-63.6599,55.2702],[-63.3302,55.3886],[-63.7674,55.4615],[-63.669,55.6236],[-63.8403,55.9133],[-63.4449,56.0228],[-63.8043,56.0432],[-63.8618,56.1233],[-64.0103,56.0698],[-63.8769,56.2173],[-64.0911,56.2628],[-64.1697,56.4257],[-63.8771,56.4393],[-64.1257,56.7093],[-63.8714,56.8781],[-63.876,57.0592],[-63.7433,57.2267],[-63.8692,57.2498],[-63.7079,57.3852],[-63.7649,57.5644],[-63.5839,57.7081],[-63.6959,57.659],[-63.9394,57.801],[-64.0539,57.7679],[-64.2214,58.0452],[-64.4276,58.0748],[-64.1564,58.3481],[-63.8199,58.4741],[-63.8904,58.5668],[-64.078,58.552],[-64.0594,58.669],[-63.4837,58.7586],[-63.7604,58.8791],[-64.1571,58.7508],[-64.3104,58.8847],[-64.8822,58.9351],[-64.7542,59.0651],[-64.2921,59.0073],[-64.534,59.1953],[-64.5034,59.4295],[-64.3494,59.5051],[-64.702,59.4473],[-64.9032,59.6038],[-64.7745,59.6992],[-64.7677,59.8801],[-64.6544,59.9167],[-64.8453,59.9683],[-64.9042,60.0478],[-64.5992,60.1178],[-64.8447,60.2641],[-64.7642,60.2896],[-64.5314,60.3039]]],[[[-55.8431,47.2734],[-55.9281,47.2734],[-55.9499,47.2681],[-55.8881,47.2949],[-55.8431,47.2734]]],[[[-54.126,47.6701],[-54.244,47.4077],[-54.3627,47.41],[-54.126,47.6701]]],[[[-56.11,47.6365],[-55.9241,47.6387],[-55.8772,47.616],[-56.11,47.6365]]],[[[-54.0985,47.4918],[-54.0815,47.6911],[-54.0815,47.4782],[-54.0985,47.4918]]],[[[-53.5677,48.1908],[-53.5335,48.1082],[-53.6188,48.0821],[-53.8752,48.1065],[-53.9314,48.2084],[-53.6775,48.1498],[-53.5677,48.1908]]],[[[-54.6796,49.4929],[-54.6986,49.4077],[-54.7499,49.4243],[-54.6796,49.4929]]],[[[-55.7332,49.5135],[-55.6575,49.5619],[-55.6571,49.5414],[-55.7332,49.5135]]],[[[-55.7257,49.5818],[-55.5729,49.5981],[-55.6703,49.5711],[-55.7257,49.5818]]],[[[-54.744,49.4938],[-54.885,49.5952],[-54.5293,49.6251],[-54.744,49.4938]]],[[[-54.2768,49.5756],[-54.2698,49.7272],[-54.1914,49.678],[-54.1102,49.7545],[-53.9785,49.6643],[-54.2768,49.5756]]],[[[-55.5104,50.8051],[-55.5236,50.721],[-55.6427,50.7233],[-55.6199,50.7918],[-55.5104,50.8051]]],[[[-55.5278,50.9727],[-55.5476,50.8908],[-55.6234,50.9119],[-55.6392,50.9615],[-55.5278,50.9727]]],[[[-52.6288,47.5267],[-52.9376,47.0878],[-52.8545,47.0264],[-53.0669,46.6656],[-53.1929,46.6276],[-53.266,46.739],[-53.3895,46.6838],[-53.3553,46.739],[-53.5547,46.6184],[-53.6365,46.7114],[-53.4857,46.9029],[-53.6449,46.8012],[-53.5211,46.9446],[-53.6434,46.9854],[-53.4987,47.1356],[-53.5602,47.2045],[-53.9478,46.8581],[-54.1885,46.8284],[-54.0104,47.2339],[-53.9318,47.2344],[-53.9962,47.3172],[-53.8079,47.4237],[-53.9235,47.4541],[-53.8926,47.5988],[-54.0815,47.8755],[-54.2665,47.9035],[-54.1982,47.8333],[-54.4584,47.4994],[-54.4037,47.4509],[-54.616,47.369],[-54.4173,47.6092],[-54.6644,47.3758],[-54.8379,47.4193],[-55.027,47.1726],[-55.088,47.2062],[-55.1361,47.1697],[-55.0747,47.081],[-55.1546,47.0126],[-55.1962,47.0696],[-55.2509,46.9188],[-55.4178,46.8666],[-55.5278,46.9438],[-55.7394,46.8544],[-55.98,46.9704],[-55.8699,47.0751],[-55.4872,47.1403],[-55.184,47.4604],[-54.6986,47.6706],[-55.0885,47.6017],[-54.9381,47.7873],[-55.1312,47.5836],[-55.1299,47.6638],[-55.4273,47.7195],[-55.4071,47.5015],[-55.5985,47.3993],[-55.6643,47.4372],[-55.5892,47.5124],[-55.6384,47.5453],[-55.9176,47.4372],[-55.7469,47.5881],[-56.1619,47.4919],[-55.6295,47.6775],[-55.9144,47.6592],[-55.7394,47.9239],[-55.7804,47.9581],[-55.86,47.7912],[-56.0593,47.6995],[-56.151,47.842],[-56.1808,47.6307],[-56.3017,47.6291],[-56.3086,47.7526],[-56.3358,47.616],[-56.7543,47.6365],[-56.7059,47.5676],[-56.7915,47.5301],[-57.172,47.6365],[-57.7678,47.616],[-57.8845,47.6973],[-58.3547,47.6491],[-58.2613,47.7526],[-58.4258,47.6365],[-59.1464,47.561],[-59.3085,47.6225],[-59.2829,47.7594],[-59.4058,47.8966],[-58.5704,48.4403],[-58.2722,48.5209],[-59.2624,48.4726],[-58.769,48.7805],[-58.9589,48.6162],[-58.7137,48.5682],[-58.3984,49.1367],[-58.3575,49.0617],[-58.2134,49.0742],[-58.0686,48.9792],[-57.8845,48.9722],[-58.0462,48.9964],[-58.1354,49.1269],[-57.9125,49.13],[-57.8504,49.1845],[-58.08,49.1468],[-57.9261,49.2466],[-58.1934,49.2431],[-58.2287,49.371],[-58.0012,49.5619],[-57.8974,49.4392],[-57.8714,49.5067],[-57.7003,49.4628],[-57.8777,49.5323],[-57.9481,49.6795],[-57.3553,50.6066],[-57.1984,50.5969],[-57.1548,50.6257],[-57.397,50.7086],[-56.9255,50.9182],[-57.0894,51.0211],[-56.9007,51.0182],[-56.9801,51.0553],[-56.7952,51.1378],[-56.7202,51.3193],[-55.8928,51.6278],[-55.8226,51.6238],[-55.8729,51.4956],[-55.6097,51.4804],[-55.7379,51.555],[-55.6322,51.6101],[-55.4042,51.563],[-55.5346,51.5084],[-55.4581,51.4633],[-55.5961,51.3091],[-56.0895,51.3706],[-56.0144,51.2751],[-56.0758,51.2334],[-55.9657,51.159],[-55.7645,51.2175],[-55.7331,51.0831],[-56.0806,50.7206],[-56.1037,50.905],[-56.1614,50.8782],[-56.1001,50.6686],[-56.4116,50.3769],[-56.5004,50.3911],[-56.4442,50.3044],[-56.6723,50.1304],[-56.7684,49.8303],[-56.9051,49.7537],[-56.7816,49.7294],[-56.8567,49.5482],[-56.1168,50.1584],[-56.0622,50.0827],[-56.1919,49.925],[-55.9591,50.0411],[-55.7464,49.932],[-55.4651,49.9626],[-56.0019,49.7525],[-56.1654,49.5747],[-55.8356,49.6916],[-56.1307,49.4291],[-55.822,49.522],[-55.6575,49.3837],[-55.5209,49.4936],[-55.5693,49.3627],[-55.3701,49.5067],[-55.4315,49.4248],[-55.3148,49.4521],[-55.4452,49.3559],[-55.2886,49.4008],[-55.3422,49.3559],[-55.3148,49.3149],[-55.2363,49.39],[-55.3148,49.5346],[-55.1988,49.5067],[-55.2125,49.5346],[-55.1557,49.5493],[-55.1361,49.5408],[-55.3831,49.0473],[-55.1845,49.123],[-55.2777,49.106],[-55.2884,49.1946],[-55.0542,49.2944],[-55.0821,49.3627],[-55.0132,49.349],[-55.034,49.2302],[-54.8337,49.4096],[-54.817,49.2756],[-54.4693,49.5461],[-54.4835,49.2676],[-54.3729,49.4223],[-54.2323,49.3627],[-54.0447,49.4818],[-53.4925,49.2875],[-53.5899,49.0521],[-53.8382,49.0337],[-53.7253,49.0139],[-54.1976,48.7742],[-53.8445,48.8391],[-53.8779,48.748],[-54.0201,48.7463],[-53.9314,48.6296],[-53.7936,48.678],[-53.9167,48.6728],[-53.8352,48.7504],[-53.6041,48.6767],[-53.9034,48.5887],[-53.9586,48.5471],[-53.7489,48.5198],[-54.1641,48.3907],[-53.8554,48.4752],[-53.856,48.3684],[-53.6568,48.5466],[-53.7253,48.4316],[-53.5819,48.5266],[-53.6154,48.4099],[-53.4372,48.6159],[-53.2435,48.5264],[-53.0768,48.7036],[-52.9848,48.5545],[-53.1874,48.3553],[-53.3549,48.3867],[-53.369,48.2938],[-53.6395,48.1693],[-53.9253,48.237],[-53.9413,48.1767],[-53.9052,48.0851],[-53.6632,48.0611],[-53.9084,48.0211],[-53.6086,48.0543],[-53.6973,47.8966],[-53.7873,47.9035],[-53.7253,47.8898],[-53.7916,47.7746],[-53.8675,47.8435],[-53.9289,47.8524],[-53.7632,47.6257],[-53.6662,47.684],[-53.67,47.5267],[-53.5539,47.5393],[-53.2765,48.0164],[-52.9233,48.171],[-52.8367,48.1055],[-53.2074,47.7359],[-53.1561,47.6837],[-53.2621,47.6142],[-53.1704,47.6092],[-53.2598,47.5585],[-53.1294,47.4168],[-52.8764,47.5883],[-52.7725,47.801],[-52.6288,47.5267]]],[[[-55.286,51.9595],[-55.4274,51.8913],[-55.2701,52.0056],[-55.286,51.9595]]],[[[-57.9875,54.8037],[-57.8436,54.8247],[-57.8572,54.8034],[-58.0223,54.7564],[-58.1571,54.7639],[-58.2274,54.8714],[-57.9453,54.9266],[-57.9875,54.8037]]],[[[-60.852,55.9619],[-60.6876,55.9283],[-60.7449,55.8869],[-60.8998,55.8768],[-60.8179,55.8867],[-60.852,55.9619]]],[[[-61.0097,56.0438],[-60.9407,56.0189],[-61.1741,56.0324],[-61.2323,56.0998],[-61.0438,56.1611],[-60.9408,56.0922],[-61.0097,56.0438]]],[[[-61.4621,56.4081],[-61.597,56.3332],[-61.7974,56.4211],[-61.4621,56.4081]]],[[[-61.2288,56.4553],[-61.1468,56.4422],[-61.6396,56.4969],[-61.428,56.4832],[-61.6335,56.5105],[-61.4623,56.55],[-61.1673,56.4757],[-61.2288,56.4553]]],[[[-61.2157,56.5856],[-61.1649,56.6918],[-61.0575,56.634],[-61.0575,56.6265],[-61.2157,56.5856]]],[[[-61.6471,56.7365],[-61.5199,56.9487],[-61.3387,56.935],[-61.5847,56.7717],[-61.3844,56.7722],[-61.3884,56.6232],[-61.6471,56.7365]]],[[[-61.6129,57.4155],[-61.8489,57.4151],[-61.9004,57.449],[-61.6794,57.5375],[-61.6471,57.4831],[-61.8253,57.4353],[-61.6129,57.4155]]],[[[-61.9671,57.5894],[-61.7939,57.5073],[-62.0171,57.5179],[-61.9671,57.5894]]],[[[-61.9004,57.7643],[-61.8004,57.8449],[-61.6541,57.79],[-61.7452,57.713],[-61.9004,57.7643]]],[[[-61.9314,57.7954],[-62.0922,57.8159],[-62.1058,57.8386],[-61.9314,57.9151],[-61.9314,57.7954]]],[[[-64.1019,59.863],[-63.9629,59.7518],[-64.2031,59.7449],[-64.1019,59.863]]],[[[-64.4902,60.3612],[-64.4267,60.2862],[-64.5192,60.3193],[-64.4902,60.3612]]],[[[-54.8301,47.2671],[-54.7781,47.2736],[-54.8124,47.2318],[-54.8301,47.2671]]],[[[-54.2096,47.3599],[-54.178,47.4182],[-54.1446,47.4004],[-54.2096,47.3599]]],[[[-53.0192,47.619],[-52.9164,47.6345],[-53.0303,47.5992],[-53.0192,47.619]]],[[[-55.8833,50.2042],[-55.8239,50.2041],[-55.886,50.1975],[-55.8833,50.2042]]],[[[-55.8027,50.2202],[-55.7299,50.2302],[-55.6958,50.1937],[-55.8027,50.2202]]],[[[-57.2525,50.7967],[-57.2094,50.8411],[-57.1866,50.823],[-57.2525,50.7967]]],[[[-55.8954,52.7633],[-55.8119,52.7701],[-55.8095,52.7311],[-55.8954,52.7633]]],[[[-55.8504,53.0035],[-55.7679,52.9882],[-55.8023,52.9446],[-55.8504,53.0035]]],[[[-55.8707,53.0265],[-55.7713,53.0892],[-55.7588,53.0341],[-55.8707,53.0265]]],[[[-55.9835,53.4417],[-55.7672,53.4757],[-55.7429,53.4454],[-55.9835,53.4417]]],[[[-57.1138,53.643],[-57.1298,53.7046],[-57.0308,53.713],[-57.1138,53.643]]],[[[-57.0089,53.7885],[-56.8361,53.8065],[-56.8177,53.79],[-57.0089,53.7885]]],[[[-57.3676,54.259],[-57.2925,54.2837],[-57.3144,54.2397],[-57.3676,54.259]]],[[[-57.2933,54.4686],[-57.2289,54.4919],[-57.1976,54.4493],[-57.2933,54.4686]]],[[[-57.3473,54.5551],[-57.268,54.5035],[-57.3622,54.5073],[-57.3473,54.5551]]]]}},{"type":"Feature","properties":{"id":"CA-NS","name":"Nova Scotia","country":"Canada","iso":"CAN"},"geometry":{"type":"MultiPolygon","coordinates":[[[[-64.0427,45.992],[-63.6697,45.8234],[-63.4919,45.8826],[-63.4086,45.8545],[-63.5159,45.8109],[-63.2298,45.8061],[-63.3807,45.772],[-63.288,45.7242],[-63.0654,45.7589],[-63.1007,45.8113],[-62.675,45.772],[-62.7569,45.7589],[-62.6334,45.7174],[-62.7706,45.6744],[-62.7497,45.6129],[-62.6129,45.6907],[-62.4704,45.6145],[-61.9115,45.889],[-61.8763,45.6927],[-61.6198,45.6143],[-61.4925,45.6907],[-61.3387,45.5528],[-61.2372,45.5058],[-61.4615,45.3548],[-60.9986,45.3332],[-60.9687,45.2716],[-61.6871,45.1754],[-61.6396,45.0873],[-61.8253,45.099],[-62.4484,44.8335],[-62.4757,44.9011],[-62.8304,44.7178],[-63.0586,44.7782],[-63.0586,44.6752],[-63.1194,44.7907],[-63.1405,44.6889],[-63.4169,44.6829],[-63.439,44.5963],[-63.6619,44.7168],[-63.5233,44.5181],[-63.6328,44.4407],[-63.9294,44.5113],[-63.8884,44.6964],[-64.066,44.6343],[-64.0113,44.5113],[-64.0758,44.4766],[-64.1622,44.5797],[-64.3055,44.566],[-64.3397,44.4151],[-64.2106,44.3673],[-64.3472,44.3673],[-64.269,44.2671],[-64.4291,44.34],[-64.3602,44.2718],[-64.4979,44.1408],[-64.6062,44.1586],[-64.5765,44.0692],[-64.717,44.0588],[-64.667,43.9979],[-64.8474,43.9291],[-64.839,43.8297],[-64.9668,43.8736],[-64.984,43.7579],[-65.0392,43.8323],[-65.025,43.7162],[-65.087,43.7579],[-65.1286,43.6747],[-65.2379,43.8056],[-65.2504,43.6734],[-65.3675,43.7436],[-65.3408,43.5449],[-65.4569,43.5995],[-65.4017,43.504],[-65.4501,43.5605],[-65.4748,43.4709],[-65.566,43.574],[-65.7296,43.5135],[-65.8616,43.8056],[-65.9713,43.7801],[-65.9967,43.8541],[-65.9796,43.706],[-66.1217,43.7436],[-66.1906,44.1654],[-66.095,44.3742],[-65.8405,44.5734],[-66.1968,44.3909],[-65.9988,44.5797],[-65.7859,44.6964],[-65.6923,44.6207],[-65.4289,44.7782],[-65.7418,44.6678],[-65.7235,44.7274],[-64.4154,45.2716],[-64.4778,45.3411],[-64.3297,45.3096],[-64.3675,45.1078],[-64.2235,45.1084],[-64.1553,44.9837],[-64.1007,45.0594],[-64.1993,45.1487],[-64.1151,45.2161],[-63.3602,45.3611],[-64.5762,45.4156],[-64.7587,45.2996],[-64.9293,45.3263],[-64.8331,45.484],[-64.3806,45.7924],[-64.2646,45.7651],[-64.2447,45.8813],[-64.0427,45.992]]],[[[-65.6561,43.463],[-65.5599,43.5108],[-65.6288,43.4221],[-65.6561,43.463]]],[[[-60.1302,43.9605],[-59.7072,44.0144],[-59.8082,43.9402],[-59.9078,43.9162],[-60.0188,43.9138],[-60.1302,43.9605]]],[[[-66.2858,44.3248],[-66.2034,44.3922],[-66.3277,44.2581],[-66.2858,44.3248]]],[[[-60.9141,45.5666],[-61.0035,45.4608],[-61.1117,45.5488],[-61.0097,45.5808],[-60.9141,45.5666]]],[[[-60.0809,45.7924],[-60.6718,45.5737],[-60.8711,45.6457],[-61.2846,45.5477],[-61.442,45.6818],[-61.5515,46.0218],[-60.6421,47.0037],[-60.3961,47.0264],[-60.4958,46.8955],[-60.3108,46.8544],[-60.3518,46.6013],[-60.6058,46.2113],[-60.4269,46.284],[-60.6322,46.118],[-60.8741,46.0792],[-61.1186,45.9494],[-60.736,46.0566],[-60.8151,45.937],[-61.0712,45.8955],[-60.9141,45.8545],[-61.1476,45.7079],[-60.9128,45.7562],[-60.8074,45.7208],[-60.8384,45.6423],[-60.7325,45.6844],[-60.7372,45.7737],[-60.3995,45.998],[-60.6991,45.8909],[-60.7816,45.9543],[-60.301,46.2187],[-60.6527,46.0722],[-60.2835,46.3275],[-60.2047,46.2418],[-60.2903,46.1562],[-60.1361,46.2518],[-59.8105,46.1699],[-59.9579,46.0275],[-59.8053,45.9355],[-60.1531,45.8471],[-60.0809,45.7924]]],[[[-62.5744,45.824],[-62.5069,45.8281],[-62.6031,45.8042],[-62.5744,45.824]]],[[[-59.6952,46.034],[-59.7259,46.0004],[-59.781,46.0044],[-59.6952,46.034]]]]}},{"type":"Feature","properties":{"id":"JP-01","name":"Hokkaid\u014d","country":"Japan","iso":"JPN"},"geometry":{"type":"MultiPolygon","coordinates":[[[[143.8363,44.1759],[143.9758,44.1483],[143.8137,44.1684],[143.8363,44.1759]]],[[[145.7674,43.3873],[145.5306,43.1688],[145.1384,43.1282],[145.0143,42.9895],[144.7987,43.0467],[144.742,42.9242],[144.323,43.0026],[143.8864,42.8442],[143.349,42.3192],[143.2415,41.928],[141.8171,42.5996],[141.4277,42.5644],[140.9773,42.2996],[140.7337,42.5642],[140.5007,42.5792],[140.3254,42.4328],[140.2918,42.2596],[140.5488,42.1055],[140.7136,42.1335],[141.2,41.7995],[141.0064,41.7121],[140.708,41.7456],[140.6604,41.8271],[140.209,41.4011],[140.0383,41.4426],[139.9798,41.5817],[140.145,41.9827],[139.7676,42.311],[139.877,42.6634],[140.2004,42.8143],[140.2815,42.7573],[140.5212,42.9963],[140.3381,43.2105],[140.3601,43.3252],[140.4872,43.3724],[140.7962,43.1955],[141.0112,43.229],[141.1691,43.1409],[141.4233,43.3179],[141.3374,43.7128],[141.6406,43.9379],[141.7961,44.6418],[141.5838,45.2512],[141.648,45.4372],[141.8233,45.4226],[141.9194,45.5159],[142.9815,44.5865],[143.7766,44.1893],[143.6804,44.1824],[143.7283,44.1135],[144.1193,44.1291],[144.1528,44.0198],[144.2429,44.1192],[144.3794,43.9565],[144.4304,43.9426],[144.5703,43.9248],[144.7405,43.9146],[145.3415,44.3455],[145.3718,44.2488],[145.0715,43.7746],[145.3936,43.3054],[145.2583,43.3271],[145.5171,43.229],[145.7674,43.3873]]],[[[139.5485,42.2434],[139.509,42.1008],[139.4456,42.0548],[139.4238,42.1916],[139.5485,42.2434]]],[[[145.2024,43.6138],[145.3628,43.5549],[145.2835,43.5179],[145.332,43.5654],[145.2024,43.6138]]],[[[144.4483,43.9422],[144.4551,43.9422],[144.449,43.942],[144.4483,43.9422]]],[[[141.3272,45.1723],[141.2512,45.0992],[141.1318,45.2103],[141.2026,45.2491],[141.3272,45.1723]]],[[[140.9668,45.4634],[141.0736,45.4247],[141.0357,45.2649],[140.9668,45.4634]]],[[[139.3403,41.5238],[139.3743,41.5043],[139.3408,41.4975],[139.3403,41.5238]]]]}},{"type":"Feature","properties":{"id":"RU-MAG","name":"Magadan","country":"Russia","iso":"RUS"},"geometry":{"type":"MultiPolygon","coordinates":[[[[153.3373,59.0899],[153.0067,59.0606],[152.8999,58.9036],[152.3633,59.0597],[152.0203,58.875],[151.3537,58.8326],[151.0881,59.102],[152.3222,59.2074],[151.7343,59.3073],[151.6655,59.4594],[151.3961,59.6042],[150.9067,59.5594],[150.9418,59.4612],[150.7799,59.4323],[150.5037,59.4887],[150.7743,59.5619],[149.3753,59.7722],[149.0407,59.6429],[149.2121,59.4691],[148.8923,59.4668],[148.846,59.5527],[148.7434,59.4716],[148.7357,59.3684],[148.9899,59.3754],[148.9345,59.2333],[148.4375,59.2623],[148.3937,59.3793],[148.2194,59.4089],[147.8455,59.3766],[147.8255,59.2696],[147.5911,59.3041],[147.546,59.2375],[146.8866,59.3647],[147.1019,59.4239],[147.1175,59.8802],[146.7761,59.9064],[146.6451,59.9896],[146.676,60.102],[146.4539,60.1318],[146.3742,60.2712],[145.793,60.1982],[145.51,60.4637],[146.0599,60.7373],[146.4431,60.6897],[146.4861,60.9329],[146.7313,61.0035],[146.682,61.3038],[146.7642,61.4081],[146.6148,61.4341],[146.5834,61.6355],[146.3554,61.8265],[145.9588,62.0053],[145.7216,62.0602],[145.4842,61.9563],[145.1676,61.9654],[144.7217,62.0959],[145.1738,62.2764],[145.1243,62.4899],[145.4823,62.5527],[145.3261,62.7544],[145.366,62.9103],[145.2517,63.1903],[145.6405,63.6671],[145.5562,63.8282],[146.1087,63.9416],[146.3905,64.2066],[147.2666,64.0526],[147.2981,64.1295],[147.6232,64.1683],[147.6105,64.0373],[147.9384,63.9436],[148.2589,64.2396],[148.0007,64.3627],[148.0226,64.431],[148.3025,64.5544],[148.6126,64.4209],[149.2191,64.4084],[149.8164,64.5673],[150.0861,64.4893],[150.0256,64.359],[150.193,64.2239],[150.6087,64.1662],[150.6542,64.3344],[151.1751,64.3758],[151.3917,64.2956],[151.48,64.4356],[152.0371,64.5051],[152.1342,64.4456],[152.1061,64.3625],[152.3799,64.3935],[152.3351,64.5163],[152.7482,64.6859],[152.4997,64.9383],[152.6544,65.0343],[152.609,65.1521],[152.6882,65.2334],[153.4616,65.363],[153.5239,65.4193],[153.3993,65.4971],[153.5068,65.6166],[153.4946,65.8352],[154.2496,65.83],[154.3817,65.9442],[154.2161,66.0645],[154.5282,66.2376],[154.8725,66.1348],[155.17,66.209],[156.3359,66.0628],[156.6308,66.2029],[157.1244,65.9151],[157.3903,65.9296],[157.3735,65.9961],[157.7176,66.112],[158.477,66.1146],[158.396,66.2606],[158.6186,66.3561],[159.2024,66.2021],[158.9287,65.8958],[158.9217,65.743],[160.0274,65.5149],[160.5195,65.1655],[161.348,65.1226],[161.6899,64.9942],[161.8673,64.8127],[162.9969,64.6487],[163.1551,64.7677],[163.259,64.7178],[163.1699,64.5523],[163.4603,64.391],[163.1589,64.1852],[162.7872,64.1432],[162.9291,63.9455],[162.7216,63.7977],[162.9771,63.6263],[162.9649,63.4988],[162.6739,63.3805],[162.8056,63.2462],[162.7558,63.1843],[162.2941,63.0673],[162.2774,62.9169],[162.8186,62.7083],[162.6946,62.5835],[162.7707,62.4969],[162.7286,62.2903],[162.1629,62.1864],[162.5318,62.0923],[162.5061,61.9721],[162.3112,61.9342],[162.4638,61.8275],[162.5105,61.6584],[162.292,61.6176],[161.9864,61.3726],[161.8884,61.4307],[161.8902,61.3355],[161.8073,61.3722],[160.9151,60.8996],[160.7916,60.7177],[160.431,60.7492],[160.1544,60.5763],[160.2514,60.7348],[160.1701,60.8249],[160.4442,61.0362],[159.7975,60.9311],[160.0001,61.1061],[159.9433,61.2438],[159.7756,61.2422],[159.9964,61.2843],[159.9102,61.3139],[160.1069,61.43],[160.035,61.459],[160.2851,61.5541],[160.2591,61.6904],[160.414,61.7648],[160.3457,61.9447],[159.5772,61.6528],[159.5117,61.7004],[159.5656,61.8166],[159.4776,61.7636],[159.2123,61.9119],[158.2602,61.8259],[158.0802,61.734],[157.4645,61.7821],[157.3646,61.6854],[156.6795,61.524],[156.655,61.1968],[155.9431,60.9226],[155.9136,60.7036],[154.821,60.3002],[154.4876,59.9463],[154.5637,60.0937],[154.4078,60.0629],[154.4735,59.8793],[154.2208,59.8696],[154.3683,59.5747],[154.2201,59.664],[154.075,59.5092],[154.1384,59.457],[154.4023,59.535],[154.4269,59.4209],[154.5368,59.4228],[154.4288,59.547],[154.9629,59.4961],[155.2097,59.3439],[155.1941,59.1758],[154.7907,59.1313],[154.438,59.2155],[154.3327,59.1918],[154.3577,59.1106],[154.0487,59.0528],[153.692,59.1851],[153.7686,59.2466],[153.3692,59.2413],[153.2835,59.149],[153.3373,59.0899]]],[[[150.6985,59.1404],[150.7828,59.0909],[150.4721,59.0042],[150.6985,59.1404]]],[[[155.509,59.3201],[155.5669,59.3404],[155.6,59.3194],[155.509,59.3201]]],[[[149.1035,59.1615],[149.04,59.2029],[149.1411,59.2077],[149.1035,59.1615]]]]}},{"type":"Feature","properties":{"id":"RU-SAK","name":"Sakhalin","country":"Russia","iso":"RUS"},"geometry":{"type":"MultiPolygon","coordinates":[[[[142.2826,54.3039],[142.6351,54.2661],[142.7232,54.4256],[143.0129,54.1191],[142.8518,53.872],[143.0708,53.5982],[142.9885,53.5629],[143.1211,53.5181],[143.0941,53.3819],[143.2106,53.3632],[143.3605,52.8714],[143.2969,52.4537],[143.1937,52.337],[143.2614,52.5976],[143.1187,52.3378],[143.1255,51.967],[143.3179,51.7064],[143.2241,51.5222],[143.3379,51.5084],[143.3651,51.645],[143.4478,51.5084],[143.4749,51.3432],[143.3794,51.3501],[143.4831,51.2136],[143.5217,51.2851],[143.7903,50.3092],[144.0027,50.0128],[144.385,49.0727],[144.6847,48.8732],[144.7566,48.6433],[144.5037,48.9487],[144.0579,49.2534],[143.2586,49.3934],[143.3313,49.3139],[143.6668,49.3149],[143.1742,49.246],[143.0088,49.123],[142.9885,48.9167],[142.5374,48.0101],[142.5453,47.7667],[142.714,47.4372],[143.0164,47.2536],[143.1729,46.7078],[143.3897,46.7081],[143.1971,46.8408],[143.4782,46.8284],[143.6257,46.3747],[143.4305,46.0252],[143.3687,46.5555],[142.7966,46.5944],[142.7246,46.7408],[142.6184,46.7186],[142.4065,46.5537],[142.0853,45.9008],[141.9326,46.0358],[141.8142,46.5384],[142.0567,47.0537],[141.9658,47.6125],[142.1911,47.9667],[142.1331,48.3337],[141.8574,48.7742],[141.9673,48.8624],[142.125,49.4623],[142.1738,50.0864],[142.0414,50.551],[142.2692,51.1124],[142.0789,51.4714],[141.6868,51.7473],[141.823,51.7442],[141.639,51.8845],[141.6419,52.3182],[141.8438,52.5908],[141.9284,53.0207],[141.7688,53.3716],[142.2411,53.5294],[142.2639,53.3801],[142.4553,53.3803],[142.6873,53.5294],[142.514,53.5456],[142.4977,53.6583],[142.8045,53.707],[142.7391,53.8457],[142.6042,53.6976],[142.7083,53.9482],[142.2826,54.3039]]],[[[146.1317,43.5408],[146.1519,43.4628],[146.0794,43.5176],[146.1317,43.5408]]],[[[146.6047,43.8086],[146.9146,43.8027],[146.6022,43.7361],[146.6047,43.8086]]],[[[146.1193,44.506],[146.5721,44.4499],[146.1165,44.2544],[145.5887,43.8476],[145.5562,43.6527],[145.4431,43.7245],[145.4109,43.836],[145.7288,44.0438],[146.1193,44.506]]],[[[148.8513,45.4815],[148.8167,45.3335],[148.2777,45.2226],[147.913,44.963],[147.6538,44.9949],[147.226,44.581],[146.8618,44.4453],[146.937,44.6248],[147.0007,44.566],[146.9986,44.6626],[147.1966,44.7137],[147.1092,44.8271],[147.2165,44.799],[147.5114,45.0873],[147.8949,45.2239],[147.8607,45.3542],[147.94,45.4263],[148.0696,45.2512],[148.3119,45.2753],[148.7266,45.5252],[148.8513,45.4815]]],[[[150.3342,46.2108],[150.5693,46.2318],[150.023,45.8238],[149.4367,45.587],[149.6673,45.8532],[150.3342,46.2108]]],[[[151.7122,46.8066],[152.2949,47.1425],[151.8506,46.7905],[151.7122,46.8066]]],[[[152.4263,47.3835],[152.5244,47.2986],[152.4132,47.3407],[152.4263,47.3835]]],[[[152.9702,47.7516],[153.0688,47.7433],[152.9783,47.6843],[152.9702,47.7516]]],[[[153.2884,48.0775],[153.2333,48.0398],[153.1646,48.1214],[153.2147,48.1257],[153.2884,48.0775]]],[[[154.2129,48.9177],[154.0564,48.7378],[153.9733,48.7395],[154.1195,48.8996],[154.2129,48.9177]]],[[[153.9151,48.9825],[153.9607,48.9267],[153.9021,48.9565],[153.9151,48.9825]]],[[[154.563,49.1572],[154.5117,49.0802],[154.4395,49.1572],[154.457,49.1715],[154.563,49.1572]]],[[[154.3739,49.7785],[154.4913,49.7833],[154.4119,49.7331],[154.3739,49.7785]]],[[[156.0412,50.7728],[156.1525,50.519],[155.8849,50.2537],[155.5015,50.1373],[155.3958,49.9958],[155.2166,50.0671],[155.2019,50.2935],[155.6896,50.4037],[156.0412,50.7728]]],[[[156.4605,50.8737],[156.511,50.7658],[156.4058,50.6301],[156.18,50.6884],[156.1994,50.7805],[156.4605,50.8737]]],[[[155.6729,50.8703],[155.4676,50.8525],[155.4741,50.9218],[155.6729,50.8703]]],[[[142.5407,54.2978],[142.5872,54.3133],[142.6042,54.3102],[142.5407,54.2978]]],[[[150.8085,46.4864],[150.8329,46.4409],[150.7801,46.4572],[150.8085,46.4864]]],[[[154.8367,49.6501],[154.905,49.6308],[154.8151,49.3102],[154.606,49.2927],[154.8367,49.6501]]],[[[146.0809,43.4311],[146.0807,43.4162],[146.0265,43.4108],[146.0809,43.4311]]],[[[145.9382,43.4553],[145.896,43.4173],[145.865,43.4562],[145.9382,43.4553]]],[[[146.3177,43.6506],[146.3446,43.6191],[146.2697,43.6282],[146.3177,43.6506]]]]}},{"type":"Feature","properties":{"id":"GB-LMV","name":"Limavady","country":"United Kingdom","iso":"GBR"},"geometry":{"type":"Polygon","coordinates":[[[-7.1499,55.0487],[-7.0172,55.0711],[-6.9626,55.1946],[-6.8384,55.1754],[-6.777,54.8652],[-7.0103,54.8155],[-7.1499,55.0487]]]}},{"type":"Feature","properties":{"id":"GB-CLR","name":"Coleraine","country":"United Kingdom","iso":"GBR"},"geometry":{"type":"Polygon","coordinates":[[[-6.8384,55.1754],[-6.5461,55.2252],[-6.6139,55.0766],[-6.5204,54.9451],[-6.7811,54.9111],[-6.8384,55.1754]]]}},{"type":"Feature","properties":{"id":"GB-MYL","name":"Moyle","country":"United Kingdom","iso":"GBR"},"geometry":{"type":"MultiPolygon","coordinates":[[[[-6.5461,55.2252],[-6.101,55.2124],[-5.981,55.0557],[-6.1403,54.9863],[-6.2281,55.1205],[-6.5153,55.1491],[-6.5461,55.2252]]],[[[-6.2836,55.2971],[-6.1743,55.3039],[-6.1719,55.2932],[-6.2836,55.2971]]]]}},{"type":"Feature","properties":{"id":"GB-LRN","name":"Larne","country":"United Kingdom","iso":"GBR"},"geometry":{"type":"Polygon","coordinates":[[[-5.981,55.0557],[-5.9862,54.9818],[-5.6921,54.7705],[-6.0081,54.7869],[-5.9448,54.8327],[-6.1019,54.9869],[-5.981,55.0557]]]}},{"type":"Feature","properties":{"id":"GB-CKF","name":"Carrickfergus","country":"United Kingdom","iso":"GBR"},"geometry":{"type":"Polygon","coordinates":[[[-5.6921,54.7705],[-5.8779,54.6823],[-5.9059,54.7122],[-5.8892,54.7694],[-5.6921,54.7705]]]}},{"type":"Feature","properties":{"id":"GB-NTA","name":"Newtownabbey","country":"United Kingdom","iso":"GBR"},"geometry":{"type":"Polygon","coordinates":[[[-5.8779,54.6823],[-6.0447,54.6652],[-6.0842,54.7919],[-5.9036,54.7774],[-5.8779,54.6823]]]}},{"type":"Feature","properties":{"id":"GB-BFS","name":"Belfast","country":"United Kingdom","iso":"GBR"},"geometry":{"type":"Polygon","coordinates":[[[-6.0659,54.6227],[-5.8161,54.593],[-5.9681,54.5402],[-6.0659,54.6227]]]}},{"type":"Feature","properties":{"id":"GB-NDN","name":"North Down","country":"United Kingdom","iso":"GBR"},"geometry":{"type":"Polygon","coordinates":[[[-5.8705,54.6228],[-5.748,54.6804],[-5.565,54.6723],[-5.65,54.6188],[-5.8705,54.6228]]]}},{"type":"Feature","properties":{"id":"GB-ARD","name":"Ards","country":"United Kingdom","iso":"GBR"},"geometry":{"type":"Polygon","coordinates":[[[-5.565,54.6723],[-5.4308,54.4852],[-5.502,54.3397],[-5.6449,54.5678],[-5.7156,54.5367],[-5.6256,54.5163],[-5.6459,54.4587],[-5.8187,54.4916],[-5.757,54.6158],[-5.565,54.6723]]]}},{"type":"Feature","properties":{"id":"GB-DOW","name":"Down","country":"United Kingdom","iso":"GBR"},"geometry":{"type":"Polygon","coordinates":[[[-5.6385,54.4636],[-5.7089,54.3518],[-5.5407,54.3273],[-5.64,54.2351],[-6.0269,54.1697],[-6.0784,54.2338],[-5.9675,54.2499],[-5.8681,54.4791],[-5.6385,54.4636]]]}},{"type":"Feature","properties":{"id":"UA-40","name":"Sevastopol","country":"Russia","iso":"RUS"},"geometry":{"type":"Polygon","coordinates":[[[33.73,44.398],[33.3723,44.5765],[33.5715,44.6206],[33.5596,44.8498],[33.6745,44.7916],[33.6252,44.6614],[33.709,44.6664],[33.8521,44.4316],[33.73,44.398]]]}},{"type":"Feature","properties":{"id":"GB-CLK","name":"Clackmannanshire","country":"United Kingdom","iso":"GBR"},"geometry":{"type":"Polygon","coordinates":[[[-3.7465,56.0728],[-3.8573,56.1187],[-3.8244,56.1925],[-3.5542,56.1819],[-3.7465,56.0728]]]}},{"type":"Feature","properties":{"id":"GB-STG","name":"Stirling","country":"United Kingdom","iso":"GBR"},"geometry":{"type":"Polygon","coordinates":[[[-3.8381,56.2158],[-3.7391,56.0507],[-4.4086,55.9758],[-4.6113,56.0883],[-4.6492,56.3208],[-4.837,56.3699],[-4.5128,56.5191],[-4.1448,56.5122],[-4.0953,56.4683],[-4.187,56.4572],[-4.2195,56.3291],[-3.8381,56.2158]]]}},{"type":"Feature","properties":{"id":"GB-FAL","name":"Falkirk","country":"United Kingdom","iso":"GBR"},"geometry":{"type":"Polygon","coordinates":[[[-4.0113,56.0122],[-3.5053,56.0056],[-3.8089,55.8952],[-4.0113,56.0122]]]}},{"type":"Feature","properties":{"id":"GB-WLN","name":"West Lothian","country":"United Kingdom","iso":"GBR"},"geometry":{"type":"Polygon","coordinates":[[[-3.5053,56.0056],[-3.3905,55.8842],[-3.4579,55.7696],[-3.7312,55.7786],[-3.7064,55.8769],[-3.8206,55.8891],[-3.5053,56.0056]]]}},{"type":"Feature","properties":{"id":"GB-EDH","name":"Edinburgh","country":"United Kingdom","iso":"GBR"},"geometry":{"type":"Polygon","coordinates":[[[-3.4498,55.9968],[-3.1218,55.9693],[-3.0875,55.8906],[-3.3953,55.8173],[-3.4498,55.9968]]]}},{"type":"Feature","properties":{"id":"GB-MLN","name":"Midlothian","country":"United Kingdom","iso":"GBR"},"geometry":{"type":"Polygon","coordinates":[[[-3.0782,55.9468],[-2.8209,55.8217],[-3.1209,55.7119],[-3.3602,55.8117],[-3.0782,55.9468]]]}},{"type":"Feature","properties":{"id":"GB-ELN","name":"East Lothian","country":"United Kingdom","iso":"GBR"},"geometry":{"type":"Polygon","coordinates":[[[-3.0612,55.9478],[-2.8028,56.0648],[-2.3604,55.9527],[-2.3964,55.8722],[-2.8209,55.8217],[-3.0612,55.9478]]]}},{"type":"Feature","properties":{"id":"GB-NTY","name":"North Tyneside","country":"United Kingdom","iso":"GBR"},"geometry":{"type":"Polygon","coordinates":[[[-1.6493,55.0677],[-1.4129,55.0003],[-1.49,54.9831],[-1.6493,55.0677]]]}},{"type":"Feature","properties":{"id":"GB-STY","name":"South Tyneside","country":"United Kingdom","iso":"GBR"},"geometry":{"type":"Polygon","coordinates":[[[-1.4129,55.0003],[-1.3603,54.9171],[-1.5257,54.9214],[-1.5181,54.968],[-1.4129,55.0003]]]}},{"type":"Feature","properties":{"id":"GB-SND","name":"Sunderland","country":"United Kingdom","iso":"GBR"},"geometry":{"type":"Polygon","coordinates":[[[-1.3603,54.9171],[-1.4404,54.797],[-1.5773,54.886],[-1.5571,54.9192],[-1.3603,54.9171]]]}},{"type":"Feature","properties":{"id":"GB-DUR","name":"Durham","country":"United Kingdom","iso":"GBR"},"geometry":{"type":"Polygon","coordinates":[[[-1.3408,54.8727],[-1.2453,54.7254],[-1.3337,54.6474],[-1.9306,54.4547],[-2.1552,54.4556],[-2.3539,54.6908],[-2.305,54.7832],[-1.8201,54.9047],[-1.4742,54.797],[-1.3408,54.8727]]]}},{"type":"Feature","properties":{"id":"GB-HPL","name":"Hartlepool","country":"United Kingdom","iso":"GBR"},"geometry":{"type":"Polygon","coordinates":[[[-1.3885,54.6267],[-1.1722,54.7012],[-1.2094,54.6066],[-1.3885,54.6267]]]}},{"type":"Feature","properties":{"id":"GB-RCC","name":"Redcar and Cleveland","country":"United Kingdom","iso":"GBR"},"geometry":{"type":"Polygon","coordinates":[[[-1.1795,54.5038],[-1.1381,54.6466],[-0.7788,54.5573],[-0.8383,54.4872],[-1.1795,54.5038]]]}},{"type":"Feature","properties":{"id":"GB-NYK","name":"North Yorkshire","country":"United Kingdom","iso":"GBR"},"geometry":{"type":"Polygon","coordinates":[[[-0.7788,54.5574],[-0.5347,54.461],[-0.1999,54.1525],[-0.3981,54.1699],[-0.928,53.9718],[-1.1468,54.0278],[-1.218,53.9146],[-0.9203,53.8077],[-0.9256,53.7227],[-1.1264,53.6338],[-1.247,53.6355],[-1.3337,53.9449],[-1.9436,53.9577],[-2.0326,53.8476],[-2.5514,54.1283],[-2.3039,54.2486],[-2.3472,54.3502],[-2.2447,54.448],[-1.7136,54.5316],[-1.4603,54.4416],[-0.8383,54.4872],[-0.7788,54.5574]]]}},{"type":"Feature","properties":{"id":"GB-ERY","name":"East Riding of Yorkshire","country":"United Kingdom","iso":"GBR"},"geometry":{"type":"Polygon","coordinates":[[[-0.8893,54.0071],[-0.0755,54.1121],[-0.2195,54.0228],[0.1335,53.6426],[0.1493,53.6096],[0.1312,53.5734],[-0.3603,53.7898],[-0.8441,53.6138],[-1.1097,53.6755],[-0.9256,53.7227],[-0.8893,54.0071]]]}},{"type":"Feature","properties":{"id":"GB-KHL","name":"Kingston upon Hull","country":"United Kingdom","iso":"GBR"},"geometry":{"type":"Polygon","coordinates":[[[-0.2956,53.7388],[-0.4311,53.7143],[-0.4497,53.7143],[-0.3864,53.7887],[-0.2956,53.7388]]]}},{"type":"Feature","properties":{"id":"GB-NLN","name":"North Lincolnshire","country":"United Kingdom","iso":"GBR"},"geometry":{"type":"Polygon","coordinates":[[[-0.6993,53.6913],[-0.3072,53.7143],[-0.1985,53.6296],[-0.5078,53.4619],[-0.91,53.4605],[-0.9045,53.5716],[-0.6993,53.6913]]]}},{"type":"Feature","properties":{"id":"GB-NEL","name":"North East Lincolnshire","country":"United Kingdom","iso":"GBR"},"geometry":{"type":"Polygon","coordinates":[[[-0.2821,53.6063],[-0.0466,53.5704],[0.0218,53.5247],[-0.1136,53.4269],[-0.2821,53.6063]]]}},{"type":"Feature","properties":{"id":"GB-LIN","name":"Lincolnshire","country":"United Kingdom","iso":"GBR"},"geometry":{"type":"Polygon","coordinates":[[[0.0218,53.5247],[0.2195,53.4195],[0.3562,53.1885],[0.3298,53.0865],[0.0086,52.8986],[0.2763,52.7563],[0.0322,52.648],[-0.5089,52.6424],[-0.4153,52.6866],[-0.6503,52.7463],[-0.7631,52.8947],[-0.7814,53.0061],[-0.6886,53.0497],[-0.745,53.1708],[-0.6367,53.2347],[-0.7765,53.2342],[-0.7972,53.4523],[-0.467,53.4724],[-0.2867,53.608],[-0.1136,53.4269],[0.0218,53.5247]]]}},{"type":"Feature","properties":{"id":"GB-NFK","name":"Norfolk","country":"United Kingdom","iso":"GBR"},"geometry":{"type":"Polygon","coordinates":[[[0.2788,52.805],[0.3845,52.7684],[0.4857,52.9335],[0.6847,52.9864],[1.2747,52.9292],[1.6733,52.7557],[1.7476,52.5328],[1.2024,52.3538],[0.4472,52.4322],[0.223,52.5216],[0.157,52.6702],[0.2788,52.805]]]}},{"type":"Feature","properties":{"id":"GB-SFK","name":"Suffolk","country":"United Kingdom","iso":"GBR"},"geometry":{"type":"Polygon","coordinates":[[[1.7476,52.5328],[1.5876,52.087],[1.3323,51.9401],[1.2644,51.9944],[1.1852,52.0251],[1.2744,51.9609],[0.7878,51.9547],[0.6783,52.0772],[0.4089,52.0593],[0.5161,52.218],[0.3497,52.2577],[0.5103,52.2746],[0.3897,52.3902],[0.4472,52.4322],[1.2024,52.3538],[1.7476,52.5328]]]}},{"type":"Feature","properties":{"id":"GB-ESS","name":"Essex","country":"United Kingdom","iso":"GBR"},"geometry":{"type":"Polygon","coordinates":[[[0.7878,51.9547],[1.282,51.9466],[1.1996,51.8777],[1.2883,51.8606],[0.6986,51.72],[0.9456,51.7337],[0.9518,51.617],[0.8283,51.5418],[0.5689,51.5084],[-0.0128,51.6499],[0.0356,51.7683],[0.1903,51.8166],[0.1064,52.0549],[0.6783,52.0772],[0.7878,51.9547]]]}},{"type":"Feature","properties":{"id":"GB-SOS","name":"Southend-on-Sea","country":"United Kingdom","iso":"GBR"},"geometry":{"type":"Polygon","coordinates":[[[0.6858,51.5772],[0.7713,51.5283],[0.6346,51.5431],[0.6858,51.5772]]]}},{"type":"Feature","properties":{"id":"GB-THR","name":"Thurrock","country":"United Kingdom","iso":"GBR"},"geometry":{"type":"Polygon","coordinates":[[[0.5472,51.5177],[0.3564,51.4464],[0.2166,51.4777],[0.3199,51.5579],[0.5472,51.5177]]]}},{"type":"Feature","properties":{"id":"GB-KEN","name":"Kent","country":"United Kingdom","iso":"GBR"},"geometry":{"type":"MultiPolygon","coordinates":[[[[0.1811,51.4377],[0.5116,51.4877],[0.4469,51.3385],[0.5927,51.3121],[0.7053,51.4195],[0.7644,51.3644],[0.9772,51.3492],[1.4483,51.3829],[1.3845,51.1517],[1.0669,51.0644],[0.9452,50.9094],[0.0627,51.1358],[0.0544,51.2899],[0.1811,51.4377]]],[[[0.7669,51.4479],[0.9364,51.371],[0.7339,51.4122],[0.7669,51.4479]]]]}},{"type":"Feature","properties":{"id":"GB-MDW","name":"Medway","country":"United Kingdom","iso":"GBR"},"geometry":{"type":"Polygon","coordinates":[[[0.5116,51.4877],[0.6948,51.477],[0.7232,51.4467],[0.5545,51.4122],[0.6719,51.3911],[0.5927,51.3121],[0.4469,51.3385],[0.5116,51.4877]]]}},{"type":"Feature","properties":{"id":"GB-ESX","name":"East Sussex","country":"United Kingdom","iso":"GBR"},"geometry":{"type":"Polygon","coordinates":[[[0.8698,50.9251],[0.271,50.7474],[-0.1286,50.8826],[0.0213,51.1358],[0.1325,51.1441],[0.8698,50.9251]]]}},{"type":"Feature","properties":{"id":"GB-BNH","name":"Brighton and Hove","country":"United Kingdom","iso":"GBR"},"geometry":{"type":"Polygon","coordinates":[[[0.0175,50.7849],[-0.2089,50.8301],[-0.2306,50.8674],[-0.1528,50.8913],[0.0175,50.7849]]]}},{"type":"Feature","properties":{"id":"GB-WSX","name":"West Sussex","country":"United Kingdom","iso":"GBR"},"geometry":{"type":"Polygon","coordinates":[[[-0.2089,50.8301],[-0.7899,50.73],[-0.9525,50.8919],[-0.7537,51.0887],[0.0213,51.1358],[-0.0159,50.9819],[-0.2089,50.8301]]]}},{"type":"Feature","properties":{"id":"GB-HAM","name":"Hampshire","country":"United Kingdom","iso":"GBR"},"geometry":{"type":"Polygon","coordinates":[[[-0.9298,50.84],[-1.1647,50.8437],[-1.1511,50.7814],[-1.4257,50.941],[-1.3173,50.8002],[-1.5612,50.719],[-1.7865,50.7687],[-1.805,50.9294],[-1.9501,50.9883],[-1.6106,50.9597],[-1.6965,51.2366],[-1.3995,51.3705],[-0.8197,51.3488],[-0.7297,51.2916],[-0.84,51.2039],[-0.7442,51.1041],[-0.8909,51.0099],[-0.9298,50.84]]]}},{"type":"Feature","properties":{"id":"GB-POR","name":"Portsmouth","country":"United Kingdom","iso":"GBR"},"geometry":{"type":"MultiPolygon","coordinates":[[[[-0.9949,50.8471],[-1.0562,50.783],[-1.103,50.7955],[-1.0747,50.8578],[-0.9949,50.8471]]],[[[-0.9726,50.8298],[-0.9388,50.781],[-1.0207,50.7884],[-0.9726,50.8298]]]]}},{"type":"Feature","properties":{"id":"GB-STH","name":"Southampton","country":"United Kingdom","iso":"GBR"},"geometry":{"type":"Polygon","coordinates":[[[-1.3186,50.8569],[-1.4493,50.9121],[-1.4469,50.9255],[-1.3087,50.9213],[-1.3186,50.8569]]]}},{"type":"Feature","properties":{"id":"GB-DOR","name":"Dorset","country":"United Kingdom","iso":"GBR"},"geometry":{"type":"Polygon","coordinates":[[[-1.6729,50.7401],[-1.9947,50.7699],[-2.0827,50.699],[-1.9528,50.6766],[-1.9652,50.6022],[-2.3983,50.6456],[-2.4595,50.5277],[-2.6929,50.6928],[-2.9456,50.7258],[-2.8823,50.7972],[-2.9485,50.8225],[-2.6145,50.8855],[-2.542,51.0019],[-2.3378,50.983],[-2.3217,51.0833],[-1.805,50.9294],[-1.7997,50.7824],[-1.6729,50.7401]]]}},{"type":"Feature","properties":{"id":"GB-BMH","name":"Bournemouth","country":"United Kingdom","iso":"GBR"},"geometry":{"type":"Polygon","coordinates":[[[-1.7975,50.7232],[-1.8969,50.716],[-1.9285,50.74],[-1.8703,50.7514],[-1.7975,50.7232]]]}},{"type":"Feature","properties":{"id":"GB-POL","name":"Poole","country":"United Kingdom","iso":"GBR"},"geometry":{"type":"Polygon","coordinates":[[[-1.9603,50.7699],[-1.94,50.6908],[-2.0262,50.7251],[-1.9603,50.7699]]]}},{"type":"Feature","properties":{"id":"GB-DEV","name":"Devon","country":"United Kingdom","iso":"GBR"},"geometry":{"type":"MultiPolygon","coordinates":[[[[-2.8823,50.7972],[-3.3682,50.6171],[-3.4644,50.6785],[-3.5054,50.5082],[-3.6466,50.4475],[-3.5269,50.3498],[-3.789,50.2124],[-4.1083,50.3366],[-4.0418,50.3993],[-4.2369,50.4626],[-4.1823,50.5066],[-4.377,50.7644],[-4.4853,50.786],[-4.4584,50.9211],[-4.5481,50.923],[-4.5264,51.015],[-4.208,51.0764],[-4.2285,51.1925],[-3.7692,51.2477],[-3.7242,51.1785],[-3.8128,51.1288],[-3.0475,50.9058],[-2.8823,50.7972]]],[[[-4.6764,51.1931],[-4.6635,51.1649],[-4.6705,51.1601],[-4.6764,51.1931]]]]}},{"type":"Feature","properties":{"id":"GB-TOB","name":"Torbay","country":"United Kingdom","iso":"GBR"},"geometry":{"type":"Polygon","coordinates":[[[-3.5054,50.5082],[-3.4983,50.3837],[-3.6487,50.4332],[-3.6097,50.4988],[-3.5054,50.5082]]]}},{"type":"Feature","properties":{"id":"GB-PLY","name":"Plymouth","country":"United Kingdom","iso":"GBR"},"geometry":{"type":"Polygon","coordinates":[[[-4.0418,50.3993],[-4.105,50.3707],[-4.187,50.426],[-4.0418,50.3993]]]}},{"type":"Feature","properties":{"id":"GB-CON","name":"Cornwall","country":"United Kingdom","iso":"GBR"},"geometry":{"type":"Polygon","coordinates":[[[-4.2037,50.4514],[-4.2899,50.3974],[-4.1938,50.3223],[-4.6943,50.3435],[-5.0024,50.1441],[-5.053,50.1958],[-5.126,50.0963],[-5.0565,50.0606],[-5.1912,49.9591],[-5.4748,50.1304],[-5.6195,50.0462],[-5.7156,50.0827],[-5.1499,50.3502],[-4.9956,50.5482],[-4.8448,50.5141],[-4.9205,50.5892],[-4.5773,50.7747],[-4.5481,50.923],[-4.4584,50.9211],[-4.4853,50.786],[-4.377,50.7644],[-4.2037,50.4514]]]}},{"type":"Feature","properties":{"id":"GB-SOM","name":"Somerset","country":"United Kingdom","iso":"GBR"},"geometry":{"type":"Polygon","coordinates":[[[-3.7122,51.2383],[-3.0218,51.1925],[-3.0218,51.3228],[-2.812,51.3275],[-2.2362,51.2641],[-2.3378,50.983],[-2.542,51.0019],[-2.6145,50.8855],[-2.9485,50.8225],[-3.8259,51.1419],[-3.7122,51.2383]]]}},{"type":"Feature","properties":{"id":"GB-NSM","name":"North Somerset","country":"United Kingdom","iso":"GBR"},"geometry":{"type":"Polygon","coordinates":[[[-2.9922,51.3219],[-2.7809,51.4891],[-2.6306,51.443],[-2.7127,51.3198],[-2.9922,51.3219]]]}},{"type":"Feature","properties":{"id":"GB-BST","name":"Bristol","country":"United Kingdom","iso":"GBR"},"geometry":{"type":"Polygon","coordinates":[[[-2.7294,51.4962],[-2.5288,51.4805],[-2.5208,51.4229],[-2.6335,51.3821],[-2.7294,51.4962]]]}},{"type":"Feature","properties":{"id":"GB-SGC","name":"South Gloucestershire","country":"United Kingdom","iso":"GBR"},"geometry":{"type":"Polygon","coordinates":[[[-2.6788,51.5313],[-2.5355,51.673],[-2.2862,51.6227],[-2.2453,51.5186],[-2.2807,51.4203],[-2.474,51.4042],[-2.6788,51.5313]]]}},{"type":"Feature","properties":{"id":"GB-NWP","name":"Newport","country":"United Kingdom","iso":"GBR"},"geometry":{"type":"Polygon","coordinates":[[[-2.7981,51.5635],[-3.0765,51.5078],[-3.11,51.5863],[-2.8151,51.6496],[-2.7981,51.5635]]]}},{"type":"Feature","properties":{"id":"GB-CRF","name":"Cardiff","country":"United Kingdom","iso":"GBR"},"geometry":{"type":"Polygon","coordinates":[[[-3.0765,51.5078],[-3.1727,51.4531],[-3.2914,51.5004],[-3.1564,51.553],[-3.0765,51.5078]]]}},{"type":"Feature","properties":{"id":"GB-VGL","name":"Vale of Glamorgan","country":"United Kingdom","iso":"GBR"},"geometry":{"type":"Polygon","coordinates":[[[-3.1727,51.4531],[-3.2894,51.3842],[-3.5753,51.4204],[-3.4545,51.5155],[-3.1727,51.4531]]]}},{"type":"Feature","properties":{"id":"GB-BGE","name":"Bridgend","country":"United Kingdom","iso":"GBR"},"geometry":{"type":"Polygon","coordinates":[[[-3.5753,51.4204],[-3.748,51.5009],[-3.6403,51.5424],[-3.6536,51.6399],[-3.4618,51.5898],[-3.5753,51.4204]]]}},{"type":"Feature","properties":{"id":"GB-NTL","name":"Neath Port Talbot","country":"United Kingdom","iso":"GBR"},"geometry":{"type":"Polygon","coordinates":[[[-3.7519,51.5331],[-3.8868,51.6214],[-3.8299,51.6876],[-3.9331,51.7622],[-3.5917,51.7624],[-3.5456,51.6424],[-3.7519,51.5331]]]}},{"type":"Feature","properties":{"id":"GB-SWA","name":"Swansea","country":"United Kingdom","iso":"GBR"},"geometry":{"type":"Polygon","coordinates":[[[-3.8299,51.6876],[-4.0265,51.554],[-4.2974,51.5692],[-3.9781,51.7666],[-3.8299,51.6876]]]}},{"type":"Feature","properties":{"id":"GB-CMN","name":"Carmarthenshire","country":"United Kingdom","iso":"GBR"},"geometry":{"type":"Polygon","coordinates":[[[-4.0705,51.676],[-4.3153,51.6775],[-4.3651,51.789],[-4.6393,51.7332],[-4.6498,51.8175],[-4.7677,51.8308],[-4.4947,51.9602],[-4.5563,52.0391],[-3.7067,52.1146],[-3.642,52.0419],[-3.7217,51.8658],[-4.0705,51.676]]]}},{"type":"Feature","properties":{"id":"GB-PEM","name":"Pembrokeshire","country":"United Kingdom","iso":"GBR"},"geometry":{"type":"Polygon","coordinates":[[[-4.6393,51.7332],[-4.941,51.5965],[-5.1197,51.6784],[-4.8448,51.7138],[-4.8243,51.7957],[-5.1829,51.6893],[-5.2495,51.7337],[-5.1103,51.7785],[-5.1259,51.856],[-5.3109,51.864],[-4.7065,52.1135],[-4.4947,51.9691],[-4.7677,51.8308],[-4.6498,51.8175],[-4.6393,51.7332]]]}},{"type":"Feature","properties":{"id":"GB-CGN","name":"Ceredigion","country":"United Kingdom","iso":"GBR"},"geometry":{"type":"Polygon","coordinates":[[[-4.6938,52.1073],[-4.1971,52.2793],[-4.0565,52.5294],[-3.7247,52.4988],[-3.652,52.3475],[-3.7629,52.1061],[-4.4096,52.0282],[-4.6938,52.1073]]]}},{"type":"Feature","properties":{"id":"GB-GWN","name":"Gwynedd","country":"United Kingdom","iso":"GBR"},"geometry":{"type":"Polygon","coordinates":[[[-3.9473,52.5509],[-4.1255,52.6039],[-3.9883,52.7343],[-4.149,52.8121],[-4.0776,52.9267],[-4.7628,52.7895],[-4.1222,53.2335],[-3.9271,53.2008],[-3.9799,52.9959],[-3.4234,52.9708],[-3.6015,52.6955],[-3.9473,52.5509]]]}},{"type":"Feature","properties":{"id":"GB-CWY","name":"Conwy","country":"United Kingdom","iso":"GBR"},"geometry":{"type":"Polygon","coordinates":[[[-4.0004,53.2487],[-3.8313,53.2891],[-3.8784,53.3376],[-3.5135,53.3089],[-3.4749,53.1699],[-3.5857,53.0874],[-3.4615,52.9764],[-3.9799,52.9959],[-3.9271,53.2008],[-4.0004,53.2487]]]}},{"type":"Feature","properties":{"id":"GB-DEN","name":"Denbighshire","country":"United Kingdom","iso":"GBR"},"geometry":{"type":"Polygon","coordinates":[[[-3.5135,53.3089],[-3.3605,53.3511],[-3.0948,52.9637],[-3.47,52.8619],[-3.4234,52.9708],[-3.5857,53.0874],[-3.4749,53.1699],[-3.5135,53.3089]]]}},{"type":"Feature","properties":{"id":"GB-WRL","name":"Halton","country":"United Kingdom","iso":"GBR"},"geometry":{"type":"Polygon","coordinates":[[[-3.0959,53.2871],[-3.1864,53.3928],[-3.0583,53.4348],[-2.9264,53.3048],[-3.0959,53.2871]]]}},{"type":"Feature","properties":{"id":"GB-HAL","name":"Halton","country":"United Kingdom","iso":"GBR"},"geometry":{"type":"Polygon","coordinates":[[[-2.7755,53.2999],[-2.7411,53.3883],[-2.5694,53.3123],[-2.6279,53.2942],[-2.7755,53.2999]]]}},{"type":"Feature","properties":{"id":"GB-KWL","name":"Knowsley","country":"United Kingdom","iso":"GBR"},"geometry":{"type":"Polygon","coordinates":[[[-2.7547,53.3781],[-2.8759,53.3312],[-2.8961,53.5224],[-2.7547,53.3781]]]}},{"type":"Feature","properties":{"id":"GB-LIV","name":"Liverpool","country":"United Kingdom","iso":"GBR"},"geometry":{"type":"Polygon","coordinates":[[[-2.8759,53.3312],[-2.9569,53.3706],[-3.0482,53.481],[-2.8986,53.4656],[-2.8759,53.3312]]]}},{"type":"Feature","properties":{"id":"GB-SFT","name":"Sefton","country":"United Kingdom","iso":"GBR"},"geometry":{"type":"Polygon","coordinates":[[[-3.0482,53.481],[-3.0995,53.572],[-2.9485,53.7094],[-3.0317,53.5419],[-2.8961,53.5224],[-3.0482,53.481]]]}},{"type":"Feature","properties":{"id":"GB-LAN","name":"Lancashire","country":"United Kingdom","iso":"GBR"},"geometry":{"type":"Polygon","coordinates":[[[-2.9485,53.7094],[-3.0176,53.932],[-2.858,53.9676],[-2.9182,54.0343],[-2.7923,54.1908],[-2.4578,54.2383],[-2.545,54.1135],[-2.0326,53.8476],[-2.2581,53.6141],[-2.4688,53.769],[-2.5044,53.627],[-2.8156,53.4911],[-3.0317,53.5419],[-2.9485,53.7094]]]}},{"type":"Feature","properties":{"id":"GB-BPL","name":"Blackpool","country":"United Kingdom","iso":"GBR"},"geometry":{"type":"Polygon","coordinates":[[[-3.0215,53.7458],[-3.0566,53.9062],[-3.0176,53.932],[-2.9453,53.8476],[-3.0215,53.7458]]]}},{"type":"Feature","properties":{"id":"GB-SAY","name":"South Ayrshire","country":"United Kingdom","iso":"GBR"},"geometry":{"type":"Polygon","coordinates":[[[-5.0325,54.9937],[-5.0078,55.1412],[-4.6263,55.4684],[-4.6872,55.5441],[-4.4431,55.5448],[-4.4656,55.3856],[-4.5783,55.3886],[-4.4446,55.2819],[-4.4675,55.1578],[-5.0325,54.9937]]]}},{"type":"Feature","properties":{"id":"GB-NAY","name":"North Ayrshire","country":"United Kingdom","iso":"GBR"},"geometry":{"type":"Polygon","coordinates":[[[-4.6662,55.5622],[-4.9205,55.7086],[-4.8888,55.8653],[-4.5164,55.7628],[-4.6258,55.665],[-4.51,55.6214],[-4.6662,55.5622]]]}},{"type":"Feature","properties":{"id":"GB-IVC","name":"Inverclyde","country":"United Kingdom","iso":"GBR"},"geometry":{"type":"Polygon","coordinates":[[[-4.8888,55.8653],[-4.7994,55.9579],[-4.5842,55.8635],[-4.6526,55.8424],[-4.8888,55.8653]]]}},{"type":"Feature","properties":{"id":"GB-RFW","name":"Renfrewshire","country":"United Kingdom","iso":"GBR"},"geometry":{"type":"Polygon","coordinates":[[[-4.6268,55.9298],[-4.4886,55.9257],[-4.3568,55.8191],[-4.6348,55.7666],[-4.7517,55.8572],[-4.5884,55.8508],[-4.6268,55.9298]]]}},{"type":"Feature","properties":{"id":"GB-WDU","name":"West Dunbartonshire","country":"United Kingdom","iso":"GBR"},"geometry":{"type":"Polygon","coordinates":[[[-4.3558,55.864],[-4.5906,55.9415],[-4.599,56.0778],[-4.4284,56.0455],[-4.3558,55.864]]]}},{"type":"Feature","properties":{"id":"GB-AGB","name":"Argyll and Bute","country":"United Kingdom","iso":"GBR"},"geometry":{"type":"MultiPolygon","coordinates":[[[[-4.5906,55.9415],[-4.8243,56.0785],[-4.7789,55.9921],[-4.8623,56.0021],[-4.8654,56.0667],[-4.7555,56.2065],[-4.8517,56.1126],[-4.9205,56.1679],[-4.969,55.8799],[-5.1236,56.0099],[-5.0865,55.9013],[-5.1807,55.9693],[-5.2421,55.8929],[-5.2011,55.8315],[-5.2967,55.8527],[-5.3383,55.9966],[-4.9205,56.2778],[-5.0646,56.2293],[-5.4479,56.0223],[-5.3178,55.783],[-5.4901,55.6446],[-5.5846,55.4274],[-5.5251,55.3586],[-5.7829,55.3135],[-5.6809,55.6745],[-5.455,55.8458],[-5.6604,55.7973],[-5.571,55.9345],[-5.6964,55.916],[-5.571,56.0375],[-5.7075,55.9426],[-5.5316,56.0863],[-5.5096,56.1884],[-5.6058,56.14],[-5.4928,56.2604],[-5.5922,56.2498],[-5.5726,56.3281],[-5.4481,56.3597],[-5.5375,56.3597],[-5.457,56.4409],[-5.2087,56.4468],[-5.1185,56.5078],[-5.0646,56.5651],[-5.2011,56.4621],[-5.4686,56.4757],[-5.2421,56.5651],[-5.4139,56.5447],[-5.3045,56.6402],[-4.6206,56.6466],[-4.5584,56.5702],[-4.6928,56.548],[-4.6394,56.4718],[-4.837,56.3699],[-4.6492,56.3208],[-4.5906,55.9415]]],[[[-5.0708,55.5093],[-5.3047,55.4621],[-5.3929,55.6466],[-5.1983,55.7043],[-5.0708,55.5093]]],[[[-5.0298,55.7495],[-5.1156,55.7844],[-5.1995,55.9111],[-5.0809,55.8796],[-5.0298,55.7495]]],[[[-6.0304,55.7291],[-6.2873,55.5784],[-6.2432,55.6601],[-6.3252,55.7154],[-6.25,55.7768],[-6.5035,55.6813],[-6.4452,55.8488],[-6.3314,55.89],[-6.3109,55.8184],[-6.1401,55.9414],[-6.0304,55.7291]]],[[[-6.2699,56.0375],[-6.1334,56.1126],[-6.1743,56.0438],[-6.2699,56.0375]]],[[[-5.9956,55.986],[-5.688,56.1241],[-5.9621,55.8048],[-6.0624,55.8095],[-6.0752,55.916],[-5.8863,55.9761],[-5.9956,55.986]]],[[[-5.7384,56.1775],[-5.6737,56.1789],[-5.7491,56.1611],[-5.7384,56.1775]]],[[[-5.6667,56.2225],[-5.6106,56.2494],[-5.6374,56.1893],[-5.6667,56.2225]]],[[[-5.6217,56.2761],[-5.6208,56.3242],[-5.5846,56.3256],[-5.6217,56.2761]]],[[[-5.5846,56.387],[-5.5265,56.4136],[-5.5028,56.4211],[-5.5846,56.387]]],[[[-6.16,56.4695],[-6.2375,56.47],[-6.2637,56.4832],[-6.2153,56.5036],[-6.16,56.4695]]],[[[-6.9899,56.5036],[-6.7292,56.5303],[-6.8816,56.4443],[-6.9899,56.5036]]],[[[-5.6883,56.4348],[-5.8087,56.3189],[-6.2668,56.2635],[-6.3661,56.3222],[-6.2472,56.3117],[-6.0208,56.382],[-6.2032,56.3803],[-6.0167,56.5036],[-6.3382,56.5521],[-6.1513,56.6518],[-5.6883,56.4348]]],[[[-6.4592,56.6781],[-6.6163,56.5752],[-6.7019,56.5856],[-6.5592,56.6653],[-6.4592,56.6781]]]]}},{"type":"Feature","properties":{"id":"GB-HLD","name":"Highland","country":"United Kingdom","iso":"GBR"},"geometry":{"type":"MultiPolygon","coordinates":[[[[-5.3045,56.6402],[-4.9956,56.716],[-5.2383,56.7166],[-5.1197,56.8184],[-5.6741,56.4969],[-6.0082,56.6423],[-5.5437,56.6955],[-6.2364,56.7191],[-5.7567,56.7849],[-5.8512,56.8289],[-5.7339,56.8448],[-5.6604,56.873],[-5.9211,56.8941],[-5.8317,56.9971],[-5.7552,57.0266],[-5.6586,56.9795],[-5.5233,56.9971],[-5.7911,57.0593],[-5.7156,57.1201],[-5.5583,57.1004],[-5.4004,57.1064],[-5.6809,57.1579],[-5.5782,57.2668],[-5.4072,57.2299],[-5.5019,57.2777],[-5.4407,57.3193],[-5.7293,57.2982],[-5.5013,57.371],[-5.4481,57.4217],[-5.8078,57.3549],[-5.8392,57.5793],[-5.64,57.5111],[-5.5127,57.5415],[-5.8059,57.6426],[-5.6741,57.7097],[-5.8038,57.7438],[-5.8112,57.8332],[-5.6986,57.8691],[-5.6604,57.7922],[-5.6058,57.7705],[-5.6126,57.9288],[-5.2216,57.8469],[-5.3662,57.9431],[-5.0708,57.8332],[-5.447,58.0844],[-5.2421,58.1479],[-5.3921,58.2614],[-4.9336,58.223],[-5.1732,58.3539],[-5.0162,58.3881],[-5.1056,58.5056],[-5.005,58.6177],[-4.66,58.5559],[-4.761,58.448],[-4.585,58.5742],[-4.4265,58.5464],[-4.4954,58.4495],[-4.029,58.5952],[-3.0191,58.6403],[-3.1298,58.3693],[-4.0844,57.9642],[-4.0093,57.8679],[-4.3924,57.9083],[-3.9148,57.8077],[-3.786,57.8654],[-3.9883,57.696],[-4.2948,57.6802],[-4.4285,57.5775],[-4.0093,57.6885],[-4.2626,57.5521],[-4.1948,57.4916],[-3.7546,57.6263],[-3.7184,57.4055],[-3.3978,57.4214],[-3.4867,57.3052],[-3.4367,57.1886],[-3.737,57.0772],[-3.7964,56.9302],[-4.5142,56.8036],[-4.7086,56.6415],[-5.3045,56.6402]]],[[[-6.3642,57.0556],[-6.276,56.9531],[-6.4555,57.004],[-6.3642,57.0556]]],[[[-6.5482,57.0476],[-6.5375,57.0728],[-6.4897,57.0586],[-6.5482,57.0476]]],[[[-5.9294,57.3072],[-6.0078,57.3036],[-6.0139,57.3175],[-5.9294,57.3072]]],[[[-5.9895,57.3473],[-6.0691,57.4361],[-5.9933,57.507],[-5.9895,57.3473]]],[[[-5.9552,57.5725],[-5.99,57.5329],[-5.9619,57.5773],[-5.9552,57.5725]]],[[[-6.5641,57.3466],[-6.7838,57.4564],[-6.7159,57.5142],[-6.6068,57.4439],[-6.6405,57.6073],[-6.3109,57.4626],[-6.4157,57.6458],[-6.3109,57.7028],[-6.1539,57.5895],[-6.1539,57.3056],[-5.6474,57.2646],[-6.0067,57.0284],[-5.8454,57.1883],[-6.3183,57.161],[-6.4822,57.3118],[-6.3239,57.3114],[-6.5306,57.4155],[-6.5641,57.3466]]]]}},{"type":"Feature","properties":{"id":"GB-MRY","name":"Moray","country":"United Kingdom","iso":"GBR"},"geometry":{"type":"Polygon","coordinates":[[[-3.7546,57.6263],[-3.4092,57.7233],[-2.8212,57.7028],[-2.7071,57.5134],[-2.9918,57.4768],[-2.9859,57.2977],[-3.3322,57.1759],[-3.3454,57.0893],[-3.6565,57.0849],[-3.4367,57.1886],[-3.4867,57.3052],[-3.3845,57.3814],[-3.4981,57.4574],[-3.7184,57.4055],[-3.7546,57.6263]]]}},{"type":"Feature","properties":{"id":"GB-ABD","name":"Aberdeenshire","country":"United Kingdom","iso":"GBR"},"geometry":{"type":"Polygon","coordinates":[[[-2.8212,57.7028],[-1.9977,57.7028],[-1.7593,57.4736],[-2.0447,57.2265],[-2.3001,57.2194],[-2.3466,57.0879],[-2.0653,57.1005],[-2.4359,56.7404],[-2.8726,56.9846],[-3.1209,56.8905],[-3.7964,56.9302],[-3.737,57.0772],[-3.3454,57.0893],[-3.1899,57.2566],[-3.0094,57.2757],[-2.9918,57.4768],[-2.7071,57.5134],[-2.8212,57.7028]]]}},{"type":"Feature","properties":{"id":"GB-ABE","name":"Aberdeen","country":"United Kingdom","iso":"GBR"},"geometry":{"type":"Polygon","coordinates":[[[-2.0447,57.2265],[-2.0653,57.1005],[-2.3529,57.0995],[-2.284,57.2355],[-2.0447,57.2265]]]}},{"type":"Feature","properties":{"id":"GB-ANS","name":"Angus","country":"United Kingdom","iso":"GBR"},"geometry":{"type":"Polygon","coordinates":[[[-2.4359,56.7404],[-2.7277,56.4695],[-3.1119,56.4788],[-3.1688,56.5313],[-3.0842,56.6071],[-3.335,56.7238],[-3.3951,56.8815],[-2.8726,56.9846],[-2.4359,56.7404]]]}},{"type":"Feature","properties":{"id":"GB-DND","name":"Dundee","country":"United Kingdom","iso":"GBR"},"geometry":{"type":"Polygon","coordinates":[[[-2.8193,56.4713],[-3.0557,56.4521],[-3.0793,56.4749],[-2.883,56.5182],[-2.8193,56.4713]]]}},{"type":"Feature","properties":{"id":"GB-PKN","name":"Perth and Kinross","country":"United Kingdom","iso":"GBR"},"geometry":{"type":"Polygon","coordinates":[[[-3.0557,56.4521],[-3.3235,56.3659],[-3.242,56.3136],[-3.3628,56.2647],[-3.2747,56.1658],[-3.6306,56.1282],[-3.5542,56.1819],[-4.2195,56.3291],[-4.187,56.4572],[-4.0953,56.4683],[-4.1448,56.5122],[-4.6639,56.4763],[-4.6928,56.548],[-4.5584,56.5702],[-4.7089,56.663],[-4.1778,56.9074],[-3.5881,56.9299],[-3.3951,56.8815],[-3.335,56.7238],[-3.0842,56.6071],[-3.1703,56.5167],[-3.0557,56.4521]]]}},{"type":"Feature","properties":{"id":"GB-FIF","name":"Fife","country":"United Kingdom","iso":"GBR"},"geometry":{"type":"Polygon","coordinates":[[[-3.3628,56.2647],[-2.885,56.458],[-2.5768,56.2778],[-3.3427,56.0272],[-3.7465,56.0728],[-3.2747,56.1658],[-3.3628,56.2647]]]}},{"type":"Feature","properties":{"id":"RU-CHU","name":"Chukotka Autonomous Okrug","country":"Russia","iso":"RUS"},"geometry":{"type":"MultiPolygon","coordinates":[[[[-172.4613,64.8276],[-172.0434,64.7512],[-172.6332,64.6844],[-172.4613,64.8276]]],[[[-180.0,68.9824],[-179.5228,68.9645],[-179.3195,68.812],[-178.8448,68.7524],[-178.4849,68.5915],[-178.7246,68.6757],[-178.6999,68.5432],[-178.0214,68.416],[-177.9505,68.3377],[-178.0737,68.2593],[-177.7047,68.3445],[-178.3751,68.5574],[-177.4923,68.2917],[-177.7656,68.2626],[-177.6347,68.1953],[-177.3381,68.2446],[-177.1735,68.1987],[-177.2591,68.2111],[-177.2187,68.1396],[-176.5645,68.0103],[-176.7893,67.9786],[-176.5394,67.8951],[-176.2088,67.9018],[-176.5333,68.003],[-175.9207,67.851],[-176.1159,67.8065],[-176.0697,67.7273],[-176.3409,67.6959],[-176.2058,67.6452],[-175.6818,67.5896],[-176.012,67.7273],[-175.824,67.813],[-175.2655,67.6586],[-175.1268,67.4999],[-175.2265,67.5326],[-175.1724,67.4351],[-175.3669,67.3578],[-174.9689,67.4247],[-175.0798,67.4811],[-174.8061,67.3647],[-174.7564,67.3032],[-174.8603,67.2755],[-174.9076,67.0374],[-174.7,66.9165],[-174.7629,66.8994],[-174.6878,66.7324],[-174.9713,66.6654],[-174.4357,66.5315],[-174.3894,66.3375],[-174.4635,66.2797],[-174.166,66.3994],[-174.2056,66.4726],[-174.0159,66.4722],[-173.9292,66.3408],[-174.0189,66.3054],[-173.9993,66.2193],[-173.6911,66.4391],[-174.2639,66.5659],[-173.9306,66.6676],[-174.0262,66.9611],[-174.612,67.0614],[-173.6465,67.1156],[-173.4636,67.0295],[-173.3894,67.0785],[-173.0713,67.0442],[-173.2722,67.052],[-173.1434,66.9996],[-173.295,66.9813],[-173.3025,66.8221],[-173.0866,66.8467],[-173.2265,66.9109],[-173.074,66.9931],[-172.7823,66.894],[-172.3625,66.9332],[-172.9863,67.0392],[-171.7185,66.9508],[-171.63,66.8301],[-171.3534,66.7719],[-171.3634,66.6748],[-170.3852,66.3165],[-170.6257,66.2348],[-170.2743,66.2904],[-170.1062,66.193],[-170.3384,66.1858],[-169.9521,66.1838],[-169.6414,66.0683],[-170.6063,65.8613],[-170.5159,65.8301],[-170.5712,65.7612],[-170.4888,65.6708],[-170.5882,65.6046],[-171.4633,65.8326],[-171.2639,65.6556],[-170.9818,65.5921],[-171.0387,65.467],[-172.0342,65.4744],[-171.7436,65.4997],[-172.2601,65.5452],[-172.206,65.5808],[-172.2905,65.6662],[-172.8596,65.6999],[-172.3897,65.5818],[-172.3197,65.4653],[-172.3886,65.4322],[-172.0934,65.4836],[-172.1885,65.2425],[-172.702,65.2476],[-172.2015,65.2169],[-172.2268,65.0998],[-172.0801,65.0759],[-173.1641,64.7646],[-172.8057,64.8034],[-172.7553,64.7335],[-173.0429,64.6597],[-172.8446,64.6489],[-172.9672,64.5611],[-172.4651,64.5584],[-172.2202,64.4073],[-172.5901,64.3704],[-172.8833,64.4947],[-173.0131,64.4616],[-172.7883,64.4379],[-172.8222,64.3204],[-173.1063,64.241],[-173.3683,64.2855],[-173.2637,64.446],[-173.4145,64.6166],[-173.3852,64.395],[-173.6354,64.3322],[-173.9893,64.4123],[-174.3059,64.6662],[-174.6523,64.7253],[-174.592,64.8174],[-174.6532,64.8979],[-174.7231,64.8072],[-174.9519,64.8615],[-174.9878,64.7663],[-175.4115,64.7713],[-175.3684,64.8465],[-175.8647,64.9992],[-175.735,65.1468],[-175.9088,65.403],[-176.0441,65.4521],[-176.9766,65.6081],[-177.4159,65.4407],[-178.4611,65.4727],[-178.5323,65.523],[-178.4242,65.7129],[-178.6282,65.7295],[-178.9784,66.0493],[-178.6843,66.0126],[-178.6824,66.1019],[-178.4957,66.1401],[-178.4771,66.3828],[-178.7851,66.1672],[-179.1177,66.2427],[-179.1643,66.4144],[-179.1715,66.2895],[-179.424,66.3441],[-179.252,66.1452],[-179.5746,66.1113],[-179.693,66.1839],[-179.8287,65.9468],[-179.7667,65.8198],[-179.277,65.6303],[-179.2605,65.5322],[-179.499,65.3957],[-179.5242,65.2354],[-179.6631,65.1413],[-180.0,65.0662],[-180.0,68.9824]]],[[[-169.0765,65.7551],[-169.0632,65.8282],[-168.9946,65.8159],[-169.0765,65.7551]]],[[[169.4465,69.8491],[169.2776,69.7595],[169.2347,69.5921],[168.8745,69.5679],[167.7538,69.8323],[168.2647,70.0241],[169.4465,69.8491]]],[[[-180.0,71.5367],[-179.0746,71.6],[-178.3948,71.5407],[-177.4434,71.237],[-177.9305,71.0414],[-179.5012,70.9197],[-180.0,70.992],[-180.0,71.5367]]],[[[-172.4753,64.6418],[-172.5194,64.593],[-172.725,64.6265],[-172.696,64.6525],[-172.4753,64.6418]]],[[[162.4318,69.6771],[163.773,69.6944],[164.027,69.7738],[164.8343,69.5674],[166.8938,69.4959],[167.802,69.7752],[168.0833,69.7088],[167.9264,69.6542],[168.2541,69.5443],[168.1921,69.3799],[168.2883,69.2427],[169.3713,69.0766],[169.4539,68.8454],[169.6255,68.7772],[170.3511,68.8281],[170.6252,68.7486],[170.4492,68.8635],[170.6331,68.9182],[170.728,68.822],[170.6804,68.9404],[171.1594,69.0441],[170.9001,69.1712],[170.9131,69.3041],[170.6061,69.5898],[170.1607,69.6134],[170.5918,69.7647],[170.5568,70.0924],[170.4067,70.1129],[170.4816,70.142],[172.7254,69.9809],[173.198,69.7834],[173.4793,69.8358],[173.1641,69.8867],[173.2786,69.9418],[173.9285,69.8454],[175.7155,69.8815],[175.5297,69.8563],[175.9972,69.7694],[176.1577,69.8215],[175.7816,69.8853],[176.1276,69.8938],[176.242,69.7744],[176.7345,69.6748],[178.7726,69.4152],[179.0677,69.3253],[178.6662,69.3833],[178.654,69.3174],[179.2615,69.2722],[179.9585,68.9957],[179.5481,69.113],[179.6921,69.0161],[180.0,68.981],[180.0,65.0662],[179.4787,64.8227],[178.5615,64.5915],[178.4856,64.6105],[178.7559,64.6822],[177.625,64.7202],[177.3894,64.8358],[177.4919,64.8501],[177.433,64.929],[176.9369,65.0828],[176.3063,65.0555],[176.9585,65.0466],[177.3001,64.8227],[176.4358,64.8109],[176.0457,64.9628],[175.7146,64.7936],[175.0408,64.7781],[174.4417,64.6924],[175.7117,64.7747],[176.0824,64.9189],[176.4237,64.7096],[176.1453,64.6276],[176.1145,64.59],[176.1143,64.5419],[176.4575,64.6924],[176.7429,64.5712],[176.9858,64.7111],[177.4919,64.7675],[177.3615,64.5484],[177.4536,64.4206],[178.1838,64.2058],[178.0746,64.2542],[178.2826,64.354],[178.2,64.4402],[178.5886,64.0351],[178.4841,64.0709],[178.3826,64.001],[178.4924,63.9867],[178.3826,63.973],[178.6432,64.001],[178.7593,63.623],[178.6086,63.6765],[178.7331,63.6083],[178.2688,63.5654],[178.7113,63.57],[178.7202,63.4765],[178.5955,63.4113],[178.699,63.3857],[178.8384,63.4349],[178.7542,63.5383],[178.777,63.5952],[179.0055,63.3214],[178.8093,63.3505],[179.4074,63.1413],[179.2495,62.9847],[179.5117,62.8725],[179.6091,62.7056],[179.3836,62.5208],[179.1161,62.4722],[179.1504,62.3419],[179.0736,62.2872],[178.061,62.5411],[177.3068,62.5821],[177.3198,62.7459],[177.4578,62.8148],[177.189,62.7097],[176.9922,62.8695],[177.0422,62.7687],[176.9279,62.6729],[177.2659,62.5883],[176.6619,62.5346],[176.2793,62.3171],[175.3064,62.0749],[175.3952,62.1227],[175.2581,62.1688],[175.1745,62.0219],[174.7651,61.9167],[174.5999,61.985],[174.7269,61.8863],[174.4898,61.8146],[174.4678,61.9836],[174.3291,62.0932],[174.1073,62.0785],[174.0104,62.2785],[174.0798,62.447],[173.6876,62.5347],[172.8525,62.3315],[172.0547,62.4665],[171.4856,62.3116],[171.2176,62.3685],[170.8589,62.2493],[170.283,62.2789],[169.9861,62.545],[170.0783,62.6613],[169.8425,62.6553],[169.1267,62.9725],[168.9257,62.9438],[168.4638,63.0782],[169.5984,63.6561],[169.547,63.8157],[169.3535,63.9463],[168.8597,64.0266],[168.7779,64.1845],[168.4987,64.3174],[167.7141,64.3407],[167.237,64.6237],[166.8068,64.5329],[166.1986,64.609],[165.8715,64.5547],[165.684,64.754],[165.3593,64.7613],[165.2627,64.8506],[165.0284,64.8424],[165.0188,64.694],[164.882,64.6859],[164.1878,64.9341],[163.8728,64.8654],[163.5033,64.9283],[163.1165,64.8005],[163.0439,64.6545],[162.7357,64.6612],[161.8094,64.8265],[161.6899,64.9942],[161.2811,65.1407],[160.5195,65.1655],[160.0274,65.5149],[158.9101,65.75],[158.9287,65.8958],[159.1977,66.2114],[158.3589,66.4477],[158.8988,66.7908],[158.8006,66.9813],[157.8604,67.272],[157.7834,67.3462],[157.8848,67.4377],[157.6911,67.5395],[157.7376,67.6526],[158.3255,67.7487],[158.0528,67.8928],[158.4194,68.111],[159.8501,68.2774],[160.997,68.301],[161.4062,68.4118],[162.5286,68.3522],[162.7232,68.6052],[162.5961,68.8006],[162.8469,68.8693],[162.5321,69.0047],[162.5098,69.1092],[162.7805,69.1939],[162.3681,69.4174],[162.3114,69.5398],[162.4318,69.6771]]],[[[-175.6173,71.381],[-175.6287,71.3518],[-175.8108,71.4117],[-175.6173,71.381]]],[[[180.0,70.9924],[179.667,70.8748],[178.7933,70.805],[178.6222,71.051],[178.9054,71.237],[180.0,71.5364],[180.0,70.9924]]],[[[169.9552,69.7267],[170.2753,69.7734],[170.1015,69.6872],[169.9552,69.7267]]]]}},{"type":"Feature","properties":{"id":"RU-YAN","name":"Yamalo-Nenets Autonomous Okrug","country":"Russia","iso":"RUS"},"geometry":{"type":"MultiPolygon","coordinates":[[[[70.1306,66.5563],[69.8706,66.4779],[69.5454,66.591],[69.4246,66.7684],[69.1307,66.7966],[70.0498,66.7089],[70.1306,66.5563]]],[[[65.0379,69.2711],[67.0901,68.8557],[67.0397,68.7971],[67.1963,68.7073],[68.1349,68.4234],[68.2881,68.1883],[68.6509,68.3179],[68.561,68.3725],[69.1091,68.879],[68.9514,68.9032],[69.2189,68.9621],[68.458,68.9846],[68.0262,69.3194],[68.1066,69.5487],[67.8244,69.5107],[67.0173,69.7031],[66.8552,69.6369],[66.9577,69.5369],[66.7957,69.5862],[66.7688,69.7616],[66.8848,70.0129],[67.1433,69.9831],[67.3276,70.106],[67.0942,70.2209],[67.2663,70.4145],[67.2151,70.5239],[67.3345,70.7578],[67.1384,70.8418],[66.6887,70.7698],[66.6082,70.8807],[66.8895,71.0787],[66.6903,71.0014],[66.6205,71.0578],[66.9121,71.2947],[68.3488,71.6752],[68.6437,72.0332],[68.9172,72.484],[68.8694,72.5324],[69.0545,72.6621],[68.9758,72.696],[69.3538,72.9526],[69.7949,72.9637],[69.5882,72.8785],[71.5632,72.916],[72.0083,72.834],[71.8166,72.8123],[71.8865,72.7966],[72.8369,72.7099],[72.7214,72.703],[72.8096,72.6552],[72.7315,72.5972],[72.845,72.5204],[72.8743,72.2811],[72.5222,71.9223],[72.3508,71.8642],[72.345,71.7082],[71.8034,71.4803],[72.6365,71.1317],[72.6321,71.0111],[72.8369,70.8596],[72.6833,70.6166],[72.7713,70.4252],[72.4356,70.2859],[72.6216,70.1617],[72.492,70.0412],[72.6917,69.8369],[72.5017,69.6467],[72.6384,69.4414],[72.488,69.414],[72.6477,69.2922],[72.4779,69.1769],[72.5774,68.9404],[73.5391,68.581],[73.6463,68.4578],[73.5337,68.4815],[73.0908,68.2143],[73.0728,68.0904],[73.2044,67.9572],[73.1955,67.8495],[73.0715,67.8156],[73.1143,67.6904],[72.5813,67.6202],[72.3919,67.4675],[72.4026,67.3281],[72.0483,67.3029],[72.2259,67.1595],[71.9133,67.1323],[71.9946,67.056],[71.7476,66.9161],[71.3019,66.9536],[71.5149,66.8785],[71.5769,66.6588],[71.1654,66.6588],[71.2337,66.6252],[70.6886,66.5154],[70.2952,66.6383],[70.6799,66.716],[70.7234,66.7618],[70.3157,66.6799],[69.8978,66.8716],[69.598,66.789],[68.965,66.8096],[69.1038,66.7713],[69.1126,66.6188],[70.3626,66.3344],[71.4289,66.3559],[71.9901,66.2308],[72.3063,66.2885],[72.4124,66.5085],[72.3176,66.5275],[73.7971,66.9641],[73.9199,67.0777],[73.8996,67.2962],[74.7489,67.7065],[74.825,67.9405],[74.7254,68.1524],[74.3316,68.3856],[74.4578,68.5063],[74.4811,68.7205],[76.1131,68.9777],[76.6091,68.966],[76.6626,68.7626],[77.3257,68.5233],[77.1619,68.2936],[77.3566,68.2329],[77.1926,67.9852],[77.3052,67.9101],[77.0833,67.8331],[77.1203,67.7685],[77.6755,67.6172],[77.693,67.5453],[79.0525,67.5705],[78.806,67.6252],[78.868,67.6531],[78.5647,67.6041],[78.4634,67.6326],[78.6104,67.6625],[78.4385,67.7025],[78.4002,67.6374],[77.8743,67.6853],[77.9489,67.7282],[77.7757,67.7784],[77.4942,67.7513],[77.4788,67.9073],[77.5864,67.9479],[77.4697,67.9951],[77.537,68.1286],[78.1726,68.2744],[77.9585,68.3984],[77.9279,68.519],[77.7869,68.5146],[77.647,68.9111],[76.042,69.2391],[75.5086,69.2614],[74.7728,69.0812],[73.7766,69.154],[73.8996,69.4208],[73.516,69.7464],[73.7648,70.079],[73.7077,70.1613],[74.3162,70.5203],[74.3179,70.6678],[73.9275,70.8554],[73.5562,71.2551],[73.0225,71.4288],[73.4985,71.6649],[73.5259,71.8222],[74.9949,72.1378],[75.1111,72.3464],[75.0588,72.595],[74.7415,72.8144],[75.0366,72.8817],[75.5223,72.7598],[75.3382,72.6832],[75.6872,72.5854],[75.5565,72.4975],[75.7547,72.3064],[75.5178,72.1532],[75.439,71.9853],[75.2537,71.9422],[75.2275,71.7774],[75.4917,71.6661],[75.3924,71.6179],[75.5329,71.5423],[75.2415,71.4536],[75.263,71.3655],[76.1084,71.2045],[76.8889,71.1904],[76.9142,71.0725],[77.0051,71.1845],[77.7827,71.1425],[77.9489,70.9763],[78.4114,70.8955],[79.0534,70.942],[79.1028,71.0203],[78.4424,70.9143],[78.5254,71.093],[78.2376,71.1097],[78.279,71.2589],[77.9285,71.2575],[77.9883,71.3747],[77.7119,71.2813],[77.4356,71.3332],[77.4922,71.3013],[76.2723,71.5729],[75.9968,71.9079],[76.8782,72.05],[77.5846,71.8311],[78.1095,71.8804],[78.2258,71.9826],[77.9856,72.1095],[77.3772,72.1102],[77.4739,72.2224],[77.6682,72.1928],[78.1245,72.3846],[78.5028,72.3819],[78.4474,72.3476],[78.6558,72.2583],[78.6099,72.2082],[78.9142,72.1162],[79.6949,72.0577],[80.3391,71.8898],[80.0364,71.8308],[80.1023,71.6646],[79.371,71.6124],[79.358,71.4943],[79.1432,71.4152],[79.227,71.3208],[79.9544,71.1341],[80.5376,71.0594],[80.5647,70.8604],[80.6859,70.8012],[80.5928,70.7222],[80.7575,70.6556],[80.6096,70.5011],[80.7946,70.4383],[80.7471,70.394],[80.1809,70.4343],[79.4964,70.1117],[79.3335,70.1476],[79.3555,70.05],[78.8799,69.8797],[79.1304,69.7388],[79.012,69.7034],[79.4911,69.6545],[79.8646,69.3486],[80.7342,69.3081],[80.9669,69.2091],[81.5711,69.2733],[81.685,69.4465],[81.9294,69.3493],[81.7614,69.2524],[81.841,69.1964],[82.4531,69.1619],[82.4937,69.1054],[82.329,69.0465],[82.4928,68.9868],[82.5516,68.8269],[83.0388,68.6673],[82.4689,68.5766],[82.6793,68.4918],[82.7027,68.298],[82.3946,68.1766],[82.3646,67.9459],[81.7256,67.9238],[82.1003,67.7244],[82.1096,67.609],[82.389,67.5342],[82.2513,67.4192],[82.3579,67.3309],[82.1173,67.2438],[83.1619,66.818],[83.2965,66.6732],[83.0889,66.6097],[83.091,66.4592],[83.5354,66.1926],[83.2928,66.066],[83.5212,65.9083],[83.5181,65.8225],[84.031,65.793],[84.3194,65.6844],[84.1958,65.5954],[84.4983,65.5038],[84.5839,65.2912],[84.3128,65.0985],[84.3868,64.9939],[84.2834,64.9089],[84.9201,64.9279],[84.9392,64.8233],[85.1608,64.7506],[85.5589,64.83],[85.838,64.7773],[85.8102,64.6477],[85.916,64.5885],[85.8415,64.4592],[86.0302,64.2646],[85.9579,64.0596],[85.5335,63.9367],[85.2695,63.6515],[85.0318,63.5864],[85.2991,63.5174],[85.4189,63.3492],[85.6721,63.3597],[85.4694,63.1492],[85.5863,63.0742],[85.5183,62.9326],[84.4357,62.178],[84.237,62.3767],[84.0192,62.3968],[83.7888,62.5631],[83.2829,62.4605],[82.7581,62.6701],[82.7493,62.7539],[82.1649,62.8094],[81.784,62.6884],[81.3394,62.8258],[81.115,63.1155],[80.5842,63.0826],[80.5529,63.0009],[79.9147,62.792],[79.8201,62.6037],[78.7931,62.6151],[78.0263,62.4611],[77.158,62.7915],[77.0262,62.975],[76.6884,63.0394],[76.2974,62.9496],[75.8612,63.1111],[74.5074,63.0432],[74.2411,63.172],[73.3681,63.2069],[73.1038,63.4363],[72.655,63.2802],[72.1608,63.2992],[71.9877,63.2019],[71.608,63.1852],[71.551,63.59],[70.9235,63.6872],[70.6377,63.9032],[70.5583,64.0022],[70.7758,64.1143],[70.7689,64.1936],[70.3069,64.3436],[69.9999,64.3159],[69.2308,64.47],[68.8592,64.4357],[68.9904,64.3296],[68.8821,64.2226],[68.425,64.296],[67.7989,64.0316],[66.8187,64.2256],[66.7964,64.3262],[66.9363,64.487],[66.6816,64.5575],[65.3997,64.5714],[65.1759,64.4458],[63.6114,64.2685],[63.4134,64.3282],[63.5053,64.3752],[63.4583,64.4595],[63.237,64.5236],[62.5432,64.5503],[62.8064,64.7352],[62.8105,64.8357],[62.6777,64.8912],[62.8015,65.0514],[62.8167,65.2916],[62.4813,65.3493],[62.2784,65.6229],[62.0185,65.7171],[62.8507,65.873],[62.8622,66.0747],[63.1054,66.2499],[63.2955,66.2392],[63.2415,66.328],[63.4149,66.4801],[65.1047,66.8946],[65.0781,67.0415],[65.2158,67.0756],[65.1902,67.145],[66.11,67.4888],[66.036,67.5751],[65.7961,67.5678],[65.8516,67.6545],[66.2059,67.693],[66.0196,67.7981],[66.0895,67.9297],[65.4366,67.92],[65.2898,68.0123],[65.2766,68.2356],[65.6543,68.5562],[65.4083,68.661],[65.3149,68.8033],[64.5276,68.8994],[64.5273,69.0232],[65.0379,69.2711]]],[[[71.2495,73.4179],[71.3425,73.3314],[71.1375,73.2927],[71.2495,73.4179]]],[[[77.6102,72.6347],[78.3945,72.4914],[77.7708,72.305],[76.8527,72.3331],[77.6102,72.6347]]],[[[74.2117,73.1146],[74.8452,73.0937],[74.9616,73.06],[74.7026,73.0788],[74.6563,72.8586],[74.0933,73.0278],[74.2117,73.1146]]],[[[76.6951,73.1862],[76.6326,73.1313],[76.1333,73.2083],[76.1846,73.217],[76.6951,73.1862]]],[[[71.6691,73.2275],[71.7302,73.0344],[71.3745,73.1789],[69.8748,73.0383],[70.065,73.2371],[69.9593,73.3988],[70.4696,73.4992],[71.2292,73.4647],[70.9803,73.2654],[71.2889,73.2517],[71.4357,73.353],[71.6691,73.2275]]],[[[76.2507,73.5542],[76.7544,73.4299],[76.072,73.5255],[76.2507,73.5542]]],[[[76.0794,73.5596],[75.9006,73.4709],[75.4964,73.4497],[75.5443,73.4981],[75.3042,73.4088],[75.6194,73.5534],[76.0794,73.5596]]],[[[67.2173,69.4206],[67.3083,69.4377],[67.1322,69.3639],[66.9386,69.4394],[67.2173,69.4206]]],[[[67.328,69.5727],[67.259,69.4386],[67.0218,69.477],[67.1882,69.571],[67.328,69.5727]]],[[[66.6685,70.5383],[66.8675,70.3808],[66.7637,70.4031],[66.5903,70.473],[66.6685,70.5383]]],[[[66.5593,70.5443],[66.3973,70.6303],[66.428,70.7995],[66.4798,70.7639],[66.5593,70.5443]]],[[[66.5996,71.0044],[66.5085,70.8279],[66.4339,70.8271],[66.5996,71.0044]]]]}},{"type":"Feature","properties":{"id":"RU-NEN","name":"Nenets Autonomous Okrug","country":"Russia","iso":"RUS"},"geometry":{"type":"MultiPolygon","coordinates":[[[[51.1717,68.5015],[51.4983,68.4886],[50.7925,68.3793],[51.1717,68.5015]]],[[[55.2398,68.9274],[55.5066,68.9138],[55.2254,68.9138],[55.2398,68.9274]]],[[[54.6289,69.0058],[54.6979,68.982],[54.5708,68.9641],[54.6289,69.0058]]],[[[44.2142,66.4081],[44.3948,66.6218],[44.5632,66.6662],[44.364,66.7823],[44.5217,66.9194],[44.3025,67.056],[44.3777,67.1044],[43.8153,67.1775],[43.7667,67.2777],[44.0418,67.6804],[44.1445,67.6794],[44.0695,67.7144],[44.0874,67.8851],[44.2684,67.9268],[44.1245,67.9343],[44.2139,67.989],[44.138,67.9951],[44.4118,68.0634],[44.1808,68.0361],[44.2276,68.2968],[43.2737,68.6582],[43.9845,68.5513],[45.5821,68.5142],[45.9439,68.4462],[46.0293,68.324],[46.5349,68.1326],[46.4614,68.1118],[46.6983,67.8165],[45.3504,67.7304],[45.3146,67.5921],[45.0282,67.5319],[44.9121,67.372],[45.5939,67.1582],[45.8245,66.8991],[46.0252,66.8334],[46.5979,66.858],[46.4067,66.7462],[47.4098,66.9293],[47.5814,66.8699],[47.742,67.0307],[47.6895,67.1964],[47.7704,67.3378],[47.9479,67.4443],[47.8457,67.6009],[48.7,67.7159],[49.1067,67.6395],[48.7778,67.7274],[48.7936,67.8312],[48.5859,67.9343],[49.1333,67.8626],[50.0012,68.0581],[50.7788,68.3793],[51.0588,68.3514],[52.1771,68.5824],[52.0518,68.4924],[52.361,68.4749],[52.1356,68.3793],[52.402,68.3377],[52.7313,68.4742],[52.4914,68.5915],[52.6345,68.6585],[52.2791,68.5978],[52.3285,68.6334],[53.8786,68.9741],[54.5613,68.9997],[53.5949,68.9069],[54.0262,68.8454],[53.7205,68.6569],[53.9443,68.406],[53.8037,68.3445],[53.6089,68.4135],[53.6912,68.3445],[53.4404,68.3725],[53.2107,68.2694],[53.9925,68.2214],[54.1849,68.3205],[54.2033,68.2095],[54.5044,68.3122],[54.8319,68.1733],[54.9367,68.3984],[55.3929,68.5643],[55.9971,68.6605],[57.3298,68.5648],[57.604,68.7424],[57.9295,68.751],[57.9567,68.8455],[58.1712,68.8893],[58.3369,68.7356],[58.4241,68.7427],[58.2705,68.8937],[58.8788,69.0031],[59.2239,68.9997],[58.8919,68.9342],[59.423,68.757],[59.0564,68.6195],[59.0871,68.4169],[59.6748,68.3362],[59.9639,68.466],[59.7627,68.6387],[59.8112,68.6879],[60.4666,68.7223],[60.9688,68.9069],[60.9027,69.1223],[60.5913,69.1328],[60.5425,69.3156],[60.1388,69.5779],[60.2326,69.6648],[60.6536,69.6728],[60.7056,69.8237],[60.9266,69.8675],[63.4105,69.6713],[64.548,69.4517],[65.0044,69.3041],[64.8311,69.2944],[64.7859,69.1471],[65.0379,69.2711],[64.99,69.2047],[64.5273,69.0232],[64.5541,68.8714],[65.3149,68.8033],[65.4083,68.661],[65.6543,68.5562],[65.4805,68.4304],[64.5557,68.3585],[64.5303,68.2001],[63.834,68.0285],[63.9467,67.894],[63.8714,67.836],[63.1054,67.6748],[62.8712,67.5796],[62.8213,67.388],[61.6248,67.0117],[53.7725,66.9985],[52.1552,67.0855],[51.5246,66.9278],[51.5102,66.7833],[49.006,66.1191],[48.1391,66.1273],[47.6608,65.8081],[47.1104,65.8212],[44.2142,66.4081]]],[[[59.1507,69.2546],[59.2446,69.1457],[58.7621,69.3389],[59.1507,69.2546]]],[[[50.323,69.1505],[50.1693,69.0116],[50.2233,69.154],[49.7197,68.89],[49.2485,68.78],[48.5921,68.7309],[48.2194,68.8957],[48.3042,69.2768],[48.9063,69.508],[49.2717,69.508],[50.323,69.1505]]],[[[60.5398,69.8187],[60.4759,69.7225],[60.2541,69.6894],[59.5635,69.715],[59.6237,69.8043],[59.4315,69.8895],[58.9397,69.9422],[59.1321,69.8733],[59.016,69.8597],[58.6956,70.0028],[58.5705,70.0788],[58.5908,70.1812],[58.4121,70.2603],[58.8242,70.2159],[58.4946,70.332],[59.0236,70.4798],[59.554,70.1996],[60.4138,69.9627],[60.5398,69.8187]]],[[[54.2394,68.3038],[54.3169,68.2591],[54.1995,68.2565],[54.2394,68.3038]]],[[[53.8657,68.307],[53.9915,68.3459],[53.9577,68.2934],[53.8657,68.307]]],[[[48.8123,68.6965],[49.1243,68.6677],[48.766,68.6966],[48.8123,68.6965]]],[[[49.5703,68.8171],[49.5985,68.8148],[49.492,68.7924],[49.5703,68.8171]]],[[[54.1927,68.8137],[54.3748,68.791],[54.3954,68.7825],[54.1927,68.8137]]],[[[49.7531,68.8803],[49.8418,68.9062],[49.7517,68.8774],[49.7531,68.8803]]],[[[54.928,68.9402],[55.0195,68.9154],[54.9119,68.931],[54.928,68.9402]]],[[[50.0007,68.9323],[50.1077,68.9635],[50.0698,68.9431],[50.0007,68.9323]]]]}},{"type":"Feature","properties":{"id":"CA-NT","name":"Northwest Territories","country":"Canada","iso":"CAN"},"geometry":{"type":"MultiPolygon","coordinates":[[[[-135.5668,69.3861],[-135.3534,69.397],[-135.2726,69.3488],[-135.3076,69.3091],[-135.5668,69.3861]]],[[[-133.8304,69.5935],[-134.0183,69.5825],[-133.8127,69.6058],[-133.8304,69.5935]]],[[[-135.5742,69.5779],[-135.511,69.6484],[-135.4029,69.6542],[-135.4889,69.5793],[-135.5742,69.5779]]],[[[-124.9592,70.1675],[-125.0662,70.1208],[-125.1237,70.1266],[-125.0846,70.1649],[-124.9592,70.1675]]],[[[-113.2071,70.2978],[-113.0563,70.3113],[-112.9464,70.2904],[-113.2071,70.2978]]],[[[-112.3226,70.3562],[-111.6715,70.3122],[-112.1085,70.3009],[-112.3226,70.3562]]],[[[-116.7909,70.5107],[-116.5712,70.4698],[-116.8319,70.5107],[-116.7909,70.5107]]],[[[-116.4435,70.5432],[-116.1256,70.5381],[-116.4962,70.5238],[-116.4435,70.5432]]],[[[-116.7773,70.5517],[-116.6105,70.571],[-116.5098,70.5517],[-116.7773,70.5517]]],[[[-115.9096,70.5748],[-115.8158,70.5737],[-116.0641,70.5517],[-115.9096,70.5748]]],[[[-117.2397,70.5927],[-116.8798,70.5517],[-117.3043,70.5716],[-117.2397,70.5927]]],[[[-136.4449,68.9099],[-135.149,68.6605],[-135.5054,68.8454],[-135.3409,68.8386],[-136.005,68.9479],[-135.9231,68.9621],[-135.9542,69.0484],[-135.7699,68.9915],[-135.519,69.0298],[-135.9194,69.0935],[-135.9678,69.2222],[-135.4159,69.0987],[-135.8554,69.2905],[-135.6822,69.3303],[-135.5674,69.2291],[-135.5693,69.3447],[-135.1667,69.263],[-135.2843,69.4145],[-135.1554,69.4797],[-134.4763,69.4438],[-134.4164,69.4975],[-134.5945,69.5129],[-134.4055,69.6369],[-134.4809,69.7275],[-134.2242,69.6815],[-134.1492,69.6331],[-134.2424,69.5772],[-134.1209,69.5443],[-133.7513,69.5512],[-134.2222,69.2726],[-134.313,69.154],[-133.6319,69.3992],[-133.0455,69.4345],[-132.8873,69.6611],[-132.5301,69.632],[-132.333,69.6846],[-132.6272,69.6741],[-132.5484,69.743],[-132.2774,69.7743],[-132.4838,69.7362],[-132.1389,69.6879],[-131.4083,69.9615],[-131.2406,69.9331],[-131.1885,69.8249],[-130.8936,70.106],[-130.5153,70.1772],[-130.4616,70.175],[-130.5381,70.1529],[-130.5198,70.1048],[-130.3851,70.1657],[-130.1869,70.0526],[-129.9317,70.0761],[-129.6739,70.2699],[-129.633,70.1675],[-129.4065,70.1212],[-129.5998,69.9912],[-130.5271,69.7839],[-130.9412,69.5659],[-131.048,69.6437],[-131.9836,69.5369],[-132.3249,69.2492],[-132.4348,69.3041],[-132.4975,69.1601],[-132.5447,69.2905],[-132.7712,69.2563],[-132.9079,69.1308],[-132.8326,69.113],[-132.8998,69.0764],[-132.892,68.9827],[-132.9289,69.0816],[-133.1007,69.072],[-133.2367,68.9138],[-133.4913,68.8425],[-133.2094,68.7151],[-132.922,68.694],[-133.3882,68.8454],[-132.4832,68.8054],[-132.3939,68.8659],[-132.5502,68.9201],[-132.4838,68.8858],[-132.7845,68.851],[-132.7098,68.8858],[-132.8109,68.9373],[-132.6756,68.9274],[-132.8736,69.0578],[-132.4838,69.1471],[-132.4153,69.2379],[-132.4696,69.113],[-132.327,69.2337],[-132.2026,69.2188],[-132.2163,69.154],[-131.7154,69.4003],[-131.9767,69.4078],[-131.9112,69.4281],[-131.4276,69.4351],[-131.5149,69.3359],[-131.317,69.4938],[-131.2437,69.4078],[-131.2521,69.5039],[-131.2112,69.3984],[-131.4144,69.2979],[-131.3478,69.3171],[-131.1611,69.3935],[-131.2431,69.5854],[-131.1151,69.5168],[-131.1381,69.3698],[-131.0618,69.4891],[-131.1947,69.5921],[-131.1278,69.621],[-131.0302,69.4618],[-131.1195,69.3253],[-130.9477,69.5389],[-130.9388,69.4243],[-131.0513,69.3389],[-130.9009,69.3856],[-131.0262,69.206],[-130.9278,69.1396],[-130.9451,69.2767],[-130.3797,69.6945],[-129.1229,69.8561],[-128.8861,69.9763],[-128.9329,69.8454],[-129.1737,69.8323],[-129.1536,69.7035],[-128.9415,69.6824],[-128.3104,69.9627],[-128.3372,70.1298],[-127.5152,70.2221],[-128.1111,70.3668],[-127.9062,70.3941],[-128.1782,70.3799],[-128.1634,70.4955],[-128.0018,70.5927],[-127.1365,70.2529],[-126.7748,69.9757],[-126.7018,69.7674],[-126.2452,69.5253],[-125.4488,69.3192],[-125.3701,69.3525],[-125.4595,69.414],[-125.1612,69.3861],[-125.089,69.4543],[-125.624,69.4208],[-125.484,69.5137],[-125.1169,69.4897],[-125.4384,69.6126],[-125.3701,69.6945],[-125.068,69.751],[-124.9369,69.65],[-124.822,69.715],[-125.2814,69.8112],[-125.0646,69.7994],[-124.9151,69.9351],[-124.6302,69.9863],[-125.2095,69.9355],[-125.2062,70.0031],[-125.0138,70.0856],[-125.0061,70.02],[-124.4173,70.0515],[-124.7532,70.1201],[-124.5546,70.1613],[-124.3627,70.0714],[-124.5409,69.9695],[-124.4037,69.8597],[-124.5067,69.7362],[-124.0344,69.6815],[-124.5211,69.4078],[-124.4228,69.3666],[-123.3827,69.414],[-123.4432,69.4769],[-123.1656,69.5004],[-123.1573,69.7703],[-122.951,69.8386],[-121.6439,69.789],[-120.8074,69.6235],[-120.6808,69.5567],[-120.6696,67.997],[-112.5039,65.5013],[-110.6694,65.4961],[-109.5163,64.9019],[-108.9729,64.7782],[-101.9991,64.2274],[-102.0016,60.0001],[-124.0256,60.0199],[-123.9808,60.0985],[-124.2162,60.4613],[-124.4164,60.4793],[-124.6197,60.6821],[-124.4787,60.7879],[-124.5986,60.9645],[-125.3642,60.782],[-125.9014,60.8947],[-126.0142,60.8035],[-126.2012,60.864],[-126.2885,60.7796],[-126.8339,60.7549],[-126.9365,61.059],[-127.1,61.0707],[-127.0072,61.1877],[-127.1457,61.4652],[-127.8069,61.6109],[-128.5466,62.1218],[-128.7791,62.0569],[-129.2876,62.1534],[-129.2018,62.2105],[-129.3094,62.3212],[-129.2158,62.3776],[-129.3047,62.423],[-129.1716,62.4791],[-129.552,62.5664],[-129.5169,62.6726],[-129.7733,62.8686],[-129.6138,63.0722],[-129.8447,63.0913],[-129.9053,63.1969],[-130.1501,63.2681],[-129.8228,63.4779],[-130.0945,63.6975],[-130.318,63.703],[-130.1144,63.804],[-130.8626,64.0419],[-130.942,64.1289],[-130.8727,64.1905],[-131.1456,64.4241],[-131.3845,64.4679],[-131.8186,64.3775],[-131.6817,64.5212],[-132.6153,64.8155],[-132.3344,65.0315],[-132.7813,65.2262],[-132.5545,65.2841],[-132.1726,65.5945],[-132.5694,65.8441],[-132.3347,65.9674],[-132.5827,66.0318],[-132.9021,65.9084],[-132.9939,65.9231],[-132.9554,66.0297],[-133.6118,65.9619],[-133.7047,66.072],[-133.5672,66.1538],[-133.5643,66.2606],[-133.8191,66.3102],[-133.5919,66.5692],[-133.8342,66.7258],[-133.77,66.8089],[-134.0912,66.9638],[-133.8311,67.0034],[-136.1674,67.006],[-136.2374,67.178],[-136.0952,67.2972],[-136.2009,67.4081],[-136.1573,67.5042],[-136.4448,67.7256],[-136.4449,68.9099]]],[[[-128.2552,70.6472],[-128.0837,70.6132],[-128.3445,70.5449],[-128.2552,70.6472]]],[[[-125.9091,71.9643],[-125.9884,71.9704],[-125.9969,71.977],[-125.9091,71.9643]]],[[[-110.5276,72.6005],[-110.4723,72.5733],[-110.5959,72.6007],[-110.5276,72.6005]]],[[[-110.4692,72.6254],[-110.3489,72.6075],[-110.4935,72.6205],[-110.4692,72.6254]]],[[[-110.3642,72.6528],[-110.2799,72.6484],[-110.4109,72.6422],[-110.3642,72.6528]]],[[[-110.0037,72.7554],[-110.2668,72.7427],[-110.1727,72.7913],[-110.7541,72.9848],[-110.0037,72.9851],[-110.0037,72.7554]]],[[[-110.0037,72.6273],[-110.1017,72.6629],[-110.2943,72.6757],[-110.0432,72.7211],[-110.0037,72.6273]]],[[[-110.0978,72.5605],[-110.0411,72.5118],[-110.2594,72.559],[-110.0978,72.5605]]],[[[-116.6348,69.63],[-117.2521,69.7641],[-117.442,69.9894],[-116.9651,70.1291],[-114.5094,70.3153],[-112.5863,70.2],[-112.1376,70.2773],[-112.2609,70.3093],[-111.9374,70.2637],[-111.4456,70.2904],[-111.9811,70.3791],[-112.1724,70.5033],[-113.9884,70.7162],[-115.5607,70.579],[-117.6978,70.6356],[-118.4215,70.9905],[-117.798,71.1704],[-115.7289,71.3872],[-116.1903,71.4445],[-115.742,71.5107],[-115.419,71.4518],[-115.0568,71.525],[-115.8236,71.5482],[-117.3902,71.3872],[-117.5649,71.5039],[-117.6316,71.4626],[-117.483,71.4213],[-117.5513,71.3742],[-118.162,71.379],[-118.3083,71.4699],[-117.6721,71.5587],[-117.9693,71.6217],[-117.6953,71.6684],[-118.4093,71.5798],[-118.5907,71.6699],[-119.0509,71.6268],[-119.1376,71.7744],[-119.0543,71.9353],[-118.5767,72.1794],[-118.1056,72.2477],[-118.1745,72.3384],[-118.5406,72.3732],[-118.5687,72.4778],[-117.3693,72.9178],[-114.5843,73.3846],[-114.2651,73.3357],[-113.9584,73.1401],[-114.0568,72.8886],[-113.9811,72.8091],[-114.3367,72.7556],[-114.248,72.6894],[-114.6042,72.6075],[-114.5461,72.5678],[-113.5088,72.703],[-113.734,72.6142],[-113.6596,72.6131],[-113.4398,72.6852],[-113.604,72.7775],[-113.3909,72.9116],[-113.015,73.016],[-111.2196,72.7241],[-111.2893,72.566],[-111.8875,72.3677],[-111.6588,72.3595],[-111.7533,72.2071],[-111.4183,72.3467],[-111.5896,72.3815],[-111.2952,72.4707],[-111.2054,72.4634],[-111.3767,72.3542],[-111.0279,72.2853],[-111.0863,72.4083],[-110.7041,72.5788],[-110.4855,72.5583],[-110.6033,72.5044],[-110.3343,72.4273],[-110.5344,72.5044],[-110.3495,72.559],[-110.0037,72.4581],[-110.0,70.0001],[-112.5,70.0001],[-112.4998,69.9105],[-112.6591,69.9023],[-112.4005,69.8695],[-112.8749,69.8323],[-112.8988,70.0001],[-117.1237,70.0012],[-117.1436,69.888],[-116.6348,69.63]]],[[[-115.3236,73.5087],[-119.1639,72.6298],[-119.3402,72.3467],[-119.8057,72.2232],[-120.2548,72.2608],[-120.1581,72.1284],[-120.434,71.9643],[-120.3824,71.6917],[-120.6352,71.4914],[-121.4232,71.3803],[-121.7006,71.4681],[-122.7978,71.0878],[-123.2553,71.1304],[-124.0646,71.7004],[-125.2534,71.9557],[-124.9589,71.9666],[-125.8776,71.964],[-125.7416,72.0248],[-125.7521,72.1477],[-125.5694,72.1754],[-125.6793,72.2307],[-125.4905,72.2779],[-125.4384,72.4157],[-124.9524,72.5696],[-125.1026,72.6347],[-124.9455,72.703],[-125.1134,72.8675],[-124.476,72.9331],[-124.8599,73.0903],[-124.6439,73.1698],[-124.4343,73.4285],[-124.0679,73.5397],[-124.0738,73.6528],[-123.7738,73.7656],[-124.2132,73.8792],[-124.4658,74.0742],[-124.5456,74.2651],[-124.7557,74.3486],[-121.5808,74.5559],[-119.5183,74.2311],[-119.818,74.1043],[-119.7652,74.0353],[-119.4799,74.2261],[-119.1444,74.2091],[-119.0692,74.0905],[-119.1893,73.9922],[-118.9519,74.0176],[-118.8051,74.1014],[-118.8832,74.1787],[-118.7254,74.2208],[-117.4165,74.2325],[-115.3236,73.5087]]],[[[-120.998,75.9306],[-120.8683,75.9169],[-120.9911,75.763],[-121.2934,75.76],[-121.0226,75.8235],[-120.998,75.9306]]],[[[-117.4625,76.0883],[-117.9355,75.7347],[-118.2707,75.6159],[-118.2024,75.6016],[-118.6139,75.5037],[-119.409,75.6016],[-118.6212,75.9221],[-117.7987,76.1116],[-117.4625,76.0883]]],[[[-110.0037,76.2264],[-110.3836,76.3005],[-110.3836,76.4309],[-110.0037,76.4862],[-110.0037,76.2264]]],[[[-110.0037,75.8787],[-110.0546,75.8965],[-110.0037,75.9114],[-110.0037,75.8787]]],[[[-110.0037,74.8526],[-110.6661,74.7913],[-110.589,74.7253],[-111.6575,74.5012],[-113.2211,74.4046],[-113.693,74.4445],[-114.4398,74.6837],[-113.9719,74.8076],[-113.2176,74.8459],[-113.33,74.8829],[-112.7978,74.9851],[-111.5858,75.0064],[-110.918,75.2324],[-112.3461,75.1215],[-112.4735,75.1498],[-112.3369,75.2255],[-112.5895,75.1833],[-112.5952,75.2499],[-112.6789,75.2795],[-112.6994,75.1423],[-112.8571,75.1098],[-113.8866,75.0582],[-113.929,75.1443],[-113.6453,75.1907],[-113.9395,75.1833],[-113.813,75.3239],[-113.7843,75.3397],[-113.6014,75.3654],[-113.3231,75.4167],[-113.3231,75.4241],[-113.8739,75.3738],[-114.0707,75.4749],[-114.0465,75.3664],[-114.1958,75.2252],[-114.5112,75.317],[-114.6151,75.2833],[-114.3033,75.1818],[-114.4408,75.0679],[-115.0577,74.9667],[-115.196,75.0024],[-115.1734,75.0995],[-115.2628,75.1833],[-115.4058,75.1029],[-115.6666,75.1485],[-115.5372,75.0399],[-115.7154,74.9704],[-116.2559,75.0604],[-116.0437,75.1287],[-116.3385,75.1156],[-116.2565,75.2112],[-116.7672,75.1222],[-117.6885,75.2597],[-117.2022,75.4808],[-116.0419,75.4848],[-115.0021,75.6985],[-116.1156,75.5778],[-117.249,75.6091],[-116.8854,75.789],[-114.8274,75.8794],[-116.7363,75.9374],[-116.4613,75.9784],[-116.7016,76.0405],[-116.6303,76.1204],[-116.1627,76.2038],[-114.667,76.164],[-115.927,76.2869],[-115.5123,76.4562],[-114.7005,76.5202],[-114.7626,76.4923],[-114.1593,76.4588],[-114.0909,76.3899],[-114.1798,76.3558],[-113.963,76.1906],[-112.9942,76.2733],[-112.4256,76.1708],[-112.5257,76.121],[-111.7268,75.9169],[-112.227,75.8145],[-111.4591,75.8419],[-111.5964,75.8145],[-111.3699,75.7326],[-111.4108,75.6159],[-111.2508,75.5219],[-110.0037,75.5447],[-110.0037,74.8526]]],[[[-114.837,76.7598],[-114.6316,76.8616],[-113.8461,76.8989],[-113.4535,76.7735],[-113.6732,76.7043],[-114.837,76.7598]]],[[[-119.2449,76.1132],[-119.4863,76.3611],[-119.7169,76.3353],[-119.5646,76.1718],[-119.7032,76.164],[-119.5524,76.123],[-119.8057,76.1156],[-119.486,75.9749],[-120.3874,75.8067],[-120.489,75.8471],[-120.3885,75.9722],[-120.6837,76.0062],[-120.7325,76.0551],[-120.6492,76.1025],[-120.7516,76.1025],[-120.6622,76.1435],[-120.865,76.201],[-121.0112,76.1389],[-120.9535,75.9582],[-121.1178,76.0001],[-121.2997,75.9108],[-121.8471,76.0452],[-122.4259,75.9328],[-122.7316,75.9784],[-122.483,76.1024],[-122.7049,76.1156],[-122.4926,76.1435],[-122.6058,76.1743],[-123.0407,76.0883],[-122.4032,76.4042],[-121.5119,76.4482],[-121.1873,76.6882],[-120.368,76.8145],[-120.4294,76.8691],[-119.1627,77.3249],[-117.8524,77.3904],[-117.9622,77.37],[-117.0392,77.2928],[-117.1814,77.3489],[-116.8131,77.3166],[-116.647,77.3904],[-117.154,77.4587],[-116.4067,77.5624],[-115.3926,77.3079],[-116.4005,77.1373],[-115.732,76.9486],[-116.3658,76.9318],[-115.8928,76.6984],[-117.0079,76.5522],[-117.0776,76.5196],[-116.9343,76.3558],[-117.1363,76.2902],[-117.5714,76.2716],[-118.0584,76.4104],[-117.9076,76.5334],[-117.9765,76.6022],[-117.9186,76.6933],[-117.7362,76.7803],[-117.8658,76.8233],[-118.4967,76.7189],[-118.3054,76.555],[-118.9463,76.5229],[-118.569,76.3452],[-118.8997,76.2751],[-118.9635,76.1357],[-119.2449,76.1132]]],[[[-114.2578,77.9894],[-113.577,77.815],[-114.3007,77.7133],[-115.1182,77.9597],[-114.3273,78.0808],[-114.2578,77.9894]]],[[[-110.0037,77.9314],[-110.9037,77.8532],[-110.72,77.7662],[-110.1079,77.7762],[-110.041,77.6444],[-110.2354,77.5042],[-111.9908,77.3293],[-113.1659,77.5151],[-113.2413,77.5823],[-113.0898,77.6232],[-113.2543,77.6716],[-113.186,77.7399],[-113.3231,77.8082],[-113.1411,77.9225],[-111.2781,78.09],[-110.0037,78.0993],[-110.0037,77.9314]]],[[[-110.0037,78.329],[-110.3324,78.286],[-111.1546,78.3905],[-111.4206,78.2765],[-111.7785,78.2702],[-112.1755,78.3774],[-113.0615,78.2744],[-113.3362,78.3364],[-112.682,78.4983],[-110.4269,78.7663],[-110.0037,78.6869],[-110.0037,78.329]]],[[[-136.2119,69.1793],[-136.0668,69.1285],[-136.0063,69.0903],[-136.2219,69.1057],[-136.2119,69.1793]]],[[[-135.8411,69.4957],[-135.5952,69.4484],[-135.8409,69.4814],[-135.8411,69.4957]]]]}},{"type":"Feature","properties":{"id":"RU-SA","name":"Sakha Republic","country":"Russia","iso":"RUS"},"geometry":{"type":"MultiPolygon","coordinates":[[[[161.3191,69.2427],[161.515,68.9346],[161.4092,68.8933],[161.4556,69.001],[161.1348,69.0919],[161.169,69.3253],[161.0925,69.4648],[161.3745,69.5459],[161.3191,69.2427]]],[[[161.6311,69.5611],[161.6157,69.4504],[161.3607,69.414],[161.4751,69.638],[161.6311,69.5611]]],[[[127.4048,73.5186],[127.6909,73.5429],[128.0633,73.4914],[127.7751,73.4926],[127.4048,73.5186]]],[[[111.2952,73.8691],[112.3718,73.7053],[112.9453,73.7905],[112.8229,73.9984],[113.1115,73.8922],[113.4305,73.6099],[113.1314,73.4497],[113.4946,73.3399],[113.5212,73.104],[113.4871,72.9637],[113.1177,72.8607],[113.1045,72.822],[113.1892,72.7219],[113.3682,72.6655],[114.0903,72.6007],[113.391,72.6806],[113.1582,72.8227],[113.5422,72.9774],[113.5623,73.2534],[114.0358,73.3473],[113.7751,73.3561],[113.4666,73.5049],[115.4131,73.7104],[118.4502,73.5888],[118.9976,73.4914],[118.4671,73.4781],[118.3464,73.4025],[118.4284,73.3747],[118.3942,73.238],[119.7225,72.9589],[120.5337,72.8742],[119.7638,73.0083],[121.7914,72.9769],[122.7322,72.8266],[122.3083,72.9414],[122.8726,72.8725],[122.9534,72.8915],[122.4304,72.9848],[122.6138,73.031],[123.138,72.918],[123.3381,72.9811],[123.4705,73.0854],[123.4009,73.1743],[123.6707,73.2033],[123.3318,73.3507],[123.4133,73.3909],[123.2181,73.4088],[123.4173,73.4435],[123.2461,73.5459],[123.5689,73.7161],[123.6455,73.603],[123.9995,73.6415],[123.8767,73.7725],[124.0596,73.6848],[124.3831,73.8064],[124.9866,73.6279],[125.1375,73.7042],[125.1975,73.5509],[125.6519,73.5255],[125.521,73.4572],[125.5625,73.4088],[126.2881,73.5573],[126.3911,73.464],[126.1707,73.4593],[126.2546,73.4025],[126.1585,73.3815],[126.4197,73.4095],[126.5652,73.2335],[126.6587,73.3026],[126.563,73.3815],[126.9324,73.4299],[126.8582,73.5334],[127.9876,73.4709],[127.8994,73.4361],[128.0769,73.4057],[127.9602,73.3473],[128.3403,73.361],[128.2346,73.2654],[128.9692,73.1774],[128.7774,73.0708],[129.1135,73.1216],[129.4789,72.9792],[128.2908,72.9086],[128.1292,72.7861],[129.3581,72.703],[129.1984,72.6552],[128.4792,72.7246],[127.9054,72.6671],[128.6113,72.4827],[129.2583,72.4639],[129.5007,72.3325],[129.3576,72.2629],[129.5641,72.2307],[129.242,72.1345],[129.489,72.1276],[128.9341,72.073],[128.4943,72.2028],[128.5288,72.2593],[127.6658,72.4301],[127.8644,72.3325],[127.7471,72.3256],[128.2494,72.2048],[128.9266,71.7388],[129.1839,71.8093],[129.0412,72.0188],[129.5437,71.723],[128.8205,71.6581],[129.2487,71.5499],[129.3921,71.3468],[129.7627,71.1476],[129.6262,71.0861],[130.0804,71.0834],[130.1673,70.9688],[130.6199,70.8664],[130.7689,70.9775],[130.8884,70.7628],[131.042,70.7388],[131.5462,70.8871],[131.8509,71.2082],[132.1883,71.2159],[131.9419,71.2674],[132.2642,71.682],[132.7178,71.9462],[133.0663,71.9713],[133.3414,71.8863],[133.0313,71.9551],[132.7151,71.8107],[133.1516,71.5792],[133.9087,71.3994],[134.739,71.368],[134.6506,71.2973],[134.6686,71.2643],[134.77,71.3669],[134.6965,71.4213],[134.8102,71.4818],[135.6216,71.6231],[136.4439,71.5759],[136.5469,71.4765],[136.7746,71.5234],[137.4922,71.3468],[137.4035,71.2847],[137.5325,71.2457],[137.7049,71.2847],[137.5261,71.2203],[137.813,71.1196],[138.0744,71.134],[137.7393,71.2295],[138.363,71.3189],[137.8286,71.3872],[138.0986,71.5814],[138.5003,71.6131],[138.4382,71.5386],[138.756,71.643],[139.0451,71.569],[139.1922,71.4151],[139.4434,71.4951],[140.0332,71.4721],[139.7345,71.6722],[139.6919,71.7918],[139.8093,71.8608],[139.3362,71.9495],[139.6345,71.9545],[139.8742,72.1782],[140.1971,72.2138],[139.2567,72.179],[139.3499,72.1345],[139.0892,72.2369],[139.5418,72.4976],[140.5765,72.4963],[141.1108,72.587],[140.9326,72.6007],[140.9915,72.7094],[140.5942,72.8929],[142.2317,72.7016],[145.4095,72.5559],[146.854,72.3542],[145.3529,72.3467],[144.9432,72.4382],[144.5208,72.225],[144.1055,72.2779],[144.4155,72.175],[145.0687,72.2643],[146.9292,72.3126],[145.9725,71.8563],[145.993,72.0297],[146.3469,72.1276],[146.0789,72.1704],[145.968,72.0705],[145.8801,72.2191],[145.6133,72.2443],[145.7503,72.2096],[145.6211,72.0803],[145.7913,72.0283],[145.8057,71.929],[145.3294,71.871],[144.971,71.9803],[145.216,71.8433],[144.8864,71.7714],[144.8932,71.6752],[146.0363,71.7864],[147.1956,72.3299],[148.402,72.3109],[149.7248,72.1208],[150.0742,71.8942],[149.7095,71.7729],[149.369,71.9038],[149.1487,71.7714],[148.834,71.8123],[149.0394,71.7578],[148.8272,71.6752],[149.9533,71.6699],[150.1021,71.5947],[149.9517,71.5916],[149.868,71.4622],[150.6707,71.4902],[150.5151,71.3464],[150.0269,71.2226],[150.0467,71.2097],[150.4087,71.285],[150.657,71.3903],[150.7389,71.394],[150.5949,71.2779],[151.0331,71.394],[151.4924,71.3332],[152.1367,71.0173],[151.6815,70.9759],[152.5408,70.7913],[155.4798,71.0616],[155.5298,70.9762],[155.6045,71.0657],[155.9364,71.0994],[157.9891,71.0475],[159.2378,70.8293],[159.8431,70.5815],[160.0942,70.3099],[159.9382,70.1285],[159.6886,70.134],[159.9146,70.0986],[159.6921,69.9109],[159.7691,69.762],[160.9255,69.6421],[161.0064,69.5773],[160.9212,69.4618],[161.0386,69.1949],[160.9629,69.1055],[161.4154,68.982],[161.1069,68.6052],[160.7795,68.5395],[161.1341,68.5614],[161.347,68.7014],[161.3191,68.7902],[161.5741,68.9211],[161.3993,69.2213],[161.4358,69.3799],[162.3272,69.702],[162.4455,69.6403],[162.3114,69.5398],[162.3681,69.4174],[162.7805,69.1939],[162.5098,69.1092],[162.5321,69.0047],[162.8469,68.8693],[162.5961,68.8006],[162.7232,68.6052],[162.4176,68.3091],[161.4062,68.4118],[160.997,68.301],[159.8501,68.2774],[158.2564,68.0685],[158.0531,67.8635],[158.3255,67.7487],[157.8059,67.7055],[157.6911,67.5395],[157.8848,67.4377],[157.7834,67.3462],[157.8604,67.272],[158.7026,67.0552],[158.9034,66.8078],[158.3606,66.4539],[158.529,66.3594],[158.3909,66.249],[158.477,66.1146],[157.7176,66.112],[157.3735,65.9961],[157.3903,65.9296],[157.1244,65.9151],[156.6308,66.2029],[156.3359,66.0628],[155.7735,66.1775],[155.17,66.209],[154.8853,66.1336],[154.3953,66.2046],[154.2161,66.0645],[154.3817,65.9442],[154.2599,65.8342],[153.4832,65.8255],[153.5313,65.7056],[153.3993,65.4971],[153.5239,65.4193],[153.4616,65.363],[152.6882,65.2334],[152.609,65.1521],[152.6544,65.0343],[152.4997,64.9383],[152.7482,64.6859],[152.3472,64.5238],[152.4138,64.4068],[152.2039,64.3571],[152.0158,64.5037],[151.48,64.4356],[151.3917,64.2956],[151.1751,64.3758],[150.631,64.3311],[150.6087,64.1662],[150.193,64.2239],[150.0256,64.359],[150.0861,64.4893],[149.8164,64.5673],[149.2191,64.4084],[148.6126,64.4209],[148.3025,64.5544],[148.0226,64.431],[148.0007,64.3627],[148.2589,64.2396],[147.9384,63.9436],[147.6105,64.0373],[147.6232,64.1683],[147.2981,64.1295],[147.2666,64.0526],[146.3905,64.2066],[146.1087,63.9416],[145.5533,63.8241],[145.6405,63.6671],[145.2517,63.1903],[145.366,62.9103],[145.3261,62.7544],[145.4798,62.548],[145.1243,62.4899],[145.1738,62.2764],[144.7545,62.1161],[144.5465,61.8597],[144.2224,61.7332],[143.9344,61.7569],[143.9272,61.9891],[143.6469,61.8699],[143.5608,61.9397],[143.6094,62.0247],[143.2132,62.1155],[142.9812,61.9056],[142.6811,61.9656],[142.4133,61.8713],[142.1773,62.0853],[141.8614,62.0271],[141.5448,62.1786],[141.2954,62.4351],[141.0886,62.4085],[140.7047,62.5727],[140.6276,62.4205],[140.3472,62.3875],[140.2796,62.0534],[139.9943,61.9777],[139.9531,61.8326],[139.5482,61.4817],[138.7346,61.3431],[138.6437,61.2693],[138.703,61.1931],[138.2916,61.11],[138.3458,61.0001],[138.1828,60.8894],[138.4375,60.6804],[138.2428,60.4927],[138.3291,60.3906],[138.2007,60.2367],[138.2731,59.9554],[138.1738,59.8312],[138.253,59.7125],[138.0349,59.6858],[137.9999,59.797],[137.6157,59.7398],[137.447,59.636],[137.4657,59.5553],[136.7587,59.3546],[135.7572,59.5288],[135.4217,59.3869],[135.1869,59.1162],[133.429,59.2756],[132.8364,59.1033],[132.8079,58.8802],[132.5993,58.891],[132.5213,58.7849],[132.5668,58.6456],[132.3719,58.5239],[132.417,58.482],[132.1242,58.4868],[132.1948,58.2425],[132.0085,58.1145],[132.1198,58.0465],[131.4687,58.1647],[132.0475,57.6611],[131.6931,57.5605],[131.7359,57.5093],[131.5059,57.2458],[131.2606,57.3048],[131.1017,57.2309],[131.4822,57.076],[131.7995,56.7224],[131.6739,56.6537],[131.7014,56.4591],[131.4974,56.5495],[131.4019,56.4216],[131.3065,56.4973],[131.1256,56.4105],[131.0926,56.2059],[130.8646,55.8995],[130.923,55.6786],[129.4741,55.7271],[129.0398,55.652],[129.0871,55.5281],[128.9565,55.4652],[128.4961,55.5167],[128.2222,55.6638],[127.6746,55.6832],[127.4775,55.5524],[127.1876,55.6908],[126.7245,55.5965],[126.6116,55.6531],[126.4226,55.5538],[126.0616,55.5846],[126.1275,55.6376],[126.0586,55.714],[125.8246,55.7949],[125.5463,55.7358],[125.2477,55.8796],[124.501,55.8762],[123.8857,56.3873],[123.2892,56.4235],[122.8875,56.5947],[122.5892,56.4896],[122.1596,56.7384],[121.5987,56.7439],[121.4202,56.973],[120.6555,57.0321],[119.8984,56.8894],[119.6453,57.0023],[119.6863,57.1684],[119.4046,57.4319],[119.4952,57.5859],[119.3212,57.6101],[119.1787,57.5055],[119.1557,57.6944],[119.0449,57.7333],[119.1598,58.0416],[119.0687,58.3573],[119.1324,58.4723],[118.7763,58.604],[118.8933,58.8048],[118.7855,58.9],[118.8495,59.009],[118.7072,59.0638],[118.6887,59.1915],[118.8459,59.2911],[118.7546,59.4078],[118.2826,59.6093],[118.0583,59.5826],[117.8831,59.4419],[117.758,59.5394],[117.5975,59.4723],[117.0893,59.5884],[117.2297,59.8043],[117.0645,59.9188],[117.3019,60.0139],[117.0543,60.0354],[116.5824,60.3599],[115.7089,60.5248],[115.2382,60.447],[114.8359,60.1904],[114.6971,60.2192],[114.5431,60.1078],[114.5695,60.0006],[114.1748,59.7535],[113.5918,59.5652],[113.4243,59.3827],[113.461,59.2616],[113.2642,59.1569],[112.5691,59.0671],[112.6164,58.9622],[112.5026,58.8704],[112.4515,59.1252],[112.6311,59.3105],[112.2931,59.3006],[112.2706,59.5004],[111.9421,59.2739],[111.6372,59.2076],[110.6851,59.2546],[110.5312,59.0587],[110.2783,58.984],[109.8222,58.9813],[109.6364,59.066],[109.5046,59.2926],[109.2613,59.3213],[109.3478,59.4096],[109.2682,59.4614],[109.5233,59.6362],[109.5005,59.7591],[109.7639,60.027],[109.732,60.2251],[110.1162,60.5871],[110.0459,60.6676],[110.2668,60.6965],[110.2351,60.8249],[110.517,61.085],[109.8002,61.3165],[109.8701,61.5329],[109.62,61.7181],[109.6037,61.8843],[109.9995,62.1635],[109.9361,62.2389],[109.9973,62.2882],[109.9023,62.4136],[109.487,62.411],[109.2672,62.5235],[109.6469,62.8262],[109.4716,62.9318],[109.3647,63.3542],[109.0422,63.5523],[108.1249,63.58],[108.2975,63.8105],[108.6477,63.7868],[108.7664,63.8604],[108.6879,63.9142],[108.7315,63.9836],[108.495,64.1157],[108.4675,64.2817],[107.9677,64.1699],[107.6068,64.2943],[107.328,64.2486],[106.6216,64.5104],[106.1699,64.4011],[106.042,64.5129],[105.7907,64.4887],[105.707,64.6584],[105.8753,64.6585],[105.8477,64.7913],[106.0067,64.8188],[105.9508,64.8939],[106.2202,64.8572],[105.9833,65.028],[106.4982,65.2047],[106.4435,65.3085],[106.8289,65.3751],[106.9582,65.5022],[106.4203,65.6714],[106.4713,66.0074],[106.3416,66.1524],[106.1166,66.1986],[106.1033,66.3783],[106.3219,66.4789],[106.254,66.6973],[106.1427,66.7405],[106.1844,66.8006],[106.0089,66.7918],[106.0566,66.896],[105.5402,67.0234],[105.8938,67.0437],[106.0547,67.1672],[106.4923,67.2838],[106.6668,67.2454],[106.8024,67.3482],[106.89,68.8599],[106.1454,69.4231],[106.4554,69.5713],[106.8386,69.5182],[107.9252,69.6812],[108.2906,69.8568],[109.237,69.7759],[109.509,70.0335],[109.3517,70.0734],[109.2815,70.2123],[109.5355,70.264],[109.6015,70.3782],[110.2632,70.4274],[110.1105,70.4823],[110.1028,70.6319],[110.5394,70.8006],[111.3349,70.8553],[112.0764,71.0612],[112.2494,71.0033],[112.6949,71.2173],[112.0,71.4078],[111.9961,72.1327],[111.7636,72.1435],[111.5555,72.3165],[111.0567,72.3806],[111.2954,72.5033],[110.7017,72.6505],[110.6088,72.7858],[110.6953,72.826],[110.6274,72.8945],[110.9013,73.0505],[110.7704,73.1713],[110.3968,73.1936],[110.5926,73.2635],[110.5356,73.3168],[110.1576,73.395],[110.5378,73.4062],[111.0849,73.5876],[110.8777,73.7679],[111.2952,73.8691]]],[[[162.3456,70.6621],[162.4841,70.6541],[162.2378,70.6541],[162.3456,70.6621]]],[[[161.5305,70.8416],[161.6946,70.7504],[161.4631,70.805],[161.5305,70.8416]]],[[[160.7235,70.8384],[160.5041,70.805],[160.5528,70.8848],[160.408,70.9143],[160.6744,70.9142],[160.7235,70.8384]]],[[[136.9919,71.5175],[137.9658,71.5107],[137.6934,71.4194],[136.9919,71.5175]]],[[[128.1037,72.6347],[128.9745,72.5938],[128.6533,72.5275],[128.1037,72.6347]]],[[[128.3171,72.8123],[128.9941,72.9325],[129.4171,72.8126],[129.207,72.7619],[128.3171,72.8123]]],[[[120.2786,73.1009],[119.7207,73.0338],[119.6345,73.1282],[120.022,73.1681],[120.2786,73.1009]]],[[[143.4409,73.4088],[143.5651,73.2311],[143.1749,73.1766],[140.7886,73.41],[139.9651,73.3266],[139.7671,73.4183],[140.4933,73.485],[141.1272,73.8817],[142.0452,73.9166],[143.4072,73.5428],[143.537,73.4435],[143.4409,73.4088]]],[[[124.381,73.9394],[124.6607,73.892],[124.2879,73.8809],[124.381,73.9394]]],[[[136.259,73.9575],[136.1353,73.8792],[135.354,74.2591],[136.0108,74.1035],[136.259,73.9575]]],[[[141.0978,74.1492],[141.0378,74.0039],[140.5451,73.9158],[140.3267,73.9386],[140.1647,74.0706],[140.2219,74.2201],[140.3499,74.2542],[140.8914,74.2765],[141.0978,74.1492]]],[[[116.0983,74.3547],[116.053,74.2852],[115.8858,74.3236],[115.9807,74.3775],[116.0983,74.3547]]],[[[113.4058,74.444],[113.2201,74.2448],[112.7749,74.0881],[111.4592,74.3137],[111.9513,74.3708],[112.0073,74.5382],[112.1101,74.5512],[113.4058,74.444]]],[[[150.5003,75.0945],[150.958,75.1423],[150.6541,75.0079],[150.6092,74.8935],[149.209,74.758],[148.1721,74.8035],[146.0718,75.2403],[146.1686,75.3962],[146.4071,75.4713],[146.3415,75.5226],[146.4362,75.5967],[146.7708,75.5067],[146.6343,75.4377],[146.7967,75.3664],[148.4077,75.4211],[148.5801,75.3825],[148.4445,75.2873],[148.6104,75.2155],[150.1294,75.2255],[150.5608,75.1287],[150.5003,75.0945]]],[[[137.0813,75.5682],[136.9676,75.6018],[136.9698,75.609],[137.0813,75.5682]]],[[[136.9846,75.6216],[137.1399,75.6528],[136.9702,75.6097],[136.9846,75.6216]]],[[[135.9914,75.5272],[135.9834,75.4172],[135.45,75.3757],[135.6931,75.8693],[135.8648,75.7047],[136.1843,75.6159],[135.9914,75.5272]]],[[[145.3662,75.5402],[144.7293,75.4316],[144.6777,75.3278],[144.9411,75.2733],[144.3763,75.053],[143.9985,75.025],[142.8845,75.1468],[142.4943,75.3757],[142.5345,75.4765],[143.0135,75.6024],[143.0011,75.708],[142.3379,75.7257],[142.4341,75.678],[142.0083,75.6227],[142.1397,75.5952],[142.0806,75.5347],[142.187,75.4713],[142.1629,75.3791],[142.4395,75.2031],[142.6687,75.088],[143.7078,74.9475],[142.514,74.8174],[141.9741,74.9338],[142.3645,74.9306],[142.1987,75.0042],[141.8438,74.999],[140.0687,74.8279],[139.652,74.9808],[139.4585,74.9306],[139.5166,74.8559],[139.6448,74.8891],[139.4963,74.7676],[139.1272,74.6523],[137.8953,74.8462],[137.7938,74.9754],[137.1341,75.1415],[136.8622,75.362],[137.4224,75.3698],[137.1433,75.4102],[137.301,75.4713],[137.1807,75.5507],[137.2936,75.6016],[137.0676,75.7258],[137.7427,75.7491],[137.433,75.9532],[138.3766,76.1572],[138.4321,76.0634],[138.5327,76.1861],[139.0488,76.2391],[138.8973,76.2187],[139.1096,76.0969],[139.8254,75.97],[139.9116,75.9374],[139.7986,75.8862],[139.9561,75.8358],[140.5095,75.7905],[140.4758,75.6403],[141.0623,75.6501],[140.8644,75.7388],[141.001,76.0474],[141.6247,76.0131],[141.3101,76.1845],[142.5469,75.863],[143.9471,75.8348],[145.3662,75.5402]]],[[[149.4535,76.7688],[149.2001,76.6268],[148.4318,76.6293],[149.4535,76.7688]]],[[[152.8753,76.1514],[152.7734,76.0834],[152.5549,76.1393],[152.8293,76.1962],[152.8753,76.1514]]],[[[156.5503,77.1258],[156.6533,77.0842],[156.4917,77.0982],[156.5503,77.1258]]],[[[161.8938,69.6538],[161.8669,69.5546],[161.6656,69.6205],[161.6672,69.6367],[161.8938,69.6538]]]]}},{"type":"Feature","properties":{"id":"RU-SPE","name":"Saint Petersburg","country":"Russia","iso":"RUS"},"geometry":{"type":"MultiPolygon","coordinates":[[[[29.6971,59.95],[30.162,59.8685],[30.2461,59.9749],[29.9483,60.0297],[29.849,60.1669],[29.4466,60.2108],[29.633,60.266],[30.3904,60.1227],[30.3499,60.0626],[30.5273,59.9703],[30.5117,59.8624],[30.7477,59.7257],[30.2594,59.6099],[29.6796,59.8689],[29.6971,59.95]]],[[[29.7136,60.0219],[29.7869,59.9751],[29.6574,60.0255],[29.7136,60.0219]]]]}},{"type":"Feature","properties":{"id":"RU-ARK","name":"Arkhangelsk","country":"Russia","iso":"RUS"},"geometry":{"type":"MultiPolygon","coordinates":[[[[36.5234,63.9714],[37.4378,63.7923],[38.0881,64.0349],[37.902,64.2399],[38.0262,64.2952],[37.9567,64.3641],[37.749,64.4417],[37.2862,64.3522],[36.5598,64.7174],[36.5042,64.8358],[36.5725,64.8296],[36.44,64.9171],[36.8074,64.9591],[36.82,65.1471],[37.2174,65.1402],[38.0464,64.8537],[38.385,64.8446],[38.403,64.7744],[38.0666,64.7812],[38.1257,64.6959],[38.0481,64.6459],[38.4725,64.7435],[38.448,64.8179],[39.5665,64.5453],[39.9236,64.603],[39.7864,64.5969],[39.8504,64.676],[40.1817,64.5587],[40.5171,64.5414],[40.4109,64.7368],[40.5173,64.7741],[39.7409,65.3565],[39.7493,65.5521],[40.7101,65.9723],[41.6436,66.1728],[42.2009,66.5322],[42.6615,66.4433],[42.5486,66.3851],[43.3021,66.426],[43.6926,66.2372],[43.2883,66.0902],[43.3528,66.0415],[43.5149,65.9742],[43.3823,66.0719],[43.8364,66.1858],[44.0457,66.081],[44.1797,65.8643],[44.0794,66.2067],[44.1659,66.373],[44.3032,66.413],[47.1545,65.8157],[47.7261,65.8189],[47.7532,65.9407],[48.1563,66.1303],[49.006,66.1191],[48.9987,65.2403],[49.6058,65.2892],[50.063,64.8902],[50.4674,64.7916],[50.3147,64.5124],[49.5954,64.5914],[49.4501,64.463],[48.95,64.4906],[48.8402,64.3573],[48.5183,64.3555],[48.4083,64.2242],[48.1962,64.2389],[48.1158,64.3481],[46.6114,64.3266],[45.4271,64.1717],[45.8836,63.9643],[46.8192,63.747],[47.0213,63.5592],[46.9468,63.3416],[47.5546,63.1485],[47.4357,62.9727],[47.0826,62.8396],[47.2377,62.6357],[47.2349,62.3515],[47.3863,62.3204],[47.4134,62.1928],[47.621,62.1855],[47.7511,62.3218],[48.2908,62.3216],[48.2345,62.4641],[48.3661,62.7293],[48.657,62.7071],[48.7145,62.8155],[48.8751,62.8291],[49.609,62.7702],[49.3694,62.1494],[49.2165,62.0969],[49.0516,61.691],[49.4614,61.5861],[49.3139,61.1879],[48.5093,61.0477],[48.419,60.8538],[47.9842,60.8965],[47.958,61.0073],[47.5685,61.0591],[47.1961,61.0483],[47.0727,60.8601],[46.9465,60.857],[46.5085,61.0637],[46.2851,60.9678],[45.8782,61.0163],[45.7666,61.0546],[45.7867,61.1668],[45.3788,61.2055],[45.2291,60.9039],[44.2058,60.9718],[44.1673,61.0797],[44.053,61.0792],[43.776,61.0208],[43.7469,60.8948],[43.5249,60.8472],[43.5109,60.7675],[42.9799,60.7369],[42.6505,60.8631],[42.3948,60.7694],[41.9472,60.8349],[41.9235,60.9175],[41.3941,60.858],[41.343,60.646],[40.7465,60.7796],[39.9538,60.65],[39.6367,60.7465],[39.1767,60.7142],[39.1906,60.6529],[38.9572,60.8069],[38.6613,60.7114],[38.4209,60.8112],[38.3723,60.9505],[38.213,60.924],[38.1786,61.1259],[37.9694,61.1437],[37.8574,61.2846],[37.762,61.6482],[37.8815,61.7182],[37.9295,61.9621],[37.8077,61.9976],[37.7293,62.1998],[37.4288,62.2132],[37.5903,62.4536],[37.5049,62.6453],[37.0978,62.6519],[36.5005,62.826],[36.2589,63.0318],[36.4123,63.2056],[36.262,63.2355],[36.2198,63.4165],[35.8574,63.5987],[36.4693,63.6755],[36.5567,63.7695],[36.5234,63.9714]]],[[[51.4095,71.8061],[51.61,72.0917],[51.8657,72.1587],[52.3684,72.0753],[52.3684,72.1624],[52.4901,72.1642],[52.4165,72.2893],[52.6843,72.3226],[52.5807,72.3741],[52.7229,72.3452],[52.8682,72.3467],[52.69,72.3672],[52.6841,72.4469],[52.8203,72.4504],[52.68,72.4787],[53.1021,72.6007],[52.724,72.559],[52.8118,72.6139],[52.7549,72.6384],[53.2181,72.6484],[52.3753,72.7304],[52.6167,72.8632],[53.382,72.8886],[53.1419,72.9625],[53.382,73.0115],[53.1219,73.1009],[53.3225,73.2209],[54.1908,73.2722],[54.9348,73.4254],[55.3042,73.3393],[56.4352,73.2301],[56.582,73.1296],[55.8084,73.0661],[56.4662,73.0525],[56.3772,73.0067],[55.6165,72.9637],[56.2518,72.9724],[56.2199,72.8266],[55.4807,72.8058],[55.9461,72.6689],[55.6165,72.6968],[55.7235,72.6383],[55.6182,72.5422],[55.2671,72.587],[55.5361,72.4725],[55.1156,72.4504],[55.4657,72.4362],[55.377,72.3027],[55.575,72.1997],[55.3428,72.0656],[55.4526,72.0588],[55.3905,71.9427],[55.2254,71.929],[55.5064,71.898],[55.6721,71.611],[56.1057,71.259],[57.0387,70.8698],[57.6387,70.7299],[57.4326,70.7436],[57.5393,70.7048],[57.4525,70.6064],[56.7405,70.7026],[57.2957,70.5647],[56.5853,70.6423],[56.4935,70.6951],[56.5521,70.754],[56.1992,70.7094],[56.6546,70.59],[56.514,70.5449],[55.8084,70.6951],[56.0479,70.5853],[55.7192,70.6114],[55.6253,70.6337],[55.6028,70.6479],[55.7915,70.6337],[55.738,70.7076],[55.5994,70.7214],[55.6937,70.6987],[55.7468,70.6479],[55.4048,70.7504],[55.3496,70.7026],[55.4207,70.6962],[55.4725,70.6541],[55.25,70.6785],[55.2956,70.6064],[55.1626,70.5531],[54.5134,70.8254],[54.5681,70.777],[54.4788,70.736],[54.7674,70.6479],[54.287,70.777],[53.5397,70.805],[53.3001,70.8664],[53.7048,70.8459],[53.7246,70.9688],[53.5017,71.0944],[54.244,71.1229],[53.9922,71.1606],[54.1641,71.2097],[54.0645,71.237],[53.7959,71.1553],[53.4509,71.2643],[53.9512,71.4622],[53.4133,71.3118],[53.2517,71.456],[53.4441,71.5455],[53.113,71.4224],[53.0296,71.4996],[52.8823,71.394],[52.6099,71.4687],[52.5472,71.6348],[52.3684,71.5349],[52.4163,71.4765],[52.2688,71.588],[52.1419,71.5455],[52.2791,71.4765],[51.8403,71.456],[51.5324,71.5659],[51.4095,71.8061]]],[[[56.987,74.6905],[55.8327,74.8],[56.6785,74.9487],[56.2949,74.9648],[56.4206,75.0373],[55.9033,74.9913],[55.9461,75.074],[55.7263,75.0815],[56.0711,75.2189],[56.5304,75.0784],[56.9071,75.2402],[56.758,75.3184],[57.0462,75.3981],[57.7411,75.3279],[57.5008,75.4992],[58.1647,75.5784],[57.9255,75.629],[58.931,75.8676],[60.3477,76.0057],[60.0427,76.0541],[60.2681,76.1101],[60.8384,76.123],[60.4684,76.0131],[60.7347,76.0054],[61.1458,76.1161],[60.8997,76.1572],[61.0769,76.28],[62.3825,76.2712],[62.5037,76.1777],[62.7795,76.2707],[62.9568,76.2069],[63.7192,76.3497],[64.0908,76.3128],[65.4849,76.5749],[65.9988,76.5334],[65.7534,76.6828],[67.5881,77.0134],[68.4629,76.9667],[69.0339,76.7121],[68.7876,76.5886],[68.9383,76.5681],[68.1777,76.3146],[68.2879,76.2813],[63.7617,75.6416],[63.6484,75.7195],[63.552,75.7115],[63.6204,75.6911],[63.3044,75.5886],[61.6942,75.3757],[61.4817,75.2235],[61.2766,75.3279],[60.8128,75.1461],[60.7248,75.0277],[60.5915,75.0342],[60.5711,75.1179],[60.416,75.0109],[59.9273,75.0058],[60.6875,74.9238],[60.1941,74.855],[60.3723,74.7935],[60.2764,74.7497],[59.5088,74.7998],[59.8726,74.6768],[59.7552,74.5875],[59.0905,74.7383],[59.2898,74.6426],[59.0837,74.6489],[59.2214,74.6154],[59.0912,74.4949],[59.1458,74.444],[58.1868,74.5812],[58.6387,74.4236],[58.5705,74.3889],[58.728,74.2386],[58.2922,74.2216],[58.522,74.1492],[58.308,74.0876],[58.1621,74.1504],[58.0974,74.0599],[58.2134,74.0084],[58.1233,73.9867],[57.7393,74.0509],[57.5317,74.1918],[57.4121,74.184],[57.5357,74.094],[57.2608,74.0803],[57.9119,73.9158],[57.8094,73.8954],[57.946,73.8066],[57.7487,73.726],[57.3954,73.8455],[56.5557,73.8886],[57.3499,73.8276],[57.6175,73.6689],[57.3501,73.5534],[56.7351,73.6802],[56.8504,73.6148],[56.7468,73.6074],[57.2539,73.4572],[56.9085,73.3147],[56.7493,73.3615],[56.7298,73.2445],[56.1209,73.29],[55.9175,73.4484],[55.9865,73.3852],[55.924,73.312],[54.9001,73.4484],[54.25,73.3283],[54.0331,73.3747],[54.2936,73.4177],[54.4173,73.4777],[54.1846,73.4914],[54.5415,73.611],[55.3496,73.7172],[54.53,73.7042],[54.2808,73.6005],[53.6311,73.7596],[54.8015,73.9704],[54.5886,74.0189],[55.0189,74.173],[55.8644,74.1059],[55.0759,74.2659],[55.7468,74.2963],[55.2329,74.3758],[55.3884,74.4451],[56.2874,74.4917],[55.6569,74.5198],[55.4998,74.567],[55.5296,74.6549],[56.987,74.6905]]],[[[42.5045,66.7779],[42.668,66.6667],[42.4265,66.752],[42.5045,66.7779]]],[[[56.843,70.6064],[57.2217,70.5261],[57.0637,70.5024],[56.843,70.6064]]],[[[53.2318,71.2159],[53.0469,71.0725],[53.1393,70.9936],[53.0098,70.9682],[52.7564,71.1767],[52.2118,71.3081],[52.7411,71.4058],[52.9097,71.3673],[53.0195,71.2813],[52.862,71.3537],[52.8031,71.3723],[52.7446,71.3742],[52.8755,71.3332],[52.7793,71.3189],[53.2318,71.2159]]],[[[51.2012,80.0109],[51.5051,79.9334],[50.0453,79.9744],[51.001,80.1025],[51.2648,80.0563],[51.2012,80.0109]]],[[[50.3356,80.1816],[49.8831,80.0699],[49.5313,80.1588],[49.8986,80.234],[50.3356,80.1816]]],[[[55.7949,80.6423],[55.4317,80.7143],[56.5304,80.7871],[56.9461,80.6938],[55.7949,80.6423]]],[[[46.6873,80.5293],[46.084,80.4399],[46.0437,80.5736],[45.5153,80.5198],[44.8574,80.6174],[47.5363,80.8567],[48.4963,80.7981],[48.6548,80.7552],[48.4556,80.7273],[48.764,80.6596],[48.0637,80.6624],[47.7488,80.7705],[47.3042,80.6528],[47.4307,80.5938],[46.6326,80.556],[46.6873,80.5293]]],[[[62.2219,80.8132],[62.2595,80.7414],[62.0374,80.6658],[62.116,80.6224],[61.0446,80.4052],[60.3074,80.4956],[59.6364,80.4312],[59.242,80.5293],[59.3723,80.5703],[59.2214,80.6528],[59.6939,80.8371],[60.362,80.79],[61.6026,80.8957],[62.2219,80.8132]]],[[[59.0291,80.8241],[57.8157,80.8099],[58.7459,80.9027],[59.0291,80.8241]]],[[[55.9865,80.8037],[54.8767,80.7211],[53.9803,80.8162],[55.097,80.9028],[55.9865,80.8037]]],[[[51.6893,80.7273],[50.9496,80.5368],[49.6753,80.4815],[49.8162,80.401],[48.8395,80.3878],[48.627,80.2953],[49.1072,80.1895],[48.5283,80.2091],[48.3724,80.0918],[47.6277,80.0722],[48.0851,80.2072],[47.1018,80.1703],[46.6184,80.2953],[47.0886,80.3716],[48.133,80.3265],[47.6195,80.4052],[48.2358,80.4269],[47.3794,80.4536],[48.3755,80.5711],[49.1882,80.5214],[49.4071,80.6174],[49.2849,80.6453],[49.631,80.6396],[49.682,80.7211],[48.9553,80.7348],[50.2372,80.9335],[50.443,80.9061],[49.9973,80.8651],[50.856,80.9185],[51.0452,80.8515],[50.2512,80.7416],[51.6893,80.7273]]],[[[58.6537,81.0438],[58.367,80.9459],[57.841,81.0477],[58.0695,81.1115],[58.6537,81.0438]]],[[[57.3364,80.8918],[56.8967,81.0161],[56.0956,81.091],[56.7029,81.1131],[58.2824,80.9265],[57.3364,80.8918]]],[[[55.3806,80.9686],[54.4173,81.0084],[54.6709,81.1252],[55.5203,81.0084],[56.0192,81.0436],[57.7161,80.7932],[57.0588,80.6918],[56.6685,80.8092],[55.7988,80.8544],[55.3806,80.9686]]],[[[50.4766,81.07],[50.3474,81.091],[50.5296,81.1679],[50.9768,81.1059],[50.3743,81.0228],[50.4766,81.07]]],[[[58.5705,81.4132],[56.7405,81.4535],[57.784,81.5648],[58.5705,81.4132]]],[[[63.4675,81.5891],[62.1065,81.6801],[63.8059,81.6601],[63.4675,81.5891]]],[[[59.44,81.8178],[57.8913,81.708],[58.1453,81.7768],[57.9397,81.8036],[58.1561,81.8303],[59.44,81.8178]]],[[[58.7317,75.9169],[59.2625,75.9654],[58.6932,75.9033],[58.7317,75.9169]]],[[[59.3721,79.9197],[58.7687,80.0211],[59.5291,80.1209],[59.9273,79.9949],[59.3721,79.9197]]],[[[55.7121,80.1035],[56.0191,80.1818],[55.9728,80.3232],[56.1299,80.3512],[57.022,80.364],[57.1536,80.199],[57.0469,80.1544],[57.1179,80.096],[56.9568,80.0663],[55.7121,80.1035]]],[[[53.4899,80.1718],[52.1829,80.2761],[53.1496,80.4126],[53.8695,80.2709],[53.4899,80.1718]]],[[[58.4065,80.1656],[57.2777,80.1784],[57.2428,80.4115],[56.9461,80.4815],[58.4524,80.4681],[59.2761,80.33],[58.391,80.3202],[58.0769,80.2618],[58.4749,80.2224],[58.4065,80.1656]]],[[[53.798,80.4729],[53.9729,80.5293],[53.8833,80.6107],[54.2691,80.5887],[54.1361,80.556],[54.4651,80.4815],[53.798,80.4729]]],[[[60.0227,80.9954],[60.6128,81.0925],[61.7017,81.1053],[60.9878,80.922],[60.0227,80.9954]]],[[[62.5037,80.8241],[64.0365,80.9869],[64.186,81.019],[64.1204,81.0936],[64.2747,81.1691],[64.7048,81.2053],[65.2298,81.1367],[65.4657,80.9349],[64.5867,80.7552],[63.1307,80.6831],[62.5037,80.8241]]],[[[56.9944,81.1662],[57.8879,81.2456],[58.0838,81.2145],[57.7004,81.1372],[56.9944,81.1662]]],[[[55.6468,81.2003],[55.4317,81.2834],[56.5448,81.2548],[56.3359,81.3852],[56.7262,81.3972],[57.905,81.2971],[56.6145,81.1785],[55.6468,81.2003]]],[[[59.3854,81.3306],[58.4641,81.3349],[59.0179,81.4034],[59.3854,81.3306]]],[[[61.654,81.6049],[62.1411,81.5861],[62.1963,81.5648],[61.654,81.6049]]],[[[40.4314,64.6127],[40.1948,64.5742],[40.0547,64.6525],[39.8242,64.6798],[40.1885,64.7082],[40.3023,64.6355],[40.4314,64.6127]]],[[[39.9497,64.7419],[39.9805,64.7294],[39.9437,64.728],[39.9497,64.7419]]],[[[40.4067,64.6425],[40.0348,64.7606],[40.3335,64.7724],[40.4067,64.6425]]],[[[53.2399,71.3544],[53.3954,71.2805],[53.1615,71.3549],[53.2399,71.3544]]],[[[58.6139,79.9794],[58.8704,79.9013],[58.2483,79.9334],[58.6139,79.9794]]],[[[60.0523,80.1877],[60.2105,80.1492],[59.8913,80.1754],[60.0523,80.1877]]],[[[54.4077,80.2848],[54.1781,80.1893],[54.1012,80.2729],[54.1935,80.3071],[54.4077,80.2848]]],[[[55.4988,80.3168],[55.2349,80.2279],[54.9297,80.2596],[55.2964,80.3322],[55.4988,80.3168]]],[[[54.9875,80.4144],[55.245,80.4385],[55.2705,80.4094],[55.1299,80.3743],[54.9875,80.4144]]],[[[54.8418,80.4313],[54.7715,80.393],[54.3904,80.3865],[54.6267,80.4772],[54.8418,80.4313]]],[[[54.9819,80.4489],[54.6224,80.5113],[55.073,80.4841],[54.9819,80.4489]]],[[[59.0977,81.2131],[59.7555,81.17],[58.9946,81.1982],[59.0977,81.2131]]],[[[60.5628,81.2736],[60.4323,81.2444],[59.8406,81.2916],[60.032,81.3111],[60.5628,81.2736]]],[[[58.493,81.5791],[58.2757,81.5927],[58.7023,81.6126],[58.493,81.5791]]],[[[38.0366,61.0209],[38.0875,61.0416],[38.1248,61.0174],[38.0366,61.0209]]]]}},{"type":"Feature","properties":{"id":"RU-KYA","name":"Krasnoyarsk Krai","country":"Russia","iso":"RUS"},"geometry":{"type":"MultiPolygon","coordinates":[[[[78.4474,72.3476],[79.5138,72.3622],[80.8346,72.0833],[80.6323,72.0461],[81.7367,71.6999],[82.8674,71.7864],[83.2517,71.7257],[83.3052,71.6584],[83.012,71.529],[83.0479,71.4151],[82.2726,71.2788],[82.3528,71.0963],[82.2083,70.9868],[82.4172,70.777],[82.082,70.5654],[82.3489,70.2023],[82.1572,70.5716],[82.4646,70.6132],[82.4309,70.6951],[82.5542,70.7615],[82.4787,70.805],[82.5786,70.9111],[82.8766,70.917],[82.9016,71.001],[83.1338,70.8824],[83.1372,70.764],[82.9932,70.5716],[83.0105,70.4266],[82.6438,70.1812],[83.1494,70.0765],[83.1297,70.2086],[82.9517,70.3251],[83.5344,70.332],[83.7747,70.4766],[83.3818,71.0327],[83.1161,71.1135],[83.257,71.1165],[83.1476,71.2448],[83.6189,71.6312],[83.3605,71.8406],[82.6781,71.8795],[82.1851,72.0935],[82.3074,72.1828],[82.1981,72.2816],[81.2082,72.3549],[80.7041,72.5454],[80.8345,72.6205],[80.6321,72.7338],[80.773,72.8061],[80.8143,72.9743],[80.4372,73.1009],[80.5686,73.1415],[80.2311,73.176],[80.5635,73.2215],[80.2549,73.3297],[80.6774,73.5049],[80.5055,73.4981],[80.513,73.567],[84.7932,73.7647],[85.427,73.7119],[85.5855,73.8187],[86.0161,73.8665],[87.0801,73.8715],[87.0108,73.7787],[85.7868,73.4808],[85.8332,73.3318],[86.6633,73.1221],[86.7825,73.0009],[86.6597,73.1518],[85.9339,73.3239],[85.844,73.4398],[86.2036,73.5578],[87.1648,73.6114],[87.6641,73.8909],[87.2964,73.8414],[86.9402,74.0331],[87.4199,74.0121],[87.3623,74.0478],[86.8958,74.0702],[86.7239,74.1321],[86.803,74.184],[86.7114,74.2244],[86.02,74.2625],[85.9055,74.3547],[86.2971,74.3131],[86.0495,74.4162],[86.4753,74.4582],[86.9539,74.3889],[86.7158,74.3018],[87.2624,74.3547],[86.5355,74.5124],[86.7825,74.5607],[85.7404,74.6359],[86.1011,74.7358],[86.0283,74.814],[86.0906,74.8208],[86.9575,74.6088],[86.9539,74.6837],[86.7621,74.7041],[87.0637,74.7253],[87.0613,74.8397],[87.3858,74.9443],[87.1729,74.9853],[87.5741,74.9297],[87.7899,75.0263],[86.8986,75.0877],[87.0246,75.1642],[87.9526,75.1],[88.626,75.2665],[88.5503,75.3143],[88.6117,75.3442],[89.0852,75.403],[88.7572,75.4167],[89.2458,75.5067],[89.7036,75.4435],[89.6128,75.4924],[90.0579,75.5197],[89.9541,75.5776],[91.5803,75.6378],[91.7002,75.7364],[92.3713,75.7405],[93.5498,75.853],[94.1631,75.9443],[93.5461,75.9534],[93.419,75.8729],[93.2774,75.9821],[92.964,75.9306],[93.1079,75.9108],[93.007,75.8867],[92.8268,75.9654],[92.9525,76.0668],[93.2308,76.0541],[93.1209,76.0957],[93.4303,76.1069],[93.3338,76.0678],[93.427,76.012],[93.9987,76.0541],[93.6858,76.1323],[94.4595,76.0517],[94.7385,76.1156],[94.5728,76.16],[96.1965,76.0876],[95.5752,75.889],[95.7395,75.8564],[96.3011,75.9993],[96.6646,75.9654],[96.4614,75.8719],[96.8352,75.889],[97.251,76.0434],[97.3968,76.0473],[97.1853,75.9306],[97.8239,75.9881],[97.5483,76.0541],[98.1614,76.0908],[97.9177,76.123],[98.8164,76.267],[98.7127,76.205],[99.235,76.2236],[99.2956,76.205],[99.0902,76.164],[99.5742,76.1551],[99.4675,76.1087],[99.7549,76.049],[99.6792,75.876],[99.424,75.7934],[99.5706,75.7797],[99.9024,75.9272],[99.8657,76.1077],[98.8179,76.4942],[100.3045,76.4619],[100.8511,76.5401],[101.0156,76.4588],[102.2495,76.3831],[100.8783,76.555],[101.1048,76.6164],[101.2346,76.7673],[100.8577,76.8732],[100.9193,76.9759],[101.2063,76.986],[101.207,77.0985],[102.0431,77.3806],[103.1966,77.6589],[104.7516,77.7062],[105.3342,77.541],[105.8737,77.5686],[105.9773,77.4252],[106.292,77.37],[105.7581,77.3695],[105.4558,77.2405],[104.1419,77.0889],[105.9285,77.1441],[105.4354,77.0001],[106.8298,77.0547],[107.4998,76.9245],[106.7241,76.7189],[106.7991,76.6745],[106.6123,76.5596],[106.3967,76.6043],[106.417,76.5092],[107.8455,76.5348],[107.9846,76.6227],[107.9021,76.6711],[107.9461,76.7373],[110.0614,76.6916],[111.0903,76.7623],[111.1194,76.6821],[111.5554,76.6841],[111.4456,76.6301],[112.1991,76.4719],[111.8291,76.3415],[112.2568,76.4544],[112.7478,76.3353],[112.6584,76.3223],[112.6926,76.2316],[112.5007,76.2391],[112.8577,76.1435],[112.5697,76.0473],[112.9622,76.0651],[113.0593,76.1638],[113.3027,76.1156],[112.9321,76.2596],[113.2593,76.2664],[113.5491,76.0207],[113.4398,75.9443],[113.5628,75.8965],[113.4808,75.8555],[113.7809,75.9393],[113.8901,75.854],[113.5559,75.5402],[113.4261,75.5402],[113.6174,75.6562],[113.0676,75.6835],[113.1375,75.7115],[112.5591,75.8513],[112.3369,75.8481],[112.8706,75.7115],[112.7478,75.6985],[112.8781,75.6467],[112.8136,75.5573],[113.2674,75.6511],[113.2905,75.5505],[113.6377,75.5241],[113.7205,75.4099],[113.5491,75.4064],[113.6707,75.3689],[113.6052,75.285],[112.8796,74.9929],[112.1468,74.8784],[111.7723,74.6685],[111.4028,74.6911],[110.9602,74.5485],[110.3316,74.4962],[110.3626,74.4183],[110.2121,74.3724],[109.5612,74.3137],[109.9795,74.2963],[109.7969,74.1617],[108.9961,74.0156],[108.0666,73.6353],[107.1468,73.6177],[107.1697,73.5534],[106.7854,73.3405],[106.0628,73.273],[105.6506,72.9111],[105.0667,72.7856],[105.4826,72.7681],[106.0364,72.9525],[106.6571,72.832],[107.1033,72.8564],[106.2546,72.9672],[106.1756,73.0944],[106.3599,73.1943],[108.3167,73.2216],[108.3962,73.2579],[108.1975,73.279],[109.2212,73.3871],[109.2092,73.4688],[109.4349,73.4267],[109.1936,73.5517],[109.7139,73.4526],[110.932,73.6879],[111.123,73.6204],[110.5378,73.4062],[110.1576,73.395],[110.5356,73.3168],[110.5926,73.2635],[110.3968,73.1936],[110.7704,73.1713],[110.9013,73.0505],[110.6274,72.8945],[110.6953,72.826],[110.6088,72.7858],[110.7017,72.6505],[111.2954,72.5033],[111.0567,72.3806],[111.5555,72.3165],[111.7636,72.1435],[111.9961,72.1327],[112.0,71.4078],[112.7094,71.2429],[112.2494,71.0033],[112.0764,71.0612],[111.3349,70.8553],[110.5394,70.8006],[110.1028,70.6319],[110.1105,70.4823],[110.2632,70.4274],[109.6015,70.3782],[109.5355,70.264],[109.2815,70.2123],[109.3517,70.0734],[109.509,70.0335],[109.237,69.7759],[108.2906,69.8568],[107.9252,69.6812],[106.8386,69.5182],[106.4554,69.5713],[106.1396,69.4163],[106.89,68.8599],[106.8024,67.3482],[106.6668,67.2454],[106.4923,67.2838],[106.0547,67.1672],[105.8938,67.0437],[105.5402,67.0234],[106.0566,66.896],[106.0089,66.7918],[106.1844,66.8006],[106.1427,66.7405],[106.254,66.6973],[106.3219,66.4789],[106.1033,66.3783],[106.1166,66.1986],[106.3416,66.1524],[106.4713,66.0074],[106.4203,65.6714],[106.9582,65.5022],[106.8289,65.3751],[106.4435,65.3085],[106.4982,65.2047],[105.9898,65.0332],[106.2202,64.8572],[105.9508,64.8939],[106.0067,64.8188],[105.8526,64.797],[105.8753,64.6585],[105.7107,64.6636],[105.7227,64.5821],[105.8065,64.4799],[106.1318,64.4808],[106.067,64.4266],[106.134,64.4044],[106.5843,64.4453],[106.6047,64.5127],[107.328,64.2486],[107.6068,64.2943],[107.9677,64.1699],[108.1615,64.238],[108.3201,64.039],[107.6798,63.9892],[107.5503,63.857],[106.7099,63.9866],[106.7934,63.8424],[106.5096,63.4951],[106.7306,63.3675],[106.4376,63.32],[106.3651,63.263],[106.4033,63.1133],[106.1234,63.0595],[106.2177,62.8968],[106.4425,62.843],[106.5044,62.675],[106.7969,62.6018],[106.3274,62.2658],[106.4461,62.2355],[106.4073,62.0348],[105.9022,61.8349],[105.9467,61.6888],[105.8091,61.6224],[104.789,61.3484],[105.0074,61.1822],[104.6149,61.0741],[104.6286,60.89],[104.4631,60.8445],[104.5961,60.7529],[104.5215,60.639],[104.6649,60.4028],[105.4786,60.249],[105.4905,59.8452],[105.0244,59.8347],[104.7988,59.6909],[104.9778,59.4638],[105.2253,59.4293],[105.1907,59.3083],[105.347,59.0917],[104.7982,58.8632],[104.8725,58.7185],[104.7939,58.6693],[104.4582,58.6023],[104.2201,58.758],[103.8691,58.7352],[103.9518,58.7849],[103.9011,58.8971],[103.3752,59.0341],[103.246,59.1801],[103.3244,59.2601],[103.0106,59.3181],[102.5218,59.1861],[102.4059,59.0725],[102.5373,58.8966],[102.5133,58.7214],[102.1861,58.5227],[101.7008,58.4239],[101.5309,58.2253],[101.118,58.119],[101.154,58.0168],[101.0302,57.8976],[100.8127,57.8837],[100.8846,57.7697],[100.8014,57.673],[100.9578,57.4983],[100.7488,57.4032],[100.405,57.5503],[100.3652,57.7324],[100.1293,57.8668],[100.0434,58.0786],[99.7028,58.0857],[99.4221,57.7987],[98.9616,57.7233],[97.934,57.8113],[97.3485,57.048],[97.6199,56.9536],[97.4863,56.8105],[97.775,56.78],[97.7515,56.5603],[97.8771,56.5449],[97.8781,56.4112],[97.5682,56.3828],[97.5802,56.1951],[97.3519,56.0512],[97.1253,56.1017],[96.9865,56.0183],[96.96,55.8609],[96.7676,55.769],[96.918,55.3295],[96.7066,55.2587],[96.6816,55.0779],[96.5849,55.0232],[96.7138,54.9194],[96.5649,54.6969],[96.5728,54.5184],[96.0647,54.5733],[95.922,54.3998],[95.6667,54.3354],[95.6708,54.2391],[96.0549,54.0879],[96.0586,53.9938],[96.6841,53.6385],[96.6577,53.556],[96.4437,53.5107],[96.252,53.6161],[96.0916,53.4505],[95.7571,53.5205],[95.3963,53.3722],[95.2604,53.4564],[94.7399,53.3827],[94.5857,53.307],[94.7011,53.2376],[94.5123,52.9108],[94.1487,52.8417],[93.6672,52.2156],[92.8596,51.8356],[92.5054,51.7814],[90.8493,51.908],[90.736,52.0694],[90.4766,52.1834],[90.7003,52.4582],[91.3963,52.868],[91.3511,53.0775],[91.8412,53.2883],[91.744,53.4467],[91.4697,53.5139],[91.3265,53.8167],[91.4639,54.0565],[91.159,54.4879],[90.855,54.6267],[90.9153,54.7911],[90.6848,54.9047],[90.4583,54.8708],[90.4355,55.0163],[90.1959,55.1514],[89.6578,55.0031],[89.2008,54.9904],[89.0379,55.0841],[88.9502,55.2891],[88.6088,55.4456],[89.449,55.862],[89.3115,55.9141],[89.0566,56.3017],[88.5925,56.4436],[88.6178,56.5295],[88.5027,56.59],[88.7408,56.7135],[88.624,56.833],[88.7224,57.0864],[88.5262,57.1221],[89.1474,57.6142],[89.3804,57.6372],[89.3774,57.9169],[88.1305,58.114],[87.9182,58.4999],[88.3918,58.9145],[88.8265,59.0245],[88.6215,59.293],[87.9106,59.2681],[87.5223,59.6672],[87.1906,59.6897],[87.0841,59.8828],[86.6254,59.95],[84.6919,59.9048],[84.5313,59.975],[84.7836,60.3705],[84.2596,60.8555],[85.6712,61.2892],[85.6439,61.3876],[85.9682,61.4746],[85.854,61.5951],[84.6897,61.81],[84.5233,61.93],[84.4357,62.178],[85.5183,62.9326],[85.5863,63.0742],[85.4694,63.1492],[85.6721,63.3597],[85.4189,63.3492],[85.2991,63.5174],[85.0318,63.5864],[85.2695,63.6515],[85.5335,63.9367],[85.9635,64.0657],[86.0299,64.275],[85.8415,64.4592],[85.916,64.5885],[85.8102,64.6477],[85.8557,64.7634],[85.5589,64.83],[85.149,64.7518],[84.9392,64.8233],[84.9201,64.9279],[84.2921,64.9027],[84.389,65.0082],[84.3128,65.0985],[84.5839,65.2912],[84.4983,65.5038],[84.1958,65.5954],[84.3194,65.6844],[84.031,65.793],[83.5181,65.8225],[83.5212,65.9083],[83.2928,66.066],[83.5354,66.1926],[83.091,66.4592],[83.0889,66.6097],[83.2965,66.6732],[83.1619,66.818],[82.1173,67.2438],[82.3579,67.3309],[82.2513,67.4192],[82.389,67.5342],[82.1096,67.609],[82.1003,67.7244],[81.7256,67.9238],[82.3646,67.9459],[82.3946,68.1766],[82.7027,68.298],[82.6793,68.4918],[82.4689,68.5766],[83.0388,68.6673],[82.5516,68.8269],[82.4928,68.9868],[82.329,69.0465],[82.4937,69.1054],[82.4531,69.1619],[81.841,69.1964],[81.7614,69.2524],[81.9294,69.3493],[81.685,69.4465],[81.5711,69.2733],[80.9669,69.2091],[80.7342,69.3081],[79.8646,69.3486],[79.4911,69.6545],[79.012,69.7034],[79.1304,69.7388],[78.8799,69.8797],[79.3555,70.05],[79.3335,70.1476],[79.4964,70.1117],[80.1809,70.4343],[80.7471,70.394],[80.7946,70.4383],[80.6096,70.5011],[80.7575,70.6556],[80.5928,70.7222],[80.6859,70.8012],[80.5647,70.8604],[80.5376,71.0594],[79.9544,71.1341],[79.227,71.3208],[79.1432,71.4152],[79.358,71.4943],[79.371,71.6124],[80.1023,71.6646],[80.0364,71.8308],[80.3391,71.8898],[79.6949,72.0577],[78.9142,72.1162],[78.6099,72.2082],[78.6558,72.2583],[78.4474,72.3476]]],[[[86.8923,73.6967],[86.7839,73.6082],[86.3989,73.5944],[86.5096,73.6418],[86.8923,73.6967]]],[[[96.7477,76.031],[97.3348,76.1087],[96.6986,75.9958],[96.7477,76.031]]],[[[95.1016,76.2254],[95.1973,76.164],[95.006,76.1777],[95.1016,76.2254]]],[[[94.9992,76.2733],[94.8489,76.1861],[94.4102,76.2124],[94.7787,76.2109],[94.9992,76.2733]]],[[[96.3833,76.3353],[96.7246,76.3464],[96.7669,76.3353],[96.3833,76.3353]]],[[[96.7874,76.2124],[97.0413,76.2391],[96.7609,76.1764],[96.716,76.2087],[96.854,76.3557],[97.0755,76.308],[96.8595,76.2722],[96.7874,76.2124]]],[[[93.9441,76.6164],[94.3623,76.5749],[93.8683,76.5886],[93.9441,76.6164]]],[[[95.1221,76.7189],[95.3275,76.6643],[94.8176,76.654],[95.1221,76.7189]]],[[[111.2808,73.8597],[109.7375,73.6617],[109.527,73.7961],[110.0215,74.0145],[110.959,73.9086],[111.159,74.0373],[111.5822,74.0257],[111.2234,73.9926],[111.2808,73.8597]]],[[[93.9209,78.157],[93.6291,78.157],[93.5929,78.1724],[93.9209,78.157]]],[[[92.2134,79.1396],[92.7244,79.0768],[92.1756,79.1308],[92.2134,79.1396]]],[[[92.9906,79.4195],[92.7918,79.3832],[92.5872,79.4151],[92.7913,79.44],[92.9906,79.4195]]],[[[91.7847,79.4195],[92.4706,79.4326],[92.2438,79.3823],[91.7847,79.4195]]],[[[91.1442,79.5373],[91.5313,79.4493],[90.7938,79.5635],[91.1442,79.5373]]],[[[99.9829,79.6979],[100.3098,79.666],[99.9058,79.6038],[99.9829,79.6979]]],[[[94.3276,80.029],[94.1541,79.9833],[93.9299,79.9744],[93.9844,80.0154],[94.3276,80.029]]],[[[79.563,72.7683],[79.3953,72.704],[78.5846,72.8419],[79.1731,73.1014],[79.5414,72.9255],[79.563,72.7683]]],[[[84.3552,74.0189],[84.4183,73.9704],[83.8845,74.0189],[84.4183,74.04],[84.3552,74.0189]]],[[[83.18,74.1552],[83.6201,74.0909],[82.8145,74.094],[83.18,74.1552]]],[[[82.3987,74.1529],[82.74,74.1014],[82.3176,74.1168],[82.3987,74.1529]]],[[[84.3866,74.4577],[84.9348,74.482],[84.5418,74.4571],[84.7328,74.3957],[84.3866,74.4577]]],[[[85.1481,74.5372],[85.6307,74.5113],[85.3119,74.4656],[85.1481,74.5372]]],[[[85.803,74.5744],[86.2072,74.5124],[85.6585,74.4714],[85.803,74.5744]]],[[[79.6141,74.6018],[79.49,74.5169],[79.1487,74.6079],[79.3169,74.5908],[79.1828,74.6291],[79.2443,74.6586],[79.6141,74.6018]]],[[[85.7062,74.7314],[85.0967,74.7556],[85.4959,74.8139],[85.7062,74.7314]]],[[[86.2134,74.9034],[87.1388,74.9369],[86.6869,74.8959],[86.9196,74.8198],[86.2134,74.9034]]],[[[82.0825,75.158],[82.1504,75.0952],[82.0267,75.1287],[82.0825,75.158]]],[[[82.013,75.444],[82.2943,75.3342],[82.0412,75.3378],[82.013,75.1772],[81.8708,75.3159],[81.6885,75.277],[81.4924,75.362],[81.7518,75.4633],[81.7388,75.3825],[81.9396,75.3935],[81.897,75.4924],[82.1707,75.5197],[82.1646,75.4377],[82.013,75.444]]],[[[81.6276,75.9368],[82.259,75.876],[81.5539,75.9306],[81.6276,75.9368]]],[[[83.2795,75.9563],[82.8623,75.9172],[82.259,75.9722],[82.6575,75.9988],[83.2795,75.9563]]],[[[96.6441,76.267],[96.5956,76.1572],[96.4468,76.2716],[96.2461,76.205],[96.3965,76.1777],[96.3447,76.105],[95.2661,76.2186],[95.3499,76.2888],[95.5702,76.2382],[95.8123,76.3029],[96.6441,76.267]]],[[[113.4466,76.3695],[113.1375,76.3695],[113.1177,76.3769],[113.2643,76.4443],[113.4466,76.3695]]],[[[111.9588,76.6022],[112.3672,76.6581],[112.7141,76.5205],[112.5679,76.4435],[111.9588,76.6022]]],[[[96.472,76.6916],[96.3135,76.6225],[95.8899,76.6164],[96.2324,76.7121],[96.472,76.6916]]],[[[95.417,76.7053],[95.8347,76.6916],[95.5287,76.6487],[95.417,76.7053]]],[[[97.2883,76.6916],[97.5962,76.6022],[97.3431,76.5993],[97.387,76.654],[97.2883,76.6916]]],[[[96.5274,77.2055],[96.5894,77.1441],[96.235,76.9905],[95.2319,77.0063],[96.5274,77.2055]]],[[[105.7849,77.2806],[105.9027,77.304],[106.0115,77.2874],[105.8618,77.2549],[105.7849,77.2806]]],[[[89.3044,77.3079],[89.817,77.2106],[89.4928,77.1408],[89.1346,77.2177],[89.3044,77.3079]]],[[[106.333,77.3216],[106.4085,77.331],[106.4566,77.3216],[106.333,77.3216]]],[[[107.7451,77.329],[107.7217,77.2697],[107.2048,77.2343],[107.457,77.2806],[107.2796,77.3017],[107.3954,77.3603],[107.7451,77.329]]],[[[106.9431,77.4587],[106.7009,77.3836],[106.5247,77.3904],[106.7303,77.4704],[106.9431,77.4587]]],[[[107.7041,78.1372],[107.451,78.0532],[106.395,78.1309],[107.3379,78.1907],[107.7041,78.1372]]],[[[106.5322,78.2539],[106.1939,78.1931],[105.991,78.2191],[106.4701,78.3426],[106.7656,78.3085],[106.4502,78.2613],[106.5322,78.2539]]],[[[105.4155,78.5834],[104.7874,78.3364],[103.016,78.2565],[102.6603,78.1645],[101.2098,78.1935],[99.8713,77.9522],[99.3713,77.9597],[99.426,77.987],[99.2683,78.0416],[100.0497,78.3432],[100.0007,78.4177],[100.3853,78.7516],[101.1664,78.761],[100.8237,78.8088],[100.7849,78.8951],[100.9072,78.9851],[101.0701,79.0347],[101.5916,78.977],[101.6257,78.9869],[100.9881,79.0626],[101.1942,79.2029],[101.8176,79.371],[101.9608,79.2612],[102.2463,79.2416],[102.1397,79.3568],[102.3029,79.4328],[103.1532,79.3096],[102.8255,79.2271],[102.3792,78.8225],[102.9212,79.0584],[103.6243,79.1712],[104.4553,78.9667],[104.5249,78.8851],[104.3667,78.8571],[104.6546,78.8299],[104.5789,78.7752],[104.759,78.8533],[105.1751,78.8093],[105.4155,78.5834]]],[[[77.6136,79.5219],[76.6961,79.4776],[76.6206,79.5486],[76.1743,79.5691],[76.0514,79.6485],[77.6136,79.5219]]],[[[93.6282,79.9334],[93.8137,79.8987],[93.0521,79.7153],[91.9219,79.6789],[92.3533,79.7342],[91.0725,79.851],[91.2986,79.9191],[91.0176,79.967],[91.1819,79.9949],[91.1136,80.0489],[90.8665,80.0626],[93.6282,79.9334]]],[[[99.886,79.0415],[99.9255,78.946],[99.4056,78.8225],[97.4422,78.8172],[97.603,78.8435],[96.7985,78.9892],[95.6725,79.001],[95.5238,79.1091],[94.8267,79.0666],[94.334,79.2486],[94.3123,79.4792],[93.697,79.4599],[93.9912,79.494],[93.6902,79.5424],[93.882,79.6038],[93.2358,79.439],[93.1141,79.4673],[93.3202,79.5015],[92.8542,79.5561],[93.2803,79.5525],[94.6901,79.8161],[94.2246,79.8987],[94.952,80.1045],[95.2419,80.0216],[95.5021,80.1115],[97.5921,80.1749],[98.0896,80.0563],[97.5205,79.8093],[97.6087,79.7766],[97.1916,79.7069],[97.7058,79.7632],[97.9261,79.9022],[98.3772,79.8779],[98.5824,79.976],[98.4391,80.0154],[98.557,80.0585],[99.199,80.05],[100.0225,79.8236],[100.077,79.7827],[99.8171,79.7416],[99.886,79.6933],[99.7072,79.5691],[99.7891,79.5219],[99.686,79.4735],[99.7481,79.3642],[99.6667,79.3122],[99.0349,79.296],[99.886,79.0415]]],[[[79.2107,80.9613],[80.4372,80.9402],[80.3264,80.8605],[78.9746,80.8426],[79.2107,80.9613]]],[[[91.5472,81.1538],[91.1862,81.0568],[89.8939,81.1736],[90.0715,81.2145],[91.5472,81.1538]]],[[[97.7471,80.7416],[97.9729,80.7211],[97.1306,80.6658],[97.1916,80.6453],[97.0208,80.5259],[97.2058,80.3556],[97.4229,80.327],[97.188,80.2336],[94.53,80.131],[93.7498,79.9968],[92.0658,80.1724],[92.8882,80.1724],[92.1074,80.2897],[93.3202,80.2761],[93.2444,80.3096],[91.4221,80.3096],[92.6276,80.3915],[91.8877,80.4604],[92.7693,80.5168],[92.8252,80.6506],[93.2703,80.7971],[92.4972,80.7757],[93.1626,80.947],[93.0527,80.9954],[95.5472,81.2208],[95.0339,81.2487],[95.1035,81.2713],[95.7766,81.2888],[96.7664,80.9499],[97.8836,80.7695],[97.7471,80.7416]]],[[[91.9436,77.6439],[92.1101,77.6109],[91.866,77.6286],[91.9436,77.6439]]],[[[83.3051,70.8055],[83.4694,70.7377],[83.3048,70.6446],[83.3096,70.4431],[83.0653,70.3653],[83.1471,70.6499],[83.3051,70.8055]]],[[[97.639,76.7731],[97.4598,76.7185],[97.1607,76.7536],[97.639,76.7731]]],[[[88.6639,77.0804],[89.1359,77.1271],[88.9196,76.9771],[88.6639,77.0804]]]]}},{"type":"Feature","properties":{"id":"IT-VE","name":"Venice","country":"Italy","iso":"ITA"},"geometry":{"type":"MultiPolygon","coordinates":[[[[13.0956,45.6523],[12.4237,45.4381],[12.5817,45.5529],[12.3967,45.5393],[12.1491,45.2922],[11.9759,45.3977],[12.0396,45.5715],[12.419,45.5745],[12.7875,45.8554],[12.9926,45.8335],[13.0956,45.6523]]],[[[12.1994,45.2746],[12.3073,45.2307],[12.2809,45.1282],[12.1485,45.0582],[11.9619,45.1432],[12.1994,45.2746]]],[[[12.3215,45.348],[12.3892,45.4335],[12.4309,45.4157],[12.3215,45.348]]],[[[12.3206,45.4298],[12.3638,45.4497],[12.3621,45.4381],[12.3206,45.4298]]]]}},{"type":"Feature","properties":{"id":"IT-PD","name":"Padua","country":"Italy","iso":"ITA"},"geometry":{"type":"Polygon","coordinates":[[[12.1491,45.2922],[12.1525,45.1942],[11.7538,45.0987],[11.4186,45.1318],[11.4007,45.2301],[11.6159,45.2534],[11.6167,45.387],[11.7443,45.4789],[11.6443,45.6148],[11.7244,45.6797],[12.069,45.6401],[11.9759,45.3977],[12.1491,45.2922]]]}},{"type":"Feature","properties":{"id":"IT-RO","name":"Rovigo","country":"Italy","iso":"ITA"},"geometry":{"type":"Polygon","coordinates":[[[12.3213,45.1648],[12.3688,45.011],[12.5339,44.97],[12.398,44.7938],[12.2876,44.9354],[11.8696,44.9854],[11.6223,44.8951],[11.1909,45.0875],[12.0287,45.1456],[12.1485,45.0582],[12.3213,45.1648]]]}},{"type":"Feature","properties":{"id":"IT-FE","name":"Ferrara","country":"Italy","iso":"ITA"},"geometry":{"type":"Polygon","coordinates":[[[12.3934,44.7935],[12.2664,44.8266],[12.2053,44.5735],[11.7893,44.5544],[11.7705,44.6476],[11.4677,44.7523],[11.2646,44.707],[11.3686,44.8426],[11.2349,44.906],[11.986,44.9853],[12.2876,44.9354],[12.3934,44.7935]]]}},{"type":"Feature","properties":{"id":"IT-RA","name":"Ravenna","country":"Italy","iso":"ITA"},"geometry":{"type":"Polygon","coordinates":[[[12.2696,44.6298],[12.3549,44.1955],[12.0316,44.3303],[11.8865,44.1747],[11.5263,44.1622],[11.8203,44.3957],[11.7893,44.5544],[12.2696,44.6298]]]}},{"type":"Feature","properties":{"id":"IT-FC","name":"Forl\u00ec-Cesena","country":"Italy","iso":"ITA"},"geometry":{"type":"Polygon","coordinates":[[[12.3856,44.2285],[12.4564,44.0943],[12.1642,43.9282],[12.1022,43.759],[11.813,43.8244],[11.6507,43.9909],[11.7578,44.1938],[11.8865,44.1747],[12.0316,44.3303],[12.3856,44.2285]]]}},{"type":"Feature","properties":{"id":"IT-AN","name":"Ancona","country":"Italy","iso":"ITA"},"geometry":{"type":"Polygon","coordinates":[[[13.1772,43.7515],[13.5161,43.6317],[13.647,43.4753],[13.091,43.4291],[12.8517,43.2061],[12.7582,43.4612],[13.1772,43.7515]]]}},{"type":"Feature","properties":{"id":"IT-MC","name":"Macerata","country":"Italy","iso":"ITA"},"geometry":{"type":"Polygon","coordinates":[[[13.647,43.4753],[13.745,43.2922],[13.4525,43.1548],[13.4407,43.0164],[13.2238,42.9606],[13.2243,42.8477],[12.9071,42.9715],[12.8517,43.2061],[13.0831,43.4247],[13.647,43.4753]]]}},{"type":"Feature","properties":{"id":"IT-FM","name":"Fermo","country":"Italy","iso":"ITA"},"geometry":{"type":"Polygon","coordinates":[[[13.745,43.2922],[13.8535,43.0674],[13.2418,42.892],[13.3435,43.038],[13.4588,43.03],[13.4525,43.1548],[13.745,43.2922]]]}},{"type":"Feature","properties":{"id":"IT-AP","name":"Ascoli Piceno","country":"Italy","iso":"ITA"},"geometry":{"type":"Polygon","coordinates":[[[13.8535,43.0674],[13.9055,42.9016],[13.4116,42.6951],[13.1945,42.7346],[13.2868,42.9231],[13.8535,43.0674]]]}},{"type":"Feature","properties":{"id":"IT-TE","name":"Teramo","country":"Italy","iso":"ITA"},"geometry":{"type":"Polygon","coordinates":[[[13.9055,42.9016],[14.1513,42.5316],[13.7654,42.4201],[13.4176,42.5297],[13.3376,42.6877],[13.9055,42.9016]]]}},{"type":"Feature","properties":{"id":"IT-PE","name":"Pescara","country":"Italy","iso":"ITA"},"geometry":{"type":"Polygon","coordinates":[[[14.1513,42.5316],[14.2572,42.4461],[14.0774,42.3274],[14.1116,42.1034],[13.7954,42.1512],[13.8105,42.4848],[14.1513,42.5316]]]}},{"type":"Feature","properties":{"id":"IT-CH","name":"Chieti","country":"Italy","iso":"ITA"},"geometry":{"type":"Polygon","coordinates":[[[14.2572,42.4461],[14.7634,42.0779],[14.4734,41.769],[14.0819,41.9393],[14.0774,42.3274],[14.2572,42.4461]]]}},{"type":"Feature","properties":{"id":"IT-CB","name":"Campobasso","country":"Italy","iso":"ITA"},"geometry":{"type":"Polygon","coordinates":[[[14.7634,42.0779],[15.1435,41.9312],[15.1571,41.7017],[14.9363,41.6238],[14.9953,41.4821],[14.9268,41.4516],[14.5876,41.3701],[14.3827,41.442],[14.5019,41.5939],[14.4232,41.6445],[14.4904,41.7761],[14.7634,42.0779]]]}},{"type":"Feature","properties":{"id":"IT-FG","name":"Foggia","country":"Italy","iso":"ITA"},"geometry":{"type":"Polygon","coordinates":[[[15.1435,41.9312],[16.1792,41.8933],[16.1843,41.7796],[15.9001,41.6147],[16.0202,41.2352],[15.5586,41.0551],[15.2029,41.1534],[15.2625,41.2475],[14.9346,41.5294],[14.9391,41.6266],[15.1571,41.7017],[15.1435,41.9312]]]}},{"type":"Feature","properties":{"id":"IT-BT","name":"Barletta-Andria-Trani","country":"Italy","iso":"ITA"},"geometry":{"type":"Polygon","coordinates":[[[15.9717,41.4539],[16.5207,41.2501],[16.5398,41.2204],[16.3381,41.1603],[16.1966,40.9114],[15.9876,40.9499],[16.0313,41.0169],[15.8583,41.1368],[16.0202,41.2352],[15.9717,41.4539]]]}},{"type":"Feature","properties":{"id":"IT-BA","name":"Bari","country":"Italy","iso":"ITA"},"geometry":{"type":"Polygon","coordinates":[[[16.5442,41.2352],[17.2764,40.9802],[17.3923,40.8937],[17.3156,40.8159],[17.3924,40.7554],[16.3964,40.713],[16.1966,40.9114],[16.3381,41.1603],[16.5004,41.1519],[16.5442,41.2352]]]}},{"type":"Feature","properties":{"id":"IT-BR","name":"Brindisi","country":"Italy","iso":"ITA"},"geometry":{"type":"Polygon","coordinates":[[[17.3923,40.8937],[18.007,40.6507],[18.0989,40.5179],[17.7985,40.3796],[17.5523,40.4369],[17.3156,40.8159],[17.3923,40.8937]]]}},{"type":"Feature","properties":{"id":"IT-LE","name":"Lecce","country":"Italy","iso":"ITA"},"geometry":{"type":"Polygon","coordinates":[[[18.0989,40.5179],[18.5161,40.1392],[18.3683,39.7966],[18.0715,39.9115],[17.9128,40.2553],[17.764,40.2934],[18.0989,40.5179]]]}},{"type":"Feature","properties":{"id":"IT-TA","name":"Taranto","country":"Italy","iso":"ITA"},"geometry":{"type":"Polygon","coordinates":[[[17.764,40.2934],[17.2002,40.4204],[17.3233,40.4985],[17.0496,40.5191],[16.8633,40.3909],[16.7309,40.4775],[16.6966,40.6972],[17.3537,40.7486],[17.4904,40.4826],[17.7985,40.3796],[17.764,40.2934]]]}},{"type":"Feature","properties":{"id":"IT-MT","name":"Matera","country":"Italy","iso":"ITA"},"geometry":{"type":"MultiPolygon","coordinates":[[[[16.8633,40.3909],[16.6795,40.1461],[16.4269,40.1366],[16.3988,40.0555],[16.3746,40.3099],[16.184,40.2849],[16.0562,40.6564],[16.2454,40.8375],[16.4201,40.7033],[16.6912,40.7357],[16.7309,40.4775],[16.8633,40.3909]]],[[[15.9398,40.6381],[15.9832,40.6468],[15.9845,40.6058],[15.9398,40.6381]]]]}},{"type":"Feature","properties":{"id":"IT-CS","name":"Cosenza","country":"Italy","iso":"ITA"},"geometry":{"type":"Polygon","coordinates":[[[16.64,40.1187],[16.5156,39.6896],[17.0192,39.4792],[16.877,39.3526],[16.7167,39.3533],[16.763,39.1965],[16.5081,39.1607],[16.4693,39.0496],[16.3119,39.1104],[16.0969,39.0504],[15.7458,39.9246],[15.9464,40.0056],[16.0689,39.9067],[16.3543,39.9008],[16.4211,40.1327],[16.64,40.1187]]]}},{"type":"Feature","properties":{"id":"IT-KR","name":"Crotone","country":"Italy","iso":"ITA"},"geometry":{"type":"Polygon","coordinates":[[[17.0192,39.4792],[17.1587,39.4062],[17.1245,39.0909],[17.2064,39.0295],[17.104,38.8991],[16.8922,38.9296],[16.6132,39.1943],[16.763,39.1965],[16.7167,39.3533],[16.877,39.3526],[17.0192,39.4792]]]}},{"type":"Feature","properties":{"id":"IT-CZ","name":"Catanzaro","country":"Italy","iso":"ITA"},"geometry":{"type":"Polygon","coordinates":[[[16.8922,38.9296],[16.5744,38.7851],[16.5368,38.4651],[16.0969,39.0504],[16.3119,39.1104],[16.4693,39.0496],[16.6132,39.1943],[16.8922,38.9296]]]}},{"type":"Feature","properties":{"id":"IT-RC","name":"Reggio Calabria","country":"Italy","iso":"ITA"},"geometry":{"type":"Polygon","coordinates":[[[16.5735,38.4673],[16.1694,38.1432],[16.0772,37.9399],[15.6455,37.9883],[15.6328,38.2203],[15.8128,38.3006],[15.9144,38.5056],[16.083,38.5547],[16.365,38.4317],[16.3847,38.568],[16.5735,38.4673]]]}},{"type":"Feature","properties":{"id":"IT-VV","name":"Vibo Valentia","country":"Italy","iso":"ITA"},"geometry":{"type":"Polygon","coordinates":[[[15.9144,38.5056],[15.8445,38.6604],[16.2785,38.8255],[16.3659,38.7799],[16.3322,38.6608],[16.435,38.5716],[16.3761,38.4342],[16.083,38.5547],[15.9144,38.5056]]]}},{"type":"Feature","properties":{"id":"IT-PZ","name":"Potenza","country":"Italy","iso":"ITA"},"geometry":{"type":"Polygon","coordinates":[[[15.7458,39.9246],[15.6492,40.0777],[15.7891,40.2618],[15.3443,40.8207],[15.5367,40.9333],[15.5832,41.1046],[15.8583,41.1368],[16.0313,41.0169],[15.984,40.9525],[16.2454,40.8375],[16.1215,40.7961],[16.1458,40.6957],[16.0528,40.6323],[16.184,40.2849],[16.3746,40.3099],[16.3988,40.0555],[16.3543,39.9008],[16.0689,39.9067],[15.9464,40.0056],[15.7458,39.9246]],[[15.9646,40.6083],[15.9832,40.6468],[15.9398,40.6381],[15.9646,40.6083]]]}},{"type":"Feature","properties":{"id":"IT-SA","name":"Salerno","country":"Italy","iso":"ITA"},"geometry":{"type":"Polygon","coordinates":[[[15.6467,40.0469],[15.3609,39.9989],[14.9111,40.2416],[15.0004,40.3688],[14.8888,40.5731],[14.7522,40.6767],[14.4714,40.6247],[14.5822,40.6868],[14.5157,40.7696],[14.7102,40.8484],[15.1724,40.7114],[15.3221,40.8375],[15.7891,40.2618],[15.6467,40.0469]]]}},{"type":"Feature","properties":{"id":"IT-NA","name":"Naples","country":"Italy","iso":"ITA"},"geometry":{"type":"MultiPolygon","coordinates":[[[[14.5822,40.6868],[14.3426,40.5706],[14.4741,40.7297],[14.2942,40.8388],[14.0477,40.7896],[14.0101,40.9368],[14.572,41.0095],[14.6691,40.9009],[14.5797,40.8992],[14.5101,40.7566],[14.5822,40.6868]]],[[[13.9658,40.7351],[13.8491,40.7153],[13.8628,40.7624],[13.9658,40.7351]]]]}},{"type":"Feature","properties":{"id":"IT-CE","name":"Caserta","country":"Italy","iso":"ITA"},"geometry":{"type":"Polygon","coordinates":[[[14.0101,40.9368],[13.7437,41.2376],[13.8654,41.3025],[13.8622,41.426],[14.1044,41.3904],[14.1209,41.4957],[14.2225,41.4948],[14.5138,41.389],[14.4536,41.1654],[14.3566,41.1493],[14.5307,40.9952],[14.0101,40.9368]]]}},{"type":"Feature","properties":{"id":"IT-LT","name":"Latina","country":"Italy","iso":"ITA"},"geometry":{"type":"MultiPolygon","coordinates":[[[[13.7437,41.2376],[13.2858,41.2957],[13.0446,41.2275],[12.5662,41.6354],[12.747,41.5738],[12.9345,41.7096],[13.0201,41.5778],[13.1926,41.5881],[13.3035,41.4067],[13.4457,41.4602],[13.6254,41.3191],[13.8726,41.3354],[13.7437,41.2376]]],[[[13.4147,40.7859],[13.4242,40.8002],[13.432,40.8015],[13.4147,40.7859]]]]}},{"type":"Feature","properties":{"id":"IT-RM","name":"Rome","country":"Italy","iso":"ITA"},"geometry":{"type":"Polygon","coordinates":[[[12.7744,41.4209],[12.6353,41.4475],[11.7398,42.1599],[11.9141,42.2334],[12.326,42.149],[12.5817,42.2911],[12.6703,42.1525],[13.0296,42.1156],[13.0284,42.0319],[13.2979,41.947],[13.0075,41.8149],[13.1576,41.6354],[13.1037,41.5454],[12.9247,41.7127],[12.747,41.5738],[12.5662,41.6354],[12.7744,41.4209]],[[12.453,41.9039],[12.454,41.9028],[12.454,41.9039],[12.453,41.9039]]]}},{"type":"Feature","properties":{"id":"IT-VT","name":"Viterbo","country":"Italy","iso":"ITA"},"geometry":{"type":"Polygon","coordinates":[[[11.7398,42.1599],[11.4515,42.3744],[11.6018,42.4474],[11.5882,42.5661],[11.7869,42.6512],[11.7505,42.8063],[11.889,42.8504],[11.9488,42.6917],[12.2358,42.6476],[12.5204,42.2958],[12.326,42.149],[11.9141,42.2334],[11.7398,42.1599]]]}},{"type":"Feature","properties":{"id":"IT-GR","name":"Grosseto","country":"Italy","iso":"ITA"},"geometry":{"type":"MultiPolygon","coordinates":[[[[11.6018,42.4474],[11.0945,42.4027],[11.1585,42.564],[10.7313,42.8044],[10.7374,43.1456],[11.0396,43.1926],[11.0893,43.0848],[11.361,43.0833],[11.3968,42.9668],[11.5754,42.9672],[11.635,42.7998],[11.7776,42.7768],[11.7869,42.6512],[11.5882,42.5661],[11.6018,42.4474]]],[[[10.8618,42.3663],[10.9398,42.3307],[10.9233,42.3187],[10.8618,42.3663]]]]}},{"type":"Feature","properties":{"id":"IT-LI","name":"Livorno","country":"Italy","iso":"ITA"},"geometry":{"type":"MultiPolygon","coordinates":[[[[10.7051,42.9409],[10.4995,42.9405],[10.5282,43.2468],[10.2934,43.5791],[10.4905,43.6324],[10.496,43.3877],[10.7017,43.303],[10.6387,43.1659],[10.7877,43.0557],[10.7051,42.9409]]],[[[10.4434,42.8454],[10.4155,42.7089],[10.1068,42.7574],[10.133,42.8119],[10.4434,42.8454]]],[[[9.8069,43.0664],[9.8421,43.025],[9.8015,43.0078],[9.8069,43.0664]]],[[[10.2944,42.328],[10.3159,42.3408],[10.3132,42.3239],[10.2944,42.328]]],[[[10.0794,42.6139],[10.0858,42.5725],[10.0503,42.5819],[10.0794,42.6139]]]]}},{"type":"Feature","properties":{"id":"IT-PI","name":"Pisa","country":"Italy","iso":"ITA"},"geometry":{"type":"Polygon","coordinates":[[[10.2934,43.5791],[10.2618,43.8161],[10.8659,43.7304],[10.8352,43.5312],[10.9952,43.4039],[10.9889,43.2399],[10.7173,43.1085],[10.6354,43.1754],[10.7017,43.303],[10.496,43.3877],[10.4905,43.6324],[10.2934,43.5791]]]}},{"type":"Feature","properties":{"id":"IT-LU","name":"Lucca","country":"Italy","iso":"ITA"},"geometry":{"type":"Polygon","coordinates":[[[10.2618,43.8161],[10.1433,43.9751],[10.2539,44.2706],[10.7166,44.0808],[10.6451,43.8793],[10.7111,43.7863],[10.2618,43.8161]]]}},{"type":"Feature","properties":{"id":"IT-MS","name":"Massa-Carrara","country":"Italy","iso":"ITA"},"geometry":{"type":"Polygon","coordinates":[[[10.1433,43.9751],[10.0532,44.0995],[9.6889,44.3701],[9.8663,44.483],[10.2043,44.3142],[10.2321,44.0834],[10.1433,43.9751]]]}},{"type":"Feature","properties":{"id":"IT-SP","name":"La Spezia","country":"Italy","iso":"ITA"},"geometry":{"type":"Polygon","coordinates":[[[10.0285,44.0493],[9.8447,44.1086],[9.8323,44.0423],[9.5112,44.2152],[9.5715,44.2533],[9.4764,44.4125],[9.6514,44.4062],[10.0285,44.0493]]]}},{"type":"Feature","properties":{"id":"IT-GE","name":"Liguria","country":"Italy","iso":"ITA"},"geometry":{"type":"Polygon","coordinates":[[[9.5112,44.2152],[9.2306,44.3537],[8.6173,44.3858],[8.6683,44.4554],[8.5642,44.5162],[8.6321,44.5887],[8.7733,44.5013],[8.904,44.5652],[8.9231,44.6828],[9.1346,44.5835],[9.408,44.5962],[9.4907,44.5549],[9.4361,44.4199],[9.5623,44.2834],[9.5112,44.2152]]]}},{"type":"Feature","properties":{"id":"IT-SV","name":"Savona","country":"Italy","iso":"ITA"},"geometry":{"type":"Polygon","coordinates":[[[8.6306,44.3819],[8.2565,44.1284],[8.168,43.9565],[7.9998,44.0003],[7.983,44.1469],[8.2361,44.5323],[8.6508,44.4887],[8.6306,44.3819]]]}},{"type":"Feature","properties":{"id":"FR-83","name":"Var","country":"France","iso":"FRA"},"geometry":{"type":"MultiPolygon","coordinates":[[[[6.9332,43.4803],[6.5972,43.284],[6.6934,43.273],[6.6798,43.2016],[6.1932,43.1088],[6.1801,43.0359],[5.9409,43.134],[5.819,43.0535],[5.6722,43.1804],[5.761,43.2786],[5.6883,43.3225],[5.7789,43.4101],[5.6809,43.6108],[5.8132,43.6891],[5.7786,43.7582],[6.0282,43.6716],[6.2436,43.8011],[6.3545,43.7364],[6.6169,43.8065],[6.912,43.5983],[6.9332,43.4803]]],[[[6.1751,43.009],[6.2522,43.0026],[6.1662,42.9997],[6.1751,43.009]]]]}},{"type":"Feature","properties":{"id":"FR-13","name":"Bouches-du-Rh\u00f4ne","country":"France","iso":"FRA"},"geometry":{"type":"Polygon","coordinates":[[[5.6722,43.1804],[5.347,43.2159],[5.2942,43.3555],[5.034,43.3355],[5.0261,43.4093],[5.2263,43.4803],[5.0291,43.5586],[5.0511,43.4293],[4.8682,43.4215],[4.8558,43.3418],[4.7578,43.4223],[4.7424,43.5245],[4.6946,43.5791],[4.7425,43.4226],[4.8203,43.3464],[4.2059,43.4599],[4.4531,43.591],[4.4771,43.6931],[4.6088,43.6987],[4.6409,43.8706],[4.7728,43.9328],[5.5309,43.6693],[5.774,43.726],[5.6809,43.6108],[5.7789,43.4101],[5.6827,43.3991],[5.761,43.2786],[5.6722,43.1804]]]}},{"type":"Feature","properties":{"id":"FR-30","name":"Gard","country":"France","iso":"FRA"},"geometry":{"type":"Polygon","coordinates":[[[4.2059,43.4599],[4.1001,43.5597],[4.1764,43.6905],[3.9544,43.8718],[3.7216,43.9707],[3.4489,43.852],[3.342,43.9039],[3.4469,44.0144],[3.2868,44.0862],[3.3767,44.1683],[3.8758,44.1314],[3.9654,44.2472],[3.8948,44.3902],[3.994,44.4579],[4.0499,44.3252],[4.6578,44.2817],[4.8475,44.0022],[4.6409,43.8706],[4.6088,43.6987],[4.4771,43.6931],[4.4531,43.591],[4.2059,43.4599]]]}},{"type":"Feature","properties":{"id":"FR-34","name":"H\u00e9rault","country":"France","iso":"FRA"},"geometry":{"type":"Polygon","coordinates":[[[4.1053,43.5519],[3.2443,43.2194],[2.8702,43.3867],[2.7556,43.258],[2.5552,43.369],[2.662,43.4692],[2.6414,43.6331],[3.0341,43.6909],[3.0675,43.8209],[3.5656,43.866],[3.7216,43.9707],[4.1416,43.7381],[4.1053,43.5519]]]}},{"type":"Feature","properties":{"id":"FR-11","name":"Aude","country":"France","iso":"FRA"},"geometry":{"type":"Polygon","coordinates":[[[3.2443,43.2194],[3.0704,43.0269],[3.0463,42.8371],[2.8553,42.9138],[2.375,42.8473],[2.343,42.7188],[2.1894,42.6522],[1.9127,42.7566],[1.9576,43.087],[1.6965,43.2439],[1.8409,43.4211],[2.2615,43.4423],[2.5675,43.4228],[2.5831,43.3246],[2.7556,43.258],[2.8702,43.3867],[3.2443,43.2194]]]}},{"type":"Feature","properties":{"id":"FR-40","name":"Landes","country":"France","iso":"FRA"},"geometry":{"type":"Polygon","coordinates":[[[-1.514,43.5386],[-1.2513,44.4682],[-1.0794,44.5298],[-0.9894,44.4315],[-0.6441,44.4486],[-0.3799,44.2088],[-0.2032,44.2645],[-0.1292,44.1525],[0.1355,44.1173],[0.0733,43.9126],[-0.024,43.9711],[-0.2219,43.8987],[-0.2363,43.5871],[-1.154,43.49],[-1.2041,43.5643],[-1.514,43.5386]]]}},{"type":"Feature","properties":{"id":"FR-33","name":"Gironde","country":"France","iso":"FRA"},"geometry":{"type":"Polygon","coordinates":[[[-1.2513,44.4682],[-1.2063,44.6479],[-1.0447,44.6694],[-1.1722,44.7783],[-1.2604,44.6274],[-1.0692,45.5733],[-0.7662,45.3261],[-0.716,45.1345],[-0.5347,44.895],[-0.5962,45.0246],[-0.4938,44.998],[-0.656,45.0991],[-0.7066,45.3222],[-0.5837,45.3465],[-0.2264,45.113],[0.0315,45.1201],[0.0311,44.8403],[0.3222,44.8566],[0.2974,44.7623],[0.1187,44.7239],[0.1702,44.6374],[-0.0138,44.4977],[-0.0347,44.2759],[-0.239,44.198],[-0.3799,44.2088],[-0.6441,44.4486],[-0.9894,44.4315],[-1.0794,44.5298],[-1.2513,44.4682]]]}},{"type":"Feature","properties":{"id":"FR-17","name":"Charente-Maritime","country":"France","iso":"FRA"},"geometry":{"type":"MultiPolygon","coordinates":[[[[-0.7066,45.3222],[-0.8418,45.5146],[-1.2473,45.7099],[-1.1638,45.8067],[-0.9872,45.7174],[-1.1517,45.8681],[-1.0487,46.0388],[-1.2097,46.1662],[-1.0903,46.3395],[-0.8251,46.3313],[-0.6371,46.1545],[-0.0868,45.9493],[-0.1731,45.7904],[-0.4593,45.7402],[-0.2445,45.5032],[-0.285,45.3188],[-0.0055,45.226],[-0.0056,45.1458],[-0.2264,45.113],[-0.5837,45.3465],[-0.7066,45.3222]]],[[[-1.2476,46.0018],[-1.2092,45.8142],[-1.4049,46.0532],[-1.2476,46.0018]]],[[[-1.3081,46.2069],[-1.5043,46.2077],[-1.5558,46.2518],[-1.3081,46.2069]]]]}},{"type":"Feature","properties":{"id":"FR-85","name":"Vend\u00e9e","country":"France","iso":"FRA"},"geometry":{"type":"MultiPolygon","coordinates":[[[[-1.1192,46.311],[-1.7954,46.4945],[-2.1288,46.8935],[-1.9907,47.0354],[-1.5501,46.8599],[-1.4982,47.0354],[-1.4431,46.9336],[-1.2697,47.0763],[-0.9094,46.9824],[-0.712,46.802],[-0.5553,46.3697],[-1.1192,46.311]]],[[[-2.3829,46.7226],[-2.2982,46.7202],[-2.269,46.6974],[-2.3829,46.7226]]],[[[-2.2,47.0244],[-2.1426,46.9099],[-2.2956,47.0332],[-2.2,47.0244]]]]}},{"type":"Feature","properties":{"id":"FR-44","name":"Loire-Atlantique","country":"France","iso":"FRA"},"geometry":{"type":"Polygon","coordinates":[[[-1.5501,46.8599],[-2.2411,47.1425],[-2.1517,47.2797],[-1.727,47.2108],[-2.0101,47.3197],[-2.4484,47.2666],[-2.5564,47.3832],[-2.1793,47.4825],[-2.0307,47.6712],[-1.4617,47.8234],[-1.0082,47.5878],[-1.1747,47.542],[-0.9656,47.4918],[-0.9238,47.3943],[-1.3347,47.3239],[-1.1964,47.2482],[-1.2301,47.1094],[-1.1184,47.041],[-1.2697,47.0763],[-1.4431,46.9336],[-1.5466,47.0201],[-1.5501,46.8599]]]}},{"type":"Feature","properties":{"id":"FR-56","name":"Morbihan","country":"France","iso":"FRA"},"geometry":{"type":"MultiPolygon","coordinates":[[[[-2.1793,47.4825],[-2.4947,47.4912],[-2.3639,47.5062],[-2.8171,47.4992],[-2.9093,47.5584],[-2.7414,47.5513],[-2.684,47.623],[-2.9194,47.5955],[-2.9672,47.6638],[-2.9399,47.5608],[-3.1233,47.5988],[-3.1317,47.4782],[-3.2006,47.6396],[-3.118,47.7321],[-3.2242,47.6564],[-3.3583,47.6973],[-3.2826,47.6911],[-3.3583,47.711],[-3.2826,47.7873],[-3.4607,47.7076],[-3.5516,47.8154],[-3.3939,47.9525],[-3.6267,47.9827],[-3.7248,48.1317],[-3.0373,48.2043],[-2.6725,48.1292],[-2.6383,48.0345],[-2.5239,48.1604],[-2.2873,48.1337],[-2.1779,48.0732],[-2.2711,48.0054],[-2.0517,47.8361],[-2.1223,47.7743],[-2.0858,47.608],[-2.1793,47.4825]]],[[[-3.243,47.3953],[-3.067,47.3019],[-3.2621,47.3832],[-3.243,47.3953]]]]}},{"type":"Feature","properties":{"id":"FR-29","name":"Finist\u00e8re","country":"France","iso":"FRA"},"geometry":{"type":"MultiPolygon","coordinates":[[[[-3.5393,47.7737],[-4.1322,47.9239],[-4.1852,47.8134],[-4.3718,47.8072],[-4.4346,47.9757],[-4.7281,48.0406],[-4.2854,48.1154],[-4.3793,48.2324],[-4.5575,48.1772],[-4.6263,48.2871],[-4.5467,48.3468],[-4.5155,48.2958],[-4.2694,48.2884],[-4.1875,48.3075],[-4.4537,48.3354],[-4.2899,48.4316],[-4.7684,48.3454],[-4.7646,48.5202],[-4.3433,48.6789],[-3.974,48.7328],[-3.8517,48.6296],[-3.8101,48.7332],[-3.6382,48.7047],[-3.523,48.2817],[-3.7305,48.1012],[-3.6267,47.9827],[-3.3867,47.9317],[-3.5393,47.7737]]],[[[-5.0918,48.4808],[-5.088,48.4472],[-5.1328,48.4583],[-5.0918,48.4808]]]]}},{"type":"Feature","properties":{"id":"FR-22","name":"C\u00f4tes-d'Armor","country":"France","iso":"FRA"},"geometry":{"type":"Polygon","coordinates":[[[-3.6385,48.6878],[-3.5153,48.8419],[-3.2136,48.8698],[-3.2205,48.7941],[-3.1037,48.8767],[-3.1255,48.76],[-3.0082,48.8214],[-2.6824,48.509],[-2.3161,48.6986],[-2.2137,48.5819],[-2.0524,48.6501],[-1.9089,48.4894],[-1.9824,48.2803],[-2.3397,48.1184],[-2.5239,48.1604],[-2.6383,48.0345],[-2.6725,48.1292],[-3.0373,48.2043],[-3.5649,48.1857],[-3.6385,48.6878]]]}},{"type":"Feature","properties":{"id":"FR-35","name":"Ille-et-Vilaine","country":"France","iso":"FRA"},"geometry":{"type":"Polygon","coordinates":[[[-1.9615,48.3003],[-2.0255,48.6513],[-1.8437,48.7121],[-1.8382,48.6238],[-1.5897,48.6418],[-1.4483,48.4658],[-1.0791,48.4987],[-1.0406,48.0015],[-1.1677,47.9608],[-1.251,47.7804],[-1.4617,47.8234],[-2.1028,47.6393],[-2.0517,47.8361],[-2.2711,48.0054],[-2.1779,48.0732],[-2.2873,48.1337],[-1.9615,48.3003]]]}},{"type":"Feature","properties":{"id":"FR-50","name":"Manche","country":"France","iso":"FRA"},"geometry":{"type":"Polygon","coordinates":[[[-1.5897,48.6418],[-1.3566,48.6433],[-1.5536,48.7471],[-1.6029,48.8494],[-1.508,49.0337],[-1.5936,49.029],[-1.6104,49.2159],[-1.5484,49.2255],[-1.8165,49.3837],[-1.9352,49.7241],[-1.6067,49.6501],[-1.2631,49.6955],[-1.3063,49.5581],[-1.1228,49.2762],[-0.9124,49.2091],[-0.8626,49.0264],[-1.1469,48.8218],[-0.7368,48.6861],[-0.8627,48.5018],[-1.2478,48.537],[-1.4102,48.4632],[-1.5897,48.6418]]]}},{"type":"Feature","properties":{"id":"FR-14","name":"Calvados","country":"France","iso":"FRA"},"geometry":{"type":"Polygon","coordinates":[[[-1.1188,49.3462],[-0.2195,49.2801],[0.2943,49.4347],[0.4265,48.9593],[0.1051,48.9479],[-0.1404,48.8255],[-0.4413,48.8734],[-1.045,48.7752],[-1.1439,48.8363],[-0.8626,49.0264],[-0.9124,49.2091],[-1.0089,49.1974],[-1.1188,49.3462]]]}},{"type":"Feature","properties":{"id":"FR-27","name":"Eure","country":"France","iso":"FRA"},"geometry":{"type":"Polygon","coordinates":[[[0.2943,49.4347],[0.5019,49.4936],[0.8047,49.4199],[1.0225,49.2563],[1.3501,49.442],[1.539,49.4398],[1.718,49.411],[1.7834,49.2512],[1.4445,49.0427],[1.4928,48.9395],[1.3341,48.7802],[0.8164,48.6651],[0.5998,48.8739],[0.4011,48.8972],[0.4226,49.1304],[0.2943,49.4347]]]}},{"type":"Feature","properties":{"id":"FR-76","name":"Seine-Maritime","country":"France","iso":"FRA"},"geometry":{"type":"Polygon","coordinates":[[[0.8188,49.4158],[0.0754,49.5241],[0.2359,49.7293],[1.3731,50.0657],[1.7535,49.7768],[1.6809,49.6451],[1.7679,49.4899],[1.6772,49.3987],[1.3925,49.4539],[1.0225,49.2563],[0.8188,49.4158]]]}},{"type":"Feature","properties":{"id":"FR-80","name":"Somme","country":"France","iso":"FRA"},"geometry":{"type":"Polygon","coordinates":[[[1.3731,50.0657],[1.521,50.2147],[1.6725,50.1925],[1.5415,50.2779],[1.572,50.3757],[1.9386,50.329],[2.0975,50.2042],[2.456,50.2087],[2.3959,50.096],[2.7106,50.1286],[2.7474,50.0401],[3.023,50.075],[3.1931,49.9756],[3.057,49.7883],[3.1186,49.7058],[2.8848,49.7087],[2.6446,49.575],[1.8562,49.7014],[1.3731,50.0657]]]}},{"type":"Feature","properties":{"id":"FR-62","name":"Pas-de-Calais","country":"France","iso":"FRA"},"geometry":{"type":"Polygon","coordinates":[[[1.595,50.3727],[1.5806,50.8688],[2.0633,51.0143],[2.2223,50.8057],[2.3934,50.7708],[2.3715,50.6743],[2.8395,50.6566],[2.7906,50.542],[3.0588,50.4426],[3.0198,50.2674],[3.1693,50.2244],[3.0883,50.05],[2.86,50.018],[2.7106,50.1286],[2.3959,50.096],[2.4679,50.1942],[2.4103,50.2248],[2.0975,50.2042],[1.9386,50.329],[1.595,50.3727]],[[3.0037,50.1501],[3.0724,50.1308],[3.0627,50.1739],[3.0037,50.1501]]]}},{"type":"Feature","properties":{"id":"NL-ZH","name":"South Holland","country":"Netherlands","iso":"NLD"},"geometry":{"type":"Polygon","coordinates":[[[4.6756,51.7194],[4.1257,51.6796],[4.1769,51.6859],[3.8623,51.8161],[4.0776,51.8436],[4.0156,51.9877],[4.5081,52.3364],[4.6097,52.3134],[4.5481,52.2204],[4.8627,52.168],[4.7994,52.0227],[4.8873,51.9412],[5.1826,51.9669],[4.6756,51.7194]]]}},{"type":"Feature","properties":{"id":"NL-NH","name":"North Holland","country":"Netherlands","iso":"NLD"},"geometry":{"type":"MultiPolygon","coordinates":[[[[4.5081,52.3364],[4.7455,52.9676],[4.9131,52.9056],[5.1798,53.009],[5.3703,52.7903],[5.3589,52.689],[5.0952,52.5822],[5.1939,52.4285],[5.1049,52.3638],[5.3676,52.2833],[5.202,52.1874],[5.045,52.1681],[5.0658,52.2792],[4.9936,52.2854],[4.5741,52.2136],[4.6097,52.3134],[4.5081,52.3364]]],[[[4.8543,53.1877],[4.7957,53.0003],[4.7077,53.0285],[4.8543,53.1877]]]]}},{"type":"Feature","properties":{"id":"NL-FR","name":"Friesland","country":"Netherlands","iso":"NLD"},"geometry":{"type":"MultiPolygon","coordinates":[[[[5.1798,53.009],[5.5916,53.3028],[6.186,53.411],[6.2871,53.3089],[6.1737,53.1315],[6.4338,52.9693],[6.0324,52.8211],[5.3718,52.7893],[5.1798,53.009]]],[[[4.9102,53.2125],[4.9865,53.29],[5.1048,53.3096],[4.9102,53.2125]]],[[[5.2502,53.4064],[5.5853,53.4536],[5.1677,53.3682],[5.2502,53.4064]]],[[[5.6361,53.4487],[5.9138,53.4739],[5.9546,53.4611],[5.6361,53.4487]]],[[[6.1275,53.4599],[6.3108,53.5141],[6.3387,53.502],[6.1275,53.4599]]]]}},{"type":"Feature","properties":{"id":"DE-HB","name":"Free Hanseatic Bremen","country":"Germany","iso":"DEU"},"geometry":{"type":"MultiPolygon","coordinates":[[[[8.6391,53.5167],[8.513,53.6171],[8.6309,53.604],[8.6391,53.5167]]],[[[8.5187,53.2261],[8.9362,53.1628],[8.9899,53.0936],[8.7049,53.0496],[8.5187,53.2261]]]]}},{"type":"Feature","properties":{"id":"DE-HH","name":"Hamburg","country":"Germany","iso":"DEU"},"geometry":{"type":"Polygon","coordinates":[[[9.764,53.5477],[9.832,53.5436],[9.7684,53.6292],[10.1874,53.7275],[10.1832,53.529],[10.328,53.4327],[9.9129,53.4156],[9.764,53.5477]]]}},{"type":"Feature","properties":{"id":"NL-BQ1","name":"Bonaire","country":"Caribbean Netherlands","iso":"NLD"},"geometry":{"type":"Polygon","coordinates":[[[-68.2115,12.2281],[-68.2053,12.1182],[-68.2542,12.0236],[-68.3026,12.2029],[-68.4174,12.257],[-68.2115,12.2281]]]}},{"type":"Feature","properties":{"id":"CO-SAP","name":"Archipelago of Saint Andr\u00e9ws","country":"Colombia","iso":"COL"},"geometry":{"type":"MultiPolygon","coordinates":[[[[-81.7174,12.5024],[-81.7169,12.5632],[-81.691,12.5913],[-81.7174,12.5024]]],[[[-81.3463,13.3487],[-81.3861,13.3415],[-81.3653,13.374],[-81.3463,13.3487]]],[[[-80.0909,13.578],[-80.0894,13.5769],[-80.0904,13.5766],[-80.0909,13.578]]]]}},{"type":"Feature","properties":{"id":"FR-MQ","name":"Martinique","country":"France","iso":"FRA"},"geometry":{"type":"Polygon","coordinates":[[[-60.8104,14.462],[-61.0696,14.4667],[-60.996,14.565],[-61.1596,14.6669],[-61.2195,14.8465],[-60.8793,14.7773],[-60.9375,14.6664],[-60.8104,14.462]]]}},{"type":"Feature","properties":{"id":"FR-GP","name":"Guadeloupe","country":"France","iso":"FRA"},"geometry":{"type":"MultiPolygon","coordinates":[[[[-61.194,15.9321],[-61.2749,15.8738],[-61.332,15.932],[-61.2683,16.0093],[-61.194,15.9321]]],[[[-61.0391,16.3445],[-61.0686,16.3022],[-61.0916,16.3054],[-61.0391,16.3445]]],[[[-61.5517,16.2855],[-61.566,16.0335],[-61.6949,15.9492],[-61.7974,16.3122],[-61.5517,16.2855]]],[[[-61.5442,16.2854],[-61.4625,16.5131],[-61.3657,16.3488],[-61.1636,16.253],[-61.4621,16.2023],[-61.5442,16.2854]]],[[[-61.6383,15.8532],[-61.6161,15.8601],[-61.6276,15.847],[-61.6383,15.8532]]],[[[-61.5799,15.8808],[-61.5822,15.8618],[-61.5957,15.8629],[-61.5799,15.8808]]]]}},{"type":"Feature","properties":{"id":"NL-BQ3","name":"Sint Eustatius","country":"Netherlands","iso":"NLD"},"geometry":{"type":"Polygon","coordinates":[[[-62.9811,17.4677],[-62.9451,17.4854],[-62.9587,17.4646],[-62.9811,17.4677]]]}},{"type":"Feature","properties":{"id":"RU-KL","name":"Republic of Kalmykia","country":"Russia","iso":"RUS"},"geometry":{"type":"Polygon","coordinates":[[[47.4964,45.5653],[47.4968,45.43],[47.3814,45.411],[47.4601,45.3908],[47.3794,45.2028],[47.0988,44.9564],[47.0783,44.7851],[47.0032,44.9216],[46.8881,44.7519],[46.4337,44.9366],[45.706,44.9758],[45.5862,45.1583],[44.2072,45.61],[43.8776,45.9455],[43.3925,46.016],[42.9156,46.2414],[42.5166,45.9897],[42.3255,45.9719],[42.3325,46.1248],[42.1774,46.0991],[42.1049,45.9279],[41.7126,45.996],[41.6471,46.1671],[41.8569,46.155],[41.9631,46.2891],[42.2063,46.317],[42.0343,46.5433],[42.1685,46.5787],[42.6099,46.4076],[42.9284,46.4356],[43.3556,46.1724],[43.6194,46.1973],[43.773,46.4079],[43.8617,46.2918],[43.9608,46.3361],[43.9264,46.5283],[43.8171,46.5887],[44.2624,46.9001],[44.3327,47.4807],[44.2388,47.5734],[44.1263,47.5446],[44.1164,47.4184],[43.9737,47.3934],[43.9392,47.2689],[43.8023,47.2825],[43.6363,47.5757],[44.0716,47.9066],[44.3891,47.8683],[44.4652,48.0388],[44.3281,48.0638],[44.3111,48.2582],[44.5348,48.2055],[44.569,48.0565],[44.8297,48.0717],[44.9626,48.2087],[45.5469,47.9971],[45.7165,48.0329],[45.8289,47.7282],[46.297,47.437],[46.6725,47.6263],[46.8059,47.5782],[46.5156,47.3926],[46.8009,47.0036],[47.2135,46.7423],[46.9387,46.5713],[46.9541,46.4341],[46.6636,46.429],[46.493,46.2857],[46.8696,46.2393],[46.8402,46.0755],[47.1738,46.1048],[46.889,45.5783],[47.3646,45.6854],[47.4964,45.5653]]]}},{"type":"Feature","properties":{"id":"FR-RE","name":"R\u00e9union","country":"France","iso":"FRA"},"geometry":{"type":"Polygon","coordinates":[[[55.5784,-20.8748],[55.8545,-21.157],[55.812,-21.3425],[55.575,-21.3679],[55.3496,-21.2714],[55.2254,-21.0297],[55.2874,-20.9117],[55.5784,-20.8748]]]}},{"type":"Feature","properties":{"id":"FR-YT","name":"Mayotte","country":"France","iso":"FRA"},"geometry":{"type":"MultiPolygon","coordinates":[[[[45.2757,-12.8049],[45.2826,-12.7434],[45.2826,-12.8049],[45.2757,-12.8049]]],[[[45.2007,-12.7229],[45.1864,-12.9688],[45.0972,-12.9824],[45.0425,-12.6984],[45.2007,-12.7229]]]]}},{"type":"Feature","properties":{"id":"IT-TP","name":"Trapani","country":"Italy","iso":"ITA"},"geometry":{"type":"MultiPolygon","coordinates":[[[[11.925,36.812],[12.0515,36.7904],[12.0306,36.7414],[11.925,36.812]]],[[[12.2997,37.9193],[12.3142,37.9464],[12.3688,37.9252],[12.2997,37.9193]]],[[[12.8939,37.5733],[12.6594,37.5651],[12.427,37.797],[12.4929,38.0214],[12.7318,38.1928],[13.0482,37.954],[12.9527,37.8303],[13.0865,37.8117],[12.9061,37.689],[12.8939,37.5733]]],[[[12.0536,37.9924],[12.0793,37.9503],[12.0304,37.9844],[12.0536,37.9924]]]]}},{"type":"Feature","properties":{"id":"IT-ME","name":"Messina","country":"Italy","iso":"ITA"},"geometry":{"type":"MultiPolygon","coordinates":[[[[14.1796,38.0257],[14.9071,38.1877],[15.0879,38.1282],[15.2372,38.2648],[15.6516,38.2753],[15.2599,37.8078],[14.8309,37.9632],[14.7329,37.8812],[14.7893,37.8087],[14.5613,37.876],[14.4683,37.8019],[14.2799,37.8402],[14.1796,38.0257]]],[[[14.9483,38.3964],[15.0073,38.3777],[14.9868,38.3641],[14.9483,38.3964]]],[[[14.9663,38.4534],[14.9248,38.5224],[14.9793,38.4875],[14.9663,38.4534]]],[[[14.867,38.5811],[14.8617,38.5393],[14.7938,38.5716],[14.867,38.5811]]],[[[14.3608,38.539],[14.3428,38.5473],[14.3572,38.5512],[14.3608,38.539]]],[[[14.564,38.5845],[14.5516,38.5616],[14.5425,38.5869],[14.564,38.5845]]],[[[15.2121,38.8105],[15.2175,38.773],[15.187,38.789],[15.2121,38.8105]]]]}},{"type":"Feature","properties":{"id":"IT-PA","name":"Palermo","country":"Italy","iso":"ITA"},"geometry":{"type":"MultiPolygon","coordinates":[[[[12.9761,38.0442],[13.1009,38.1901],[13.3181,38.2206],[13.3914,38.1032],[13.7051,37.9805],[14.1796,38.0257],[14.2925,37.747],[13.9747,37.5832],[13.79,37.7334],[13.4449,37.6477],[13.3563,37.5393],[13.3497,37.6571],[13.2415,37.6225],[13.0554,37.7054],[13.0819,37.8206],[12.9527,37.8303],[13.0482,37.954],[12.9761,38.0442]],[[14.0402,37.7194],[14.0665,37.6798],[14.0879,37.7017],[14.0402,37.7194]]],[[[13.1535,38.6948],[13.1857,38.7175],[13.1974,38.7083],[13.1535,38.6948]]],[[[13.1454,37.6146],[13.1762,37.6348],[13.1789,37.6254],[13.1454,37.6146]]]]}},{"type":"Feature","properties":{"id":"IT-AG","name":"Agrigento","country":"Italy","iso":"ITA"},"geometry":{"type":"MultiPolygon","coordinates":[[[[14.0393,37.1145],[13.8944,37.1008],[13.0169,37.4975],[12.8939,37.5733],[12.9061,37.689],[13.3375,37.6635],[13.3563,37.5393],[13.4449,37.6477],[13.7814,37.6752],[13.6441,37.4589],[13.8942,37.402],[14.0393,37.1145]],[[13.1404,37.6294],[13.1789,37.6254],[13.1505,37.6421],[13.1404,37.6294]]],[[[12.8459,35.8627],[12.874,35.8664],[12.8726,35.8523],[12.8459,35.8627]]],[[[12.5557,35.5212],[12.6111,35.4892],[12.5261,35.5167],[12.5557,35.5212]]]]}},{"type":"Feature","properties":{"id":"IT-CL","name":"Caltanissetta","country":"Italy","iso":"ITA"},"geometry":{"type":"MultiPolygon","coordinates":[[[[14.3346,37.0006],[14.0393,37.1145],[14.0195,37.2778],[13.8478,37.4331],[13.6441,37.4589],[13.6715,37.588],[13.8169,37.6193],[13.7734,37.7254],[13.9565,37.5855],[14.1544,37.6094],[14.0901,37.346],[14.3525,37.306],[14.4723,37.1342],[14.3346,37.0006]]],[[[14.0236,37.7071],[14.0794,37.6873],[14.0102,37.6779],[14.0236,37.7071]]]]}},{"type":"Feature","properties":{"id":"IT-RG","name":"Ragusa","country":"Italy","iso":"ITA"},"geometry":{"type":"Polygon","coordinates":[[[15.0003,36.7024],[14.4873,36.7934],[14.3346,37.0006],[14.7937,37.132],[14.936,36.872],[14.8433,36.8368],[15.0003,36.7024]]]}},{"type":"Feature","properties":{"id":"IT-SR","name":"Syracuse","country":"Italy","iso":"ITA"},"geometry":{"type":"Polygon","coordinates":[[[14.9011,37.4103],[15.252,37.2577],[15.1834,37.2075],[15.3324,37.0116],[15.1584,36.9242],[15.0939,36.6549],[14.8433,36.8368],[14.936,36.872],[14.7957,37.1214],[14.8646,37.197],[14.777,37.2169],[14.9011,37.4103]]]}},{"type":"Feature","properties":{"id":"IT-CT","name":"Catania","country":"Italy","iso":"ITA"},"geometry":{"type":"Polygon","coordinates":[[[15.2599,37.8078],[15.0925,37.3588],[14.9011,37.4103],[14.7878,37.3335],[14.8673,37.3149],[14.7773,37.2275],[14.8387,37.129],[14.444,37.0529],[14.3525,37.306],[14.6287,37.4212],[14.5147,37.4631],[14.5429,37.5425],[14.7721,37.5024],[14.8356,37.5966],[14.7977,37.7128],[14.712,37.7068],[14.7692,37.9424],[15.2599,37.8078]]]}},{"type":"Feature","properties":{"id":"IT-CI","name":"Carbonia-Iglesias","country":"Italy","iso":"ITA"},"geometry":{"type":"MultiPolygon","coordinates":[[[[8.346,39.0977],[8.4839,39.0698],[8.4098,38.9618],[8.346,39.0977]]],[[[8.3058,39.1933],[8.3058,39.1046],[8.2547,39.1071],[8.23,39.1728],[8.3058,39.1933]]],[[[8.6103,38.9549],[8.3728,39.2221],[8.4198,39.4675],[8.6993,39.3749],[8.849,39.0874],[8.6103,38.9549]]]]}},{"type":"Feature","properties":{"id":"IT-SS","name":"Sassari","country":"Italy","iso":"ITA"},"geometry":{"type":"MultiPolygon","coordinates":[[[[8.3262,41.1261],[8.2464,40.9936],[8.2096,40.9958],[8.3262,41.1261]]],[[[8.3921,40.4123],[8.2915,40.5954],[8.1473,40.5932],[8.2022,40.9753],[8.2778,40.8654],[8.501,40.8244],[8.9666,40.9528],[8.8979,40.8705],[8.9934,40.8418],[9.01,40.6828],[9.1766,40.6545],[9.1918,40.5128],[9.2806,40.4858],[9.0279,40.3053],[8.8371,40.4138],[8.6465,40.3063],[8.3921,40.4123]]]]}},{"type":"Feature","properties":{"id":"IT-NU","name":"Nuoro","country":"Italy","iso":"ITA"},"geometry":{"type":"Polygon","coordinates":[[[9.7488,40.6603],[9.8264,40.5296],[9.7617,40.3907],[9.3003,40.0426],[9.2002,39.8262],[8.9882,39.9321],[8.9927,40.2075],[8.6187,40.2762],[8.8318,40.4141],[9.0279,40.3053],[9.2749,40.4769],[9.1895,40.5368],[9.424,40.6535],[9.7488,40.6603]]]}},{"type":"Feature","properties":{"id":"IT-OT","name":"Olbia-Tempio","country":"Italy","iso":"ITA"},"geometry":{"type":"MultiPolygon","coordinates":[[[[8.8112,40.9408],[9.2306,41.2626],[9.4429,41.092],[9.5664,41.1193],[9.5119,41.0163],[9.6626,41.0026],[9.5042,40.9269],[9.724,40.8449],[9.6579,40.7999],[9.7488,40.6603],[9.6021,40.6987],[9.1895,40.5368],[9.1766,40.6545],[9.01,40.6828],[8.9934,40.8418],[8.9005,40.8635],[8.9666,40.9528],[8.8112,40.9408]]],[[[9.437,41.1859],[9.4749,41.1793],[9.4644,41.1727],[9.437,41.1859]]],[[[9.4142,41.2624],[9.3953,41.2106],[9.3731,41.2299],[9.4142,41.2624]]]]}},{"type":"Feature","properties":{"id":"IT-OR","name":"Oristano","country":"Italy","iso":"ITA"},"geometry":{"type":"Polygon","coordinates":[[[8.5485,39.6979],[8.5453,39.8786],[8.3945,39.9127],[8.3772,40.0338],[8.49,40.1045],[8.3921,40.4123],[8.5296,40.4119],[8.678,40.214],[8.9927,40.2075],[8.9882,39.9321],[9.1582,39.8631],[8.7516,39.6323],[8.5485,39.6979]]]}},{"type":"Feature","properties":{"id":"IT-VS","name":"Medio Campidano","country":"Italy","iso":"ITA"},"geometry":{"type":"Polygon","coordinates":[[[8.3981,39.4465],[8.4461,39.7625],[8.6771,39.634],[8.9408,39.7849],[9.0713,39.7468],[8.9703,39.4148],[8.3981,39.4465]]]}},{"type":"Feature","properties":{"id":"IT-CA","name":"Cagliari","country":"Italy","iso":"ITA"},"geometry":{"type":"Polygon","coordinates":[[[9.6463,39.5491],[9.5186,39.1046],[9.0139,39.2639],[9.0798,39.2246],[9.0257,38.9953],[8.8533,38.878],[8.5999,38.8991],[8.6667,39.0432],[8.849,39.0874],[8.6993,39.3749],[8.9784,39.422],[9.0731,39.7427],[9.0033,39.7605],[9.2002,39.8262],[9.2018,39.9039],[9.2804,39.9173],[9.3465,39.6858],[9.6463,39.5491]]]}},{"type":"Feature","properties":{"id":"IT-OG","name":"Ogliastra","country":"Italy","iso":"ITA"},"geometry":{"type":"Polygon","coordinates":[[[9.6272,40.2245],[9.7323,40.0839],[9.6463,39.5491],[9.3465,39.6858],[9.273,39.8507],[9.3003,40.0426],[9.6272,40.2245]]]}},{"type":"Feature","properties":{"id":"FR-2B","name":"Haute-Corse","country":"France","iso":"FRA"},"geometry":{"type":"MultiPolygon","coordinates":[[[[9.4566,42.6474],[9.4821,42.6201],[9.4768,42.6191],[9.4566,42.6474]]],[[[8.5705,42.3818],[8.7092,42.5792],[9.1178,42.732],[9.2922,42.6748],[9.3467,43.0037],[9.464,42.9901],[9.4429,42.6406],[9.5281,42.5635],[9.5596,42.1466],[9.3958,41.8604],[9.2274,41.8555],[9.2211,42.0275],[8.8681,42.3214],[8.5705,42.3818]]]]}},{"type":"Feature","properties":{"id":"FR-2A","name":"Corse-du-Sud","country":"France","iso":"FRA"},"geometry":{"type":"Polygon","coordinates":[[[9.3958,41.8604],[9.2232,41.3725],[8.7972,41.5571],[8.9227,41.6946],[8.6551,41.7499],[8.8054,41.9069],[8.6073,41.9138],[8.745,42.0566],[8.5596,42.154],[8.5495,42.2423],[8.6887,42.281],[8.5521,42.3867],[8.8681,42.3214],[9.2211,42.0275],[9.2274,41.8555],[9.3958,41.8604]]]}},{"type":"Feature","properties":{"id":"GB-IOW","name":"Isle of Wight","country":"United Kingdom","iso":"GBR"},"geometry":{"type":"Polygon","coordinates":[[[-1.0828,50.7133],[-1.2792,50.5825],[-1.5695,50.658],[-1.3185,50.7722],[-1.0828,50.7133]]]}},{"type":"Feature","properties":{"id":"GB-AGY","name":"Anglesey","country":"United Kingdom","iso":"GBR"},"geometry":{"type":"MultiPolygon","coordinates":[[[[-4.6263,53.3209],[-4.5636,53.2419],[-4.694,53.3096],[-4.6263,53.3209]]],[[[-4.0981,53.3096],[-4.4066,53.1306],[-4.571,53.2755],[-4.571,53.3928],[-4.3247,53.4195],[-4.0981,53.3096]]]]}},{"type":"Feature","properties":{"id":"GB-ELS","name":"Outer Hebrides","country":"United Kingdom","iso":"GBR"},"geometry":{"type":"MultiPolygon","coordinates":[[[[-7.4492,57.0586],[-7.4453,56.9471],[-7.5568,56.9531],[-7.4492,57.0586]]],[[[-7.2438,57.3255],[-7.2567,57.2367],[-7.353,57.2429],[-7.2599,57.1598],[-7.3462,57.1479],[-7.2159,57.1138],[-7.353,57.0996],[-7.4554,57.2367],[-7.4281,57.3876],[-7.2438,57.3255]]],[[[-7.3696,57.4893],[-7.2054,57.4186],[-7.4076,57.4456],[-7.3696,57.4893]]],[[[-7.3121,57.6885],[-7.0651,57.634],[-7.2159,57.634],[-7.1256,57.5711],[-7.3121,57.5521],[-7.1575,57.5111],[-7.5448,57.593],[-7.3121,57.6885]]],[[[-7.199,57.708],[-7.1802,57.7347],[-7.152,57.7263],[-7.199,57.708]]],[[[-8.5909,57.8048],[-8.6053,57.8264],[-8.5522,57.8189],[-8.5909,57.8048]]],[[[-6.9974,57.9151],[-7.0793,57.8803],[-7.0377,57.9163],[-6.9974,57.9151]]],[[[-6.8733,58.2099],[-6.88,58.2578],[-6.7912,58.2099],[-6.8733,58.2099]]],[[[-6.9551,57.7438],[-7.1251,57.8369],[-6.8391,57.9356],[-7.1128,57.9902],[-6.9346,58.0523],[-7.0582,58.0386],[-7.1128,58.182],[-6.9073,58.2168],[-6.9371,58.211],[-6.8596,58.1069],[-6.8695,58.1894],[-6.7094,58.1894],[-6.8186,58.2851],[-6.2231,58.4992],[-6.1675,58.3465],[-6.3661,58.2373],[-6.16,58.2168],[-6.6194,58.0864],[-6.3524,58.0386],[-6.5449,58.0175],[-6.4555,57.9765],[-6.5375,57.9213],[-6.661,57.9288],[-6.7094,58.0039],[-6.592,58.0585],[-6.6883,58.0585],[-6.764,58.0039],[-6.661,57.8803],[-6.787,57.8988],[-6.7419,57.8315],[-6.9551,57.7438]]],[[[-13.6886,57.5963],[-13.6904,57.5978],[-13.6877,57.5972],[-13.6886,57.5963]]]]}},{"type":"Feature","properties":{"id":"GB-ORK","name":"Orkney Islands","country":"United Kingdom","iso":"GBR"},"geometry":{"type":"MultiPolygon","coordinates":[[[[-3.0356,58.8201],[-2.8837,58.8322],[-2.9399,58.7307],[-3.0356,58.8201]]],[[[-3.2484,58.7922],[-3.1317,58.8065],[-3.2993,58.7791],[-3.4333,58.885],[-3.2461,58.8962],[-3.1727,58.8201],[-3.2484,58.7922]]],[[[-2.7277,58.9709],[-2.8238,58.8815],[-3.3667,59.0161],[-3.3238,59.1274],[-3.1827,59.1472],[-2.9945,59.0733],[-3.1167,58.9982],[-2.7277,58.9709]]],[[[-2.6655,59.1552],[-2.5148,59.0938],[-2.6861,59.0892],[-2.6655,59.1552]]],[[[-2.953,59.1832],[-3.0918,59.1428],[-3.1204,59.1766],[-2.953,59.1832]]],[[[-2.7891,59.1453],[-2.7611,59.2521],[-2.7345,59.1484],[-2.7891,59.1453]]],[[[-2.6116,59.293],[-2.3925,59.2855],[-2.6926,59.1923],[-2.6116,59.293]]],[[[-3.0492,59.3198],[-2.9652,59.3609],[-2.8301,59.2521],[-2.8854,59.2304],[-3.0492,59.3198]]]]}},{"type":"Feature","properties":{"id":"GB-ZET","name":"Shetland Islands","country":"United Kingdom","iso":"GBR"},"geometry":{"type":"MultiPolygon","coordinates":[[[[-1.5967,59.532],[-1.6252,59.5558],[-1.5831,59.56],[-1.5967,59.532]]],[[[-0.8221,60.6287],[-0.8562,60.5673],[-0.9388,60.6287],[-0.8221,60.6287]]],[[[-1.2208,60.4091],[-1.0344,60.4506],[-1.1722,60.3476],[-1.0898,60.2725],[-1.2194,60.2383],[-1.1238,60.1496],[-1.2132,60.1074],[-1.2746,59.8542],[-1.376,59.9086],[-1.2626,60.1151],[-1.2677,60.2452],[-1.4111,60.2589],[-1.3497,60.2111],[-1.4554,60.1562],[-1.6902,60.2851],[-1.2604,60.355],[-1.395,60.39],[-1.446,60.4923],[-1.6094,60.4833],[-1.527,60.5568],[-1.4551,60.5089],[-1.3844,60.5121],[-1.4801,60.5394],[-1.3014,60.6431],[-1.3702,60.4022],[-1.2175,60.498],[-1.1517,60.4308],[-1.2208,60.4091]]],[[[-0.9872,60.6977],[-1.0623,60.6629],[-1.0238,60.503],[-1.1539,60.5084],[-1.1139,60.7147],[-0.9872,60.6977]]],[[[-0.8219,60.685],[-0.9388,60.8001],[-0.7718,60.8334],[-0.8219,60.685]]],[[[-1.3457,60.109],[-1.3336,60.0436],[-1.3679,60.0448],[-1.3457,60.109]]],[[[-2.0879,60.1555],[-2.063,60.118],[-2.1123,60.138],[-2.0879,60.1555]]],[[[-1.0795,60.1883],[-1.0839,60.1052],[-1.1349,60.1787],[-1.0795,60.1883]]],[[[-0.9188,60.3862],[-0.976,60.3403],[-1.0341,60.3402],[-1.0064,60.369],[-0.9188,60.3862]]]]}},{"type":"Feature","properties":{"id":"AU-TAS","name":"Tasmania","country":"Australia","iso":"AUS"},"geometry":{"type":"MultiPolygon","coordinates":[[[[147.9985,-43.2304],[147.8828,-43.1315],[147.7925,-43.2441],[147.6272,-43.0427],[147.6926,-42.9362],[147.8871,-43.0344],[147.8403,-42.902],[147.5335,-42.8366],[147.5591,-42.9772],[147.4362,-43.0461],[147.4773,-42.9089],[147.2837,-42.7785],[147.3602,-42.9252],[147.3332,-43.0427],[147.2544,-43.0273],[147.2576,-43.2543],[146.9729,-43.1311],[147.0998,-43.2994],[146.9627,-43.3403],[147.0553,-43.3562],[146.9216,-43.4296],[147.0178,-43.4781],[146.9017,-43.532],[146.927,-43.6117],[146.7107,-43.629],[146.5547,-43.4694],[146.0242,-43.5525],[145.9432,-43.3648],[146.1614,-43.4159],[146.2295,-43.3198],[146.0254,-43.3249],[145.9172,-43.1959],[145.9258,-43.2892],[145.8318,-43.2926],[145.2655,-42.6043],[145.1887,-42.1957],[145.4348,-42.3793],[145.472,-42.5128],[145.5581,-42.3416],[145.3457,-42.1472],[145.229,-42.1957],[145.2066,-41.9666],[144.7498,-41.4142],[144.6058,-40.9965],[144.7038,-40.8714],[144.6986,-40.6603],[145.1188,-40.8214],[145.2692,-40.72],[145.3324,-40.8381],[145.5239,-40.8458],[145.8098,-41.027],[146.5856,-41.1801],[146.7442,-41.0655],[146.8081,-41.1567],[146.9496,-41.1611],[146.8193,-41.0754],[147.0176,-40.9767],[147.4448,-41.0084],[147.6506,-40.8285],[147.8495,-40.8888],[147.9842,-40.7365],[148.2093,-40.8408],[148.3314,-41.0022],[148.261,-41.8004],[148.3643,-42.2044],[148.258,-42.2442],[148.3201,-42.1194],[148.1624,-42.0592],[148.2417,-42.0074],[148.181,-41.9474],[148.1314,-42.0619],[148.2171,-42.0934],[148.0929,-42.1002],[147.9639,-42.3398],[148.0309,-42.3323],[148.006,-42.5141],[147.8887,-42.5451],[147.9531,-42.72],[147.8446,-42.8661],[148.0047,-42.9089],[147.9985,-43.2304]]],[[[147.3045,-43.2618],[147.3039,-43.5089],[147.0862,-43.4296],[147.1792,-43.454],[147.3045,-43.2618]]],[[[147.36,-43.0749],[147.4375,-43.2389],[147.3608,-43.2579],[147.2918,-43.153],[147.36,-43.0749]]],[[[148.0246,-42.6135],[148.176,-42.6482],[148.0116,-42.7512],[148.0246,-42.6135]]],[[[148.2656,-42.2965],[148.3406,-42.3541],[148.2307,-42.2994],[148.2656,-42.2965]]],[[[144.9305,-40.6153],[145.0652,-40.7092],[144.8728,-40.716],[144.9305,-40.6153]]],[[[148.1942,-40.5963],[148.1311,-40.5138],[148.2511,-40.4894],[148.1942,-40.5963]]],[[[144.7909,-40.4212],[144.7905,-40.5021],[144.7424,-40.5925],[144.7083,-40.4894],[144.7909,-40.4212]]],[[[144.9502,-40.4534],[144.8312,-40.428],[144.9605,-40.3979],[144.9502,-40.4534]]],[[[148.3235,-40.3045],[148.4845,-40.428],[148.3406,-40.5037],[148.3273,-40.436],[147.9985,-40.4177],[148.3235,-40.3045]]],[[[148.1243,-40.2706],[147.8809,-39.895],[147.7577,-39.8793],[147.9533,-39.7117],[148.299,-39.9618],[148.2239,-40.1264],[148.299,-40.0991],[148.3269,-40.2226],[148.1243,-40.2706]]],[[[144.1092,-39.6658],[144.1125,-40.0309],[143.9028,-40.1262],[143.8372,-39.9186],[143.9446,-39.5789],[144.1092,-39.6658]]]]}},{"type":"Feature","properties":{"id":"US-HI","name":"Hawaii","country":"United States of America","iso":"USA"},"geometry":{"type":"MultiPolygon","coordinates":[[[[-155.168,19.9468],[-154.8141,19.5066],[-154.8747,19.4129],[-155.5028,19.1377],[-155.6748,18.9061],[-155.8781,19.0291],[-155.8874,19.3596],[-156.0602,19.7312],[-155.8355,19.9757],[-155.8805,20.252],[-155.168,19.9468]]],[[[-156.6088,20.591],[-156.5446,20.5132],[-156.7006,20.5254],[-156.6088,20.591]]],[[[-156.8484,20.8768],[-156.8313,20.7638],[-156.9623,20.7324],[-157.0631,20.8904],[-156.8484,20.8768]]],[[[-156.0017,20.8004],[-156.0484,20.6509],[-156.4077,20.5872],[-156.4643,20.7814],[-156.696,20.9158],[-156.5979,21.0327],[-156.4817,20.9044],[-156.2819,20.9503],[-156.0017,20.8004]]],[[[-156.749,21.171],[-156.8696,21.0534],[-157.3039,21.1096],[-157.2598,21.2219],[-156.749,21.171]]],[[[-157.9697,21.7091],[-157.7041,21.2595],[-157.947,21.3027],[-157.9609,21.3888],[-158.0943,21.2936],[-158.2789,21.5753],[-157.9697,21.7091]]],[[[-160.1138,22.0003],[-160.0722,21.9108],[-160.2113,21.7802],[-160.2455,21.8508],[-160.1138,22.0003]]],[[[-159.3013,22.151],[-159.4373,21.8688],[-159.7872,22.0193],[-159.5585,22.233],[-159.3013,22.151]]],[[[-161.9409,23.042],[-161.9448,23.0462],[-161.9404,23.0456],[-161.9409,23.042]]],[[[-164.7043,23.5793],[-164.6991,23.5705],[-164.7085,23.5745],[-164.7043,23.5793]]],[[[-167.9956,25.0117],[-168.0028,25.0148],[-167.9999,25.0164],[-167.9956,25.0117]]],[[[-171.7407,25.769],[-171.7294,25.7519],[-171.7391,25.7563],[-171.7407,25.769]]],[[[-173.9656,26.0586],[-173.9592,26.0596],[-173.9599,26.0553],[-173.9656,26.0586]]],[[[-178.298,28.391],[-178.2879,28.393],[-178.3044,28.3879],[-178.298,28.391]]]]}},{"type":"Feature","properties":{"id":"JP-47","name":"Okinawa Prefecture","country":"Japan","iso":"JPN"},"geometry":{"type":"MultiPolygon","coordinates":[[[[123.6682,24.2966],[123.9344,24.3675],[123.8731,24.2582],[123.6682,24.2966]]],[[[122.9556,24.4731],[122.9984,24.4395],[122.9386,24.4442],[122.9556,24.4731]]],[[[124.3291,24.5836],[124.2419,24.3637],[124.1403,24.342],[124.0784,24.4355],[124.3291,24.5836]]],[[[125.2603,24.8852],[125.4526,24.7449],[125.2588,24.7334],[125.2603,24.8852]]],[[[131.2361,25.8721],[131.2525,25.819],[131.2121,25.829],[131.2361,25.8721]]],[[[126.7699,26.388],[126.7889,26.3035],[126.6978,26.369],[126.7699,26.388]]],[[[128.3377,26.7969],[128.1384,26.554],[127.8517,26.4412],[127.9199,26.3096],[127.8283,26.3162],[127.7969,26.1397],[127.6517,26.0844],[127.7225,26.4299],[127.9602,26.5641],[127.8783,26.6945],[128.0574,26.6448],[128.2551,26.8863],[128.3377,26.7969]]],[[[128.7007,27.4548],[128.6131,27.3643],[128.5269,27.3719],[128.5384,27.4176],[128.7007,27.4548]]],[[[128.8945,27.8913],[129.0243,27.7566],[128.9295,27.6867],[128.8945,27.8913]]],[[[129.1808,28.1903],[129.3504,28.0865],[129.2214,28.0991],[129.1808,28.1903]]],[[[130.0303,28.3735],[129.9955,28.2909],[129.9136,28.2971],[129.9756,28.3432],[130.0303,28.3735]]],[[[129.7075,28.4621],[129.4474,28.2909],[129.376,28.1196],[129.1458,28.2499],[129.7075,28.4621]]],[[[127.7546,26.7286],[127.8112,26.707],[127.7586,26.7129],[127.7546,26.7286]]],[[[127.9357,27.0251],[127.9758,27.0397],[127.9258,27.0098],[127.9357,27.0251]]],[[[131.3096,25.9228],[131.3213,25.9477],[131.3279,25.9371],[131.3096,25.9228]]],[[[127.2149,26.5775],[127.2424,26.5967],[127.2442,26.5864],[127.2149,26.5775]]],[[[128.429,27.0665],[128.4486,27.0207],[128.3963,27.0408],[128.429,27.0665]]],[[[128.2323,27.8529],[128.2434,27.8572],[128.2415,27.8454],[128.2323,27.8529]]],[[[125.1636,24.8546],[125.2053,24.805],[125.1401,24.8164],[125.1636,24.8546]]],[[[127.3462,26.2064],[127.3611,26.164],[127.3535,26.154],[127.3462,26.2064]]],[[[123.6063,25.739],[123.6004,25.7394],[123.6028,25.7455],[123.6063,25.739]]],[[[123.5942,25.7528],[123.593,25.7444],[123.5886,25.7515],[123.5942,25.7528]]],[[[123.5599,25.7568],[123.5582,25.7543],[123.5556,25.7576],[123.5599,25.7568]]],[[[123.5314,25.7733],[123.5289,25.7618],[123.5115,25.7581],[123.5314,25.7733]]],[[[123.6205,25.7745],[123.6205,25.7736],[123.618,25.7745],[123.6205,25.7745]]],[[[123.5953,25.8019],[123.5955,25.7973],[123.5924,25.7974],[123.5953,25.8019]]],[[[124.5668,25.8984],[124.5677,25.8944],[124.5653,25.8957],[124.5668,25.8984]]],[[[123.673,25.9287],[123.672,25.9275],[123.6717,25.9298],[123.673,25.9287]]],[[[123.6858,25.9228],[123.6727,25.9268],[123.6792,25.9308],[123.6858,25.9228]]]]}},{"type":"Feature","properties":{"id":"RU-KAM","name":"Kamchatka Krai","country":"Russia","iso":"RUS"},"geometry":{"type":"MultiPolygon","coordinates":[[[[167.7341,54.7626],[168.1104,54.5035],[167.4391,54.8663],[167.7341,54.7626]]],[[[166.2503,55.1523],[166.6644,54.6801],[166.3565,54.8395],[165.9929,55.2219],[165.7464,55.2971],[166.2537,55.3319],[166.2503,55.1523]]],[[[164.7069,58.9768],[164.6319,58.8654],[164.1702,58.8243],[163.846,58.6905],[163.49,58.4445],[163.4129,58.5354],[163.6105,58.6075],[163.9132,58.9943],[163.7493,59.019],[164.5581,59.2397],[164.7069,58.9768]]],[[[174.4536,61.8148],[174.073,61.8416],[174.0207,61.7969],[174.1066,61.7802],[173.8049,61.6498],[173.5446,61.7491],[173.4811,61.5552],[173.1284,61.397],[172.7156,61.4307],[172.9313,61.3515],[172.8945,61.2779],[172.6678,61.3345],[172.7668,61.2625],[172.2427,61.1427],[172.4761,61.0557],[172.263,61.015],[172.0093,61.1011],[172.2009,60.9758],[172.0471,60.8607],[171.9578,60.9531],[171.9494,60.8483],[171.5369,60.807],[171.6326,60.7448],[171.4134,60.6902],[171.4679,60.7311],[171.3963,60.7829],[171.3724,60.6431],[171.1795,60.5589],[170.5159,60.4506],[170.6621,60.332],[170.5023,60.2725],[170.4006,59.9656],[170.2651,59.9204],[169.8488,60.1816],[169.9746,60.2322],[169.7552,60.2756],[169.6934,60.4165],[169.2144,60.6287],[167.7681,60.553],[167.5923,60.4455],[167.3361,60.4711],[167.374,60.406],[167.1921,60.355],[167.0249,60.4277],[167.0481,60.3284],[166.2451,59.8306],[166.1095,59.8275],[166.1028,59.9094],[166.2854,60.1973],[166.2326,60.396],[166.3733,60.4995],[166.0134,60.4404],[165.9241,60.3824],[165.9797,60.3757],[166.0408,60.4233],[166.0806,60.4374],[166.2121,60.4575],[165.6709,60.252],[165.445,60.2589],[165.2293,60.0972],[165.1917,60.1701],[164.9993,60.1353],[165.2121,59.9914],[164.8386,59.7874],[164.4885,60.111],[164.1179,59.9414],[164.1904,59.8542],[164.0417,59.9075],[164.2048,59.9975],[163.6287,60.0466],[163.7938,59.9914],[163.3618,59.8275],[163.3901,59.6315],[163.1802,59.5583],[163.3215,59.411],[163.3125,59.2875],[163.0669,59.2341],[163.2619,59.0808],[162.8827,59.1328],[163.0685,58.9681],[162.8782,58.9065],[162.8899,58.9787],[162.6766,58.8741],[162.7877,58.8319],[162.4053,58.6544],[161.9932,58.0874],[162.082,57.8825],[162.4555,57.7844],[162.3545,57.6885],[162.5218,57.7542],[162.5298,57.9365],[162.69,57.9697],[163.3295,57.7089],[163.0748,57.461],[162.8002,57.3464],[162.8599,57.0514],[162.7835,56.763],[163.239,56.733],[163.3661,56.1807],[163.0512,56.0054],[162.5568,56.2285],[163.1161,56.5005],[163.0201,56.5376],[162.9099,56.4257],[162.6829,56.4839],[162.414,56.3839],[162.5925,56.2685],[162.0568,56.0691],[161.7641,55.5548],[161.813,55.1792],[162.1517,54.8626],[162.1276,54.7604],[161.7238,54.5094],[161.3119,54.4901],[161.1509,54.5973],[160.7412,54.5352],[160.053,54.1757],[159.8182,53.6597],[159.9307,53.6451],[159.9605,53.4968],[159.791,53.5163],[160.0586,53.0974],[159.7715,53.2036],[159.825,53.2829],[159.1638,53.1349],[158.7087,52.8918],[158.5916,53.0622],[158.4378,53.0253],[158.4356,52.9197],[158.6471,52.8994],[158.4998,52.779],[158.5994,52.7138],[158.5647,52.6474],[158.4212,52.6591],[158.5304,52.4879],[158.4212,52.4121],[158.5435,52.4207],[158.5579,52.3131],[158.3901,52.2262],[158.2869,51.9675],[157.9133,51.6313],[157.5369,51.4861],[157.4757,51.3615],[156.6582,50.8826],[156.7615,51.078],[156.5236,51.3115],[156.4392,52.216],[156.2822,52.5294],[156.3723,52.4468],[156.4466,52.5114],[156.2657,52.5982],[156.1112,52.9354],[155.5512,55.2842],[155.6862,56.0391],[155.9465,56.6219],[156.1253,56.832],[156.0637,56.716],[156.4613,56.9484],[156.5521,57.109],[156.6838,57.0483],[157.0013,57.4255],[156.9307,57.6584],[156.749,57.7296],[156.9815,57.8571],[157.4699,57.8039],[157.6397,58.025],[158.2246,58.0255],[158.3382,57.953],[158.2288,58.0386],[159.1525,58.5079],[159.237,58.4678],[159.1937,58.542],[159.7278,58.883],[159.8035,59.0964],[160.3363,59.3611],[160.4973,59.5525],[160.8469,59.618],[161.4667,60.0322],[161.8972,60.203],[161.9386,60.4168],[162.9167,60.76],[163.3248,60.8047],[163.3148,60.7217],[163.4362,60.8315],[163.751,60.8831],[163.4873,61.0017],[164.0288,61.3466],[163.7515,61.4433],[163.8661,61.6465],[164.0448,61.6834],[164.1272,62.2624],[164.5383,62.4511],[165.2969,62.3226],[165.1238,62.4506],[165.6509,62.4592],[165.11,62.4853],[164.4469,62.6894],[163.3989,62.5759],[163.1677,62.4321],[163.3689,62.3277],[163.0915,62.2266],[163.105,62.08],[163.1931,62.0666],[162.9767,61.7996],[163.3265,61.6579],[163.0173,61.5166],[162.8388,61.7076],[162.6227,61.6591],[162.7748,61.5939],[162.5105,61.6584],[162.4638,61.8275],[162.3112,61.9342],[162.5061,61.9721],[162.5318,62.0923],[162.1629,62.1864],[162.7286,62.2903],[162.7707,62.4969],[162.6946,62.5835],[162.8186,62.7083],[162.2774,62.9169],[162.2941,63.0673],[162.7558,63.1843],[162.8056,63.2462],[162.6739,63.3805],[162.9649,63.4988],[162.9771,63.6263],[162.7216,63.7977],[162.9291,63.9455],[162.7872,64.1432],[163.1498,64.1818],[163.4609,64.3856],[163.1699,64.5523],[163.259,64.7178],[163.1165,64.8005],[163.5203,64.9314],[163.8728,64.8654],[164.1878,64.9341],[164.9319,64.6849],[165.0225,64.6989],[165.0284,64.8424],[165.2627,64.8506],[165.3593,64.7613],[165.684,64.754],[165.8715,64.5547],[166.1986,64.609],[166.8068,64.5329],[167.237,64.6237],[167.7141,64.3407],[168.4987,64.3174],[168.7779,64.1845],[168.8597,64.0266],[169.3535,63.9463],[169.547,63.8157],[169.5984,63.6561],[168.4638,63.0782],[168.9257,62.9438],[169.1267,62.9725],[169.8425,62.6553],[170.0783,62.6613],[169.9861,62.545],[170.2616,62.2854],[170.8477,62.2483],[171.2176,62.3685],[171.4856,62.3116],[172.0547,62.4665],[172.8525,62.3315],[173.6876,62.5347],[174.0798,62.447],[174.0104,62.2785],[174.1073,62.0785],[174.3351,62.0887],[174.4678,61.9836],[174.4536,61.8148]]]]}},{"type":"Feature","properties":{"id":"AU-X03~","name":"Macquarie Island","country":"Australia","iso":"AUS"},"geometry":{"type":"Polygon","coordinates":[[[158.8526,-54.6132],[158.9624,-54.4693],[158.8382,-54.7504],[158.8526,-54.6132]]]}},{"type":"Feature","properties":{"id":"NZ-X05~","name":"Campbell Islands","country":"New Zealand","iso":"NZL"},"geometry":{"type":"Polygon","coordinates":[[[169.2504,-52.5203],[169.1953,-52.6003],[169.0154,-52.5427],[169.1863,-52.4692],[169.2504,-52.5203]]]}},{"type":"Feature","properties":{"id":"NZ-X04~","name":"Antipodes Islands","country":"New Zealand","iso":"NZL"},"geometry":{"type":"Polygon","coordinates":[[[178.7708,-49.6272],[178.8221,-49.7198],[178.719,-49.7001],[178.7708,-49.6272]]]}},{"type":"Feature","properties":{"id":"NZ-CIT","name":"Chatham Islands","country":"New Zealand","iso":"NZL"},"geometry":{"type":"MultiPolygon","coordinates":[[[[-176.2361,-44.242],[-176.1139,-44.2651],[-176.219,-44.3412],[-176.2361,-44.242]]],[[[-176.382,-43.8986],[-176.3723,-43.7659],[-176.5354,-43.7556],[-176.423,-43.8058],[-176.5015,-43.8644],[-176.4565,-43.9498],[-176.3,-44.0426],[-176.5815,-44.1231],[-176.6644,-44.0192],[-176.5159,-43.9223],[-176.5662,-43.8378],[-176.855,-43.8201],[-176.5806,-43.7034],[-176.1691,-43.7314],[-176.382,-43.8986]]]]}},{"type":"Feature","properties":{"id":"AU-NSW","name":"Lord Howe Island","country":"Australia","iso":"AUS"},"geometry":{"type":"Polygon","coordinates":[[[159.0896,-31.589],[159.0689,-31.5209],[159.1065,-31.5676],[159.0896,-31.589]]]}},{"type":"Feature","properties":{"id":"NZ-X01~","name":"Kermadec Islands","country":"New Zealand","iso":"NZL"},"geometry":{"type":"Polygon","coordinates":[[[-177.8481,-29.2786],[-177.9249,-29.2844],[-177.958,-29.2228],[-177.8481,-29.2786]]]}},{"type":"Feature","properties":{"id":"CA-PE","name":"Prince Edward Island","country":"Canada","iso":"CAN"},"geometry":{"type":"Polygon","coordinates":[[[-62.004,46.4641],[-62.3597,46.361],[-62.3657,46.2714],[-62.4969,46.2723],[-62.4373,46.2163],[-62.5764,46.239],[-62.4969,46.1835],[-62.6068,46.1835],[-62.4532,46.1076],[-62.5719,46.0327],[-62.4559,46.0252],[-62.7507,45.9508],[-63.0306,46.0668],[-62.8782,46.1556],[-63.1168,46.2158],[-62.963,46.32],[-63.1957,46.2723],[-63.2709,46.1972],[-63.1419,46.1984],[-63.2334,46.1455],[-63.6021,46.2169],[-63.8,46.3319],[-63.7369,46.3964],[-64.1343,46.4156],[-64.0727,46.6422],[-64.4168,46.6828],[-63.9971,47.0673],[-63.9748,46.894],[-64.0933,46.78],[-63.8336,46.6124],[-63.9356,46.4783],[-63.7089,46.4442],[-63.6769,46.5681],[-63.2381,46.4074],[-62.004,46.4641]]]}},{"type":"Feature","properties":{"id":"TK-X01~","name":"Tokelau","country":"New Zealand","iso":"NZL"},"geometry":{"type":"MultiPolygon","coordinates":[[[[-171.1857,-9.3613],[-171.1997,-9.3443],[-171.2058,-9.331],[-171.1857,-9.3613]]],[[[-172.4836,-8.5865],[-172.5026,-8.5432],[-172.4949,-8.5548],[-172.4836,-8.5865]]]]}},{"type":"Feature","properties":{"id":"CO-X01~","name":null,"country":"Colombia","iso":"COL"},"geometry":{"type":"Polygon","coordinates":[[[-81.5803,3.976],[-81.6014,3.9883],[-81.5823,3.9915],[-81.5803,3.976]]]}},{"type":"Feature","properties":{"id":"GB-IOS","name":"Isles of Scilly","country":"United Kingdom","iso":"GBR"},"geometry":{"type":"MultiPolygon","coordinates":[[[[-6.3092,49.9136],[-6.2842,49.9228],[-6.2973,49.9096],[-6.3092,49.9136]]],[[[-6.3489,49.9643],[-6.3265,49.9492],[-6.3325,49.9417],[-6.3489,49.9643]]]]}},{"type":"Feature","properties":{"id":"NL-BQ2","name":"Saba","country":"Netherlands","iso":"NLD"},"geometry":{"type":"Polygon","coordinates":[[[-63.2513,17.6238],[-63.2237,17.6292],[-63.2384,17.6147],[-63.2513,17.6238]]]}},{"type":"Feature","properties":{"id":"RU-X01~","name":null,"country":"Russia","iso":"RUS"},"geometry":{"type":"Polygon","coordinates":[[[67.2356,68.8204],[67.3931,68.7573],[67.1158,68.7984],[67.2356,68.8204]]]}},{"type":"Feature","properties":{"id":"NZ-X07~","name":"Snares Islands","country":"New Zealand","iso":"NZL"},"geometry":{"type":"Polygon","coordinates":[[[166.6188,-47.998],[166.6372,-48.0624],[166.5684,-48.0419],[166.6188,-47.998]]]}},{"type":"Feature","properties":{"id":"NZ-STL","name":"Southland","country":"New Zealand","iso":"NZL"},"geometry":{"type":"MultiPolygon","coordinates":[[[[167.4268,-47.2446],[167.4543,-47.2075],[167.487,-47.2189],[167.4268,-47.2446]]],[[[167.6934,-46.7573],[167.6826,-46.7951],[167.6629,-46.7785],[167.6934,-46.7573]]],[[[168.5422,-46.7597],[168.6057,-46.7546],[168.5632,-46.8012],[168.5422,-46.7597]]],[[[168.2302,-46.9716],[168.2593,-47.0847],[167.9019,-47.1884],[167.7649,-47.1375],[167.6167,-47.2122],[167.7266,-47.2053],[167.6719,-47.2605],[167.521,-47.273],[167.8142,-46.9112],[167.7874,-46.6972],[167.9675,-46.6998],[168.1792,-46.8644],[168.0081,-46.8951],[167.9666,-46.9726],[168.2302,-46.9716]]],[[[166.7114,-45.6163],[166.7393,-45.728],[166.6231,-45.6583],[166.5062,-45.7249],[166.5667,-45.6371],[166.7114,-45.6163]]],[[[166.9736,-45.1633],[166.9971,-45.2332],[167.0344,-45.3005],[166.8933,-45.2434],[166.9736,-45.1633]]],[[[169.1927,-46.618],[169.036,-46.6819],[168.8449,-46.5602],[168.5915,-46.6144],[168.3657,-46.5402],[168.3781,-46.6198],[168.2678,-46.5263],[168.3851,-46.4996],[168.3689,-46.4169],[168.3019,-46.4784],[168.1712,-46.3367],[167.8386,-46.3932],[167.7129,-46.1979],[167.5754,-46.1569],[167.2952,-46.2736],[166.762,-46.22],[166.6712,-46.1536],[166.9525,-45.944],[166.6161,-46.0881],[166.8086,-45.9304],[166.6913,-45.9402],[166.7326,-45.8624],[166.4898,-46.013],[166.4734,-45.8173],[167.0085,-45.7185],[166.7743,-45.7188],[166.891,-45.6498],[166.782,-45.5942],[167.0549,-45.4916],[166.7146,-45.5756],[166.7676,-45.4096],[166.9525,-45.4369],[166.8255,-45.3172],[167.2057,-45.4786],[167.0475,-45.3271],[167.3088,-45.3134],[167.0475,-45.2697],[167.0121,-45.1329],[167.1707,-45.1847],[167.0549,-45.1017],[167.1185,-45.0392],[167.1921,-45.1359],[167.2747,-45.0944],[167.1515,-45.0076],[167.3357,-45.0372],[167.199,-44.964],[167.3858,-44.8424],[167.5142,-44.9926],[167.4577,-44.7893],[167.5552,-44.7858],[167.5681,-44.882],[167.5488,-44.7345],[167.6794,-44.7654],[167.603,-44.6834],[167.7813,-44.5943],[167.9326,-44.697],[167.8364,-44.5053],[168.0282,-44.3204],[168.2415,-44.2656],[168.3739,-44.3697],[168.1261,-44.863],[168.2729,-45.0281],[168.3076,-45.2995],[168.6378,-45.2582],[168.8512,-45.4309],[169.0497,-45.2866],[169.1951,-45.4161],[168.9997,-45.7654],[169.1876,-46.2097],[169.1927,-46.618]]]]}},{"type":"Feature","properties":{"id":"NZ-MBH","name":"Marlborough","country":"New Zealand","iso":"NZL"},"geometry":{"type":"MultiPolygon","coordinates":[[[[174.3809,-41.1064],[174.3809,-41.1951],[174.1973,-41.2301],[174.3512,-41.1755],[174.3809,-41.1064]]],[[[173.7844,-40.9072],[173.8323,-40.7576],[173.8875,-40.8054],[173.9649,-40.7088],[173.9216,-40.8668],[173.7844,-40.9072]]],[[[173.5905,-41.0557],[173.6746,-41.1064],[173.7073,-40.9942],[174.0241,-40.9072],[173.7805,-41.0114],[173.7787,-41.1077],[173.8289,-41.0587],[173.9299,-41.0483],[173.9557,-41.0587],[173.8186,-41.1549],[173.8738,-41.1852],[173.7913,-41.2914],[174.134,-41.1754],[173.8963,-41.1917],[173.9489,-41.079],[173.9763,-41.1474],[174.0457,-41.0929],[173.9489,-41.0108],[173.9985,-40.9688],[174.1831,-40.9731],[174.2072,-41.0706],[174.3189,-40.9965],[174.2573,-41.1269],[174.1673,-41.1159],[174.2165,-41.1889],[173.9352,-41.2796],[174.3257,-41.2162],[174.0506,-41.4369],[174.2864,-41.7546],[174.0817,-41.9691],[173.7331,-41.9159],[173.0457,-42.4711],[172.7063,-42.116],[173.5905,-41.0557]]]]}},{"type":"Feature","properties":{"id":"NZ-NSN","name":"Nelson","country":"New Zealand","iso":"NZL"},"geometry":{"type":"Polygon","coordinates":[[[173.185,-41.3102],[173.564,-41.1038],[173.5905,-41.0557],[173.5651,-41.1481],[173.3441,-41.3639],[173.185,-41.3102]]]}},{"type":"Feature","properties":{"id":"NZ-TAS","name":"Tasman","country":"New Zealand","iso":"NZL"},"geometry":{"type":"Polygon","coordinates":[[[172.2334,-40.7776],[172.6414,-40.5097],[172.9968,-40.5242],[172.7422,-40.5209],[172.6945,-40.7502],[172.8693,-40.8473],[173.0034,-40.782],[173.0793,-41.2846],[173.2853,-41.3886],[173.2623,-41.5141],[172.9383,-41.7481],[172.7063,-42.116],[172.4096,-42.3125],[172.0813,-41.999],[172.1148,-41.758],[172.7016,-41.2091],[172.4649,-41.0476],[172.3234,-41.0624],[172.3567,-40.9628],[172.2334,-40.7776]]]}},{"type":"Feature","properties":{"id":"NZ-WTC","name":"West Coast","country":"New Zealand","iso":"NZL"},"geometry":{"type":"Polygon","coordinates":[[[168.1367,-44.2808],[168.3709,-44.0392],[168.8037,-43.9972],[169.7337,-43.5657],[170.2388,-43.2379],[170.2893,-43.1069],[170.8584,-42.8434],[171.2254,-42.4507],[171.4681,-41.7663],[171.8552,-41.6655],[172.0708,-41.4142],[172.1397,-41.2914],[172.1068,-40.8869],[172.1948,-40.8002],[172.3567,-40.9628],[172.3324,-41.0706],[172.4649,-41.0476],[172.6985,-41.2025],[172.1196,-41.7479],[172.0641,-41.9546],[172.3955,-42.3057],[172.4846,-42.286],[172.447,-42.3691],[171.7166,-42.9004],[171.3278,-42.9646],[170.5958,-43.4235],[170.2046,-43.5325],[169.6719,-43.9755],[169.0252,-44.1163],[168.7148,-44.4061],[168.3289,-44.49],[168.3509,-44.3321],[168.1367,-44.2808]]]}},{"type":"Feature","properties":{"id":"NZ-OTA","name":"Otago","country":"New Zealand","iso":"NZL"},"geometry":{"type":"Polygon","coordinates":[[[171.1725,-44.9533],[170.9261,-45.2384],[170.866,-45.482],[170.6267,-45.7063],[170.7593,-45.7768],[170.5568,-45.8963],[170.7766,-45.7802],[170.7786,-45.8762],[170.3338,-45.9815],[169.849,-46.4675],[169.6594,-46.4921],[169.7355,-46.5341],[169.2197,-46.6607],[169.1876,-46.2097],[168.9997,-45.7654],[169.1774,-45.3736],[169.0497,-45.2866],[168.8512,-45.4309],[168.6378,-45.2582],[168.3076,-45.2995],[168.2729,-45.0281],[168.1261,-44.863],[168.3289,-44.49],[168.7427,-44.3936],[169.0252,-44.1163],[169.3673,-44.1021],[169.6426,-43.9626],[169.5526,-44.446],[169.9033,-44.6647],[170.0753,-44.9131],[170.3037,-44.9165],[170.39,-45.0604],[170.7184,-44.8986],[171.1725,-44.9533]]]}},{"type":"Feature","properties":{"id":"NZ-CAN","name":"Canterbury","country":"New Zealand","iso":"NZL"},"geometry":{"type":"Polygon","coordinates":[[[174.0817,-41.9691],[173.7232,-42.4367],[173.5586,-42.4911],[173.2873,-42.9539],[172.7455,-43.2654],[172.7477,-43.5672],[172.8323,-43.6017],[172.6814,-43.6393],[173.065,-43.6481],[173.0929,-43.8542],[172.9968,-43.8889],[172.9486,-43.7512],[172.9656,-43.9055],[172.7634,-43.7927],[172.4226,-43.8546],[172.6477,-43.7826],[172.4173,-43.7375],[172.3763,-43.8644],[171.346,-44.2786],[171.1738,-44.547],[171.1725,-44.9533],[170.7184,-44.8986],[170.39,-45.0604],[170.3223,-44.9258],[170.0753,-44.9131],[169.9033,-44.6647],[169.5526,-44.446],[169.547,-44.2032],[169.6719,-43.9755],[170.1266,-43.5832],[170.5958,-43.4235],[171.3278,-42.9646],[171.7166,-42.9004],[172.447,-42.3691],[172.6505,-42.1113],[173.0644,-42.4713],[173.7331,-41.9159],[174.0817,-41.9691]]]}},{"type":"Feature","properties":{"id":"NZ-AUK","name":"Auckland","country":"New Zealand","iso":"NZL"},"geometry":{"type":"MultiPolygon","coordinates":[[[[175.1686,-36.7411],[175.1826,-36.825],[175.0117,-36.8027],[175.0183,-36.7615],[175.1686,-36.7411]]],[[[174.8455,-36.4485],[174.8955,-36.4015],[174.906,-36.4492],[174.8455,-36.4485]]],[[[175.0808,-36.2057],[175.155,-36.2136],[175.1004,-36.2278],[175.0808,-36.2057]]],[[[175.3755,-36.0659],[175.5228,-36.3521],[175.3338,-36.2237],[175.3755,-36.0659]]],[[[174.6729,-37.2938],[174.5583,-37.0628],[174.6673,-37.0695],[174.74,-37.2444],[174.8049,-37.1663],[174.7166,-37.1526],[174.937,-37.0655],[174.7683,-36.9335],[174.5003,-37.0322],[174.1823,-36.4532],[174.4314,-36.6656],[174.466,-36.3732],[174.3312,-36.3925],[174.271,-36.3377],[174.6562,-36.1335],[174.8805,-36.3513],[174.7507,-36.3544],[174.7788,-36.4872],[174.7166,-36.4116],[174.7229,-36.5937],[174.8569,-36.6109],[174.7235,-36.6313],[174.8191,-36.8237],[174.7036,-36.7585],[174.6211,-36.7963],[174.6802,-36.9074],[174.8757,-36.851],[174.8914,-36.9578],[174.9352,-36.8373],[174.9631,-36.9335],[175.0588,-36.8776],[175.0934,-36.9705],[175.326,-37.0095],[175.1832,-37.0396],[175.0984,-37.1892],[174.6729,-37.2938]]]]}},{"type":"Feature","properties":{"id":"NZ-WKO","name":"Waikato","country":"New Zealand","iso":"NZL"},"geometry":{"type":"MultiPolygon","coordinates":[[[[175.7992,-36.5698],[175.7975,-36.6218],[175.772,-36.5766],[175.7992,-36.5698]]],[[[174.6176,-38.7074],[174.7098,-38.1048],[174.8467,-38.1537],[174.9426,-38.0973],[174.792,-38.0847],[174.888,-37.9669],[174.7881,-37.9853],[174.7918,-37.872],[174.9768,-37.8038],[174.97,-37.7348],[174.8504,-37.7649],[174.7285,-37.4578],[174.8379,-37.299],[174.7285,-37.363],[174.6729,-37.2938],[175.0984,-37.1892],[175.1832,-37.0396],[175.326,-37.0095],[175.3672,-37.2072],[175.6279,-37.242],[175.4362,-36.8647],[175.5371,-36.7861],[175.4976,-36.6313],[175.3543,-36.491],[175.5322,-36.5077],[175.6281,-36.7638],[175.8517,-36.7184],[175.7036,-36.8448],[175.8508,-36.841],[175.9197,-37.0546],[175.9587,-37.3687],[175.8092,-37.508],[175.9748,-37.9795],[176.1003,-38.1572],[176.4983,-38.3873],[176.4854,-38.5056],[176.215,-38.9868],[175.8139,-39.2973],[175.5942,-39.2745],[175.6656,-38.9819],[175.5653,-38.9685],[175.5264,-38.7577],[175.6288,-38.5878],[175.5655,-38.4945],[174.9712,-38.6688],[174.8683,-38.7771],[174.6176,-38.7074]]]]}},{"type":"Feature","properties":{"id":"NZ-X03~","name":"Three Kings Islands","country":"New Zealand","iso":"NZL"},"geometry":{"type":"Polygon","coordinates":[[[172.1389,-34.1491],[172.1448,-34.169],[172.1147,-34.1465],[172.1389,-34.1491]]]}},{"type":"Feature","properties":{"id":"NZ-WGN","name":"Wellington","country":"New Zealand","iso":"NZL"},"geometry":{"type":"Polygon","coordinates":[[[176.348,-40.6965],[175.9668,-41.247],[175.3303,-41.6098],[175.2217,-41.6137],[175.1818,-41.4179],[174.8656,-41.4195],[174.8897,-41.2245],[174.7854,-41.2494],[174.8101,-41.3338],[174.6094,-41.2919],[174.866,-41.1042],[175.1413,-40.6744],[175.2621,-40.7663],[176.348,-40.6965]]]}},{"type":"Feature","properties":{"id":"NZ-MWT","name":"Manawat\u016b-Whanganui","country":"New Zealand","iso":"NZL"},"geometry":{"type":"Polygon","coordinates":[[[175.1413,-40.6744],[175.2371,-40.2859],[175.0588,-39.9967],[174.7723,-39.8591],[174.992,-39.6661],[174.9928,-39.5566],[174.7184,-39.1412],[174.8208,-38.9918],[174.7988,-38.8346],[174.9712,-38.6688],[175.5174,-38.4796],[175.6283,-38.5743],[175.5264,-38.7577],[175.5653,-38.9685],[175.6656,-38.9819],[175.5942,-39.2745],[175.8139,-39.2973],[176.0212,-39.0848],[176.0818,-39.1277],[176.2017,-39.674],[176.1071,-39.9981],[176.3167,-40.0736],[176.3891,-40.3621],[176.6284,-40.4621],[176.348,-40.6965],[175.8307,-40.7751],[175.7201,-40.697],[175.2621,-40.7663],[175.1413,-40.6744]]]}},{"type":"Feature","properties":{"id":"NZ-TKI","name":"Taranaki","country":"New Zealand","iso":"NZL"},"geometry":{"type":"Polygon","coordinates":[[[174.7723,-39.8591],[173.8512,-39.464],[173.7653,-39.3469],[173.8071,-39.163],[174.4151,-38.9631],[174.6176,-38.7074],[174.8683,-38.7771],[174.7184,-39.1412],[174.992,-39.6661],[174.7723,-39.8591]]]}},{"type":"Feature","properties":{"id":"NZ-NTL","name":"Northland","country":"New Zealand","iso":"NZL"},"geometry":{"type":"Polygon","coordinates":[[[174.6562,-36.1335],[174.353,-36.2961],[174.3001,-36.2646],[174.3635,-36.2819],[174.4318,-36.133],[174.3325,-36.2278],[174.2847,-36.1179],[174.1823,-36.1452],[174.3189,-36.2415],[174.2606,-36.2682],[174.0752,-36.1681],[173.9006,-35.9596],[173.9468,-35.9164],[173.908,-35.8703],[173.8801,-35.9596],[174.2028,-36.3476],[174.0798,-36.3995],[173.4072,-35.5712],[173.6609,-35.3129],[173.5653,-35.2745],[173.37,-35.5165],[173.2721,-35.3914],[173.3184,-35.3023],[173.2494,-35.3707],[173.2568,-35.2813],[173.0929,-35.2068],[173.1984,-35.1091],[173.1567,-34.945],[172.6741,-34.4799],[172.7028,-34.4118],[173.0793,-34.4117],[173.0381,-34.5221],[172.9701,-34.4666],[172.9075,-34.5414],[173.0075,-34.6511],[173.0358,-34.5523],[173.1886,-34.8356],[173.1231,-34.8097],[173.2982,-34.9094],[173.2666,-35.0077],[173.4441,-34.7963],[173.4588,-34.9812],[173.5864,-35.0149],[173.5882,-34.9275],[173.7844,-35.0075],[173.7603,-35.0969],[173.8909,-35.0007],[174.1279,-35.1365],[174.015,-35.217],[174.1511,-35.3697],[174.2516,-35.3225],[174.1646,-35.2901],[174.155,-35.2745],[174.353,-35.1994],[174.4224,-35.3737],[174.3325,-35.329],[174.5784,-35.6179],[174.4766,-35.6432],[174.6068,-35.8435],[174.3552,-35.7353],[174.3527,-35.842],[174.5038,-35.83],[174.4969,-35.9876],[174.6562,-36.1335]]]}},{"type":"Feature","properties":{"id":"NZ-BOP","name":"Bay of Plenty","country":"New Zealand","iso":"NZL"},"geometry":{"type":"Polygon","coordinates":[[[175.9587,-37.3687],[176.1691,-37.6249],[175.9431,-37.5219],[176.0023,-37.6365],[176.2141,-37.7195],[176.2168,-37.6183],[177.131,-38.0217],[177.5568,-37.9138],[177.7388,-37.6762],[177.992,-37.5431],[178.0773,-37.5514],[177.9757,-37.6278],[178.0589,-37.7615],[177.8441,-38.1074],[177.6892,-38.0215],[177.6528,-38.157],[177.244,-38.4298],[177.1655,-38.5804],[176.984,-38.7046],[176.733,-38.7176],[176.7016,-38.8497],[176.5303,-38.807],[176.4128,-38.9957],[176.2551,-38.8082],[176.4983,-38.3873],[176.1003,-38.1572],[175.9748,-37.9795],[175.8092,-37.508],[175.9587,-37.3687]]]}},{"type":"Feature","properties":{"id":"NZ-GIS","name":"Gisborne","country":"New Zealand","iso":"NZL"},"geometry":{"type":"Polygon","coordinates":[[[178.0773,-37.5514],[178.5643,-37.7177],[178.3516,-38.0017],[178.3001,-38.5317],[178.0798,-38.7091],[177.9324,-38.7024],[177.9124,-38.9607],[177.1728,-38.5698],[177.6528,-38.157],[177.6892,-38.0215],[177.8848,-38.0643],[178.0589,-37.7615],[177.9775,-37.7413],[177.9782,-37.6161],[178.0773,-37.5514]]]}},{"type":"Feature","properties":{"id":"NZ-HKB","name":"Hawke's Bay","country":"New Zealand","iso":"NZL"},"geometry":{"type":"Polygon","coordinates":[[[177.9124,-38.9607],[177.8828,-39.0855],[177.9989,-39.1298],[177.8685,-39.2902],[177.8521,-39.0893],[177.4133,-39.059],[177.0529,-39.2115],[176.9028,-39.4308],[176.9607,-39.6244],[177.1152,-39.6809],[176.6297,-40.4541],[176.3891,-40.3621],[176.3167,-40.0736],[176.1071,-39.9981],[176.2017,-39.674],[176.0818,-39.1277],[176.2673,-38.9065],[176.447,-38.9952],[176.5303,-38.807],[176.7016,-38.8497],[176.733,-38.7176],[176.984,-38.7046],[177.1728,-38.5698],[177.9124,-38.9607]]]}},{"type":"Feature","properties":{"id":"US-UT","name":"Utah","country":"United States of America","iso":"USA"},"geometry":{"type":"Polygon","coordinates":[[[-111.0502,41.9998],[-111.0499,40.9998],[-109.0463,40.9998],[-109.0466,36.9998],[-114.0402,37.0031],[-114.0425,42.0001],[-111.0502,41.9998]]]}},{"type":"Feature","properties":{"id":"US-WY","name":"Wyoming","country":"United States of America","iso":"USA"},"geometry":{"type":"Polygon","coordinates":[[[-111.05,41.0001],[-111.0508,45.0],[-104.0567,45.0001],[-104.0537,40.9998],[-111.05,41.0001]]]}},{"type":"Feature","properties":{"id":"US-NV","name":"Nevada","country":"United States of America","iso":"USA"},"geometry":{"type":"Polygon","coordinates":[[[-114.0425,42.0001],[-114.042,36.2198],[-114.1587,36.0297],[-114.3656,36.1472],[-114.7212,36.0927],[-114.5719,35.2126],[-114.6282,35.0036],[-118.1262,37.6913],[-120.0,38.9992],[-120.0008,41.9995],[-114.0425,42.0001]]]}},{"type":"Feature","properties":{"id":"US-CO","name":"Colorado","country":"United States of America","iso":"USA"},"geometry":{"type":"Polygon","coordinates":[[[-109.0463,40.9998],[-102.0518,40.9996],[-102.0396,36.9998],[-109.0466,36.9998],[-109.0463,40.9998]]]}},{"type":"Feature","properties":{"id":"US-SD","name":"South Dakota","country":"United States of America","iso":"USA"},"geometry":{"type":"Polygon","coordinates":[[[-104.0531,43.0004],[-104.0449,45.942],[-96.5563,45.9418],[-96.8631,45.6008],[-96.4536,45.2966],[-96.4536,43.5001],[-96.5986,43.4965],[-96.5706,43.2286],[-96.4554,43.1217],[-96.638,42.7511],[-96.4827,42.5183],[-97.2758,42.8843],[-97.8388,42.8715],[-98.0069,42.7841],[-98.4851,43.0002],[-104.0531,43.0004]]]}},{"type":"Feature","properties":{"id":"US-NE","name":"Nebraska","country":"United States of America","iso":"USA"},"geometry":{"type":"Polygon","coordinates":[[[-104.0537,40.9998],[-104.0531,43.0004],[-98.4851,43.0002],[-97.9799,42.7823],[-97.8388,42.8715],[-97.2758,42.8843],[-96.3974,42.4967],[-96.3422,42.1814],[-96.0642,41.796],[-96.0821,41.5498],[-95.9877,41.534],[-95.958,41.3385],[-95.8698,41.3088],[-95.8693,40.7289],[-95.6499,40.311],[-95.4782,40.2492],[-95.4196,40.045],[-95.3173,40.0001],[-102.0513,40.0001],[-102.0518,40.9996],[-104.0537,40.9998]]]}},{"type":"Feature","properties":{"id":"US-KS","name":"Kansas","country":"United States of America","iso":"USA"},"geometry":{"type":"Polygon","coordinates":[[[-102.0396,36.9998],[-102.0513,40.0001],[-95.3173,40.0001],[-95.0912,39.8607],[-94.9482,39.9014],[-94.8749,39.7421],[-95.1105,39.5503],[-94.8296,39.2173],[-94.6125,39.1528],[-94.618,36.9998],[-102.0396,36.9998]]]}},{"type":"Feature","properties":{"id":"US-OK","name":"Oklahoma","country":"United States of America","iso":"USA"},"geometry":{"type":"Polygon","coordinates":[[[-103.0002,36.5002],[-103.0008,36.9998],[-94.618,36.9998],[-94.4391,35.3862],[-94.4841,33.6474],[-95.2203,33.9629],[-95.3571,33.8682],[-95.5981,33.9521],[-95.7833,33.8554],[-95.9379,33.8956],[-96.3288,33.7019],[-96.6008,33.9049],[-96.7484,33.8489],[-96.9327,33.9573],[-97.1441,33.7251],[-97.2118,33.9101],[-97.4364,33.827],[-97.6406,33.9945],[-97.9267,33.8731],[-98.1065,34.1497],[-98.4907,34.0752],[-98.586,34.1571],[-99.1759,34.2206],[-99.3624,34.4623],[-99.4165,34.3804],[-99.6808,34.3947],[-99.9993,34.5755],[-100.0024,36.4999],[-103.0002,36.5002]]]}},{"type":"Feature","properties":{"id":"US-IA","name":"Iowa","country":"United States of America","iso":"USA"},"geometry":{"type":"Polygon","coordinates":[[[-96.4554,43.1217],[-96.5953,43.4989],[-91.2501,43.501],[-91.0865,43.3174],[-91.1678,43.1605],[-91.0455,42.7421],[-90.703,42.6553],[-90.642,42.4757],[-90.1697,42.1165],[-90.1494,41.9763],[-90.4223,41.554],[-91.031,41.4136],[-91.099,41.236],[-90.949,40.9822],[-91.153,40.6725],[-91.4009,40.5813],[-91.3826,40.3929],[-91.7307,40.6188],[-95.7675,40.6004],[-95.8693,40.7289],[-95.9245,41.4546],[-96.0821,41.5498],[-96.074,41.8189],[-96.3422,42.1814],[-96.3974,42.4967],[-96.638,42.7511],[-96.4554,43.1217]]]}},{"type":"Feature","properties":{"id":"US-MO","name":"Missouri","country":"United States of America","iso":"USA"},"geometry":{"type":"Polygon","coordinates":[[[-95.6336,40.3092],[-95.7676,40.6005],[-91.7307,40.6188],[-91.4419,40.3795],[-91.5189,40.1749],[-91.3749,39.7357],[-90.774,39.2791],[-90.6575,38.921],[-90.4283,38.9674],[-90.1435,38.8568],[-90.3675,38.2387],[-89.5233,37.6789],[-89.4414,37.3983],[-89.5233,37.268],[-89.3773,37.0473],[-89.2751,37.0004],[-89.2601,37.0831],[-89.1237,36.9796],[-89.2054,36.6076],[-89.3701,36.6331],[-89.4789,36.4524],[-89.5697,36.5564],[-89.5308,36.3835],[-89.6284,36.3415],[-89.5573,36.2747],[-89.6946,36.247],[-89.6139,36.1417],[-89.7238,36.0005],[-90.3733,35.9862],[-90.0675,36.2874],[-90.1622,36.4998],[-94.6183,36.4998],[-94.6125,39.1528],[-94.8296,39.2173],[-95.1105,39.5503],[-94.8749,39.7421],[-94.9482,39.9014],[-95.0912,39.8607],[-95.4082,40.0336],[-95.4674,40.2381],[-95.6336,40.3092]]]}},{"type":"Feature","properties":{"id":"NL-FL","name":"Flevoland","country":"Netherlands","iso":"NLD"},"geometry":{"type":"Polygon","coordinates":[[[5.7405,52.8387],[6.0198,52.6376],[5.8325,52.5971],[5.8153,52.4408],[5.4972,52.2693],[5.1049,52.3638],[5.1939,52.4285],[5.0952,52.5822],[5.3589,52.689],[5.3703,52.7903],[5.7405,52.8387]]]}},{"type":"Feature","properties":{"id":"NL-UT","name":"Utrecht","country":"Netherlands","iso":"NLD"},"geometry":{"type":"Polygon","coordinates":[[[5.4089,52.2677],[5.6157,51.9483],[5.1049,52.0038],[4.8873,51.9412],[4.7994,52.0227],[4.8627,52.168],[4.7679,52.2212],[5.0658,52.2792],[5.045,52.1681],[5.4089,52.2677]]]}},{"type":"Feature","properties":{"id":"JP-10","name":"Gunma Prefecture","country":"Japan","iso":"JPN"},"geometry":{"type":"Polygon","coordinates":[[[139.092,37.0392],[139.3596,36.902],[139.3059,36.6447],[139.4476,36.5727],[139.3435,36.3586],[139.674,36.1522],[139.1119,36.2709],[139.0338,36.1387],[138.7009,35.9695],[138.5703,36.1533],[138.6237,36.384],[138.3889,36.4345],[138.4047,36.5704],[138.5074,36.6889],[138.7941,36.7578],[139.092,37.0392]]]}},{"type":"Feature","properties":{"id":"JP-20","name":"Nagano Prefecture","country":"Japan","iso":"JPN"},"geometry":{"type":"Polygon","coordinates":[[[138.6795,36.7307],[138.4992,36.6821],[138.3768,36.4678],[138.6148,36.4003],[138.5703,36.1533],[138.7157,35.8965],[138.3603,35.9578],[138.1802,35.7867],[138.1125,35.3574],[137.8056,35.1945],[137.5652,35.1931],[137.5852,35.4951],[137.3232,35.8016],[137.5773,36.0312],[137.5654,36.377],[137.7327,36.7748],[137.8687,36.9192],[138.0442,36.8072],[138.4997,37.0154],[138.6795,36.7307]]]}},{"type":"Feature","properties":{"id":"JP-09","name":"Tochigi Prefecture","country":"Japan","iso":"JPN"},"geometry":{"type":"Polygon","coordinates":[[[139.7036,36.2047],[139.3365,36.3791],[139.4476,36.5727],[139.3059,36.6447],[139.3596,36.902],[139.8859,37.1392],[140.185,37.0529],[140.2668,36.7186],[140.1703,36.4016],[139.7036,36.2047]]]}},{"type":"Feature","properties":{"id":"JP-21","name":"Gifu Prefecture","country":"Japan","iso":"JPN"},"geometry":{"type":"Polygon","coordinates":[[[137.2763,36.4522],[137.6245,36.315],[137.5773,36.0312],[137.3232,35.8016],[137.5852,35.4951],[137.5479,35.2704],[137.1686,35.2422],[136.9529,35.3841],[136.761,35.3475],[136.6734,35.1388],[136.3988,35.2026],[136.3974,35.4528],[136.2573,35.6456],[136.3043,35.7442],[136.7686,35.791],[136.6986,35.9435],[136.7732,36.292],[136.958,36.2733],[137.2763,36.4522]]]}},{"type":"Feature","properties":{"id":"JP-25","name":"Shiga Prefecture","country":"Japan","iso":"JPN"},"geometry":{"type":"Polygon","coordinates":[[[136.2573,35.6456],[136.3974,35.4528],[136.4072,34.9669],[136.0031,34.7737],[135.8588,34.8801],[135.827,35.2633],[135.7429,35.3376],[136.1355,35.5579],[136.1277,35.6635],[136.2573,35.6456]]]}},{"type":"Feature","properties":{"id":"JP-11","name":"Saitama Prefecture","country":"Japan","iso":"JPN"},"geometry":{"type":"Polygon","coordinates":[[[139.1119,36.2709],[139.674,36.1522],[139.8639,35.7781],[139.4115,35.752],[138.7157,35.8965],[138.7414,36.0199],[139.0338,36.1387],[139.1119,36.2709]]]}},{"type":"Feature","properties":{"id":"JP-19","name":"Yamanashi Prefecture","country":"Japan","iso":"JPN"},"geometry":{"type":"Polygon","coordinates":[[[138.3603,35.9578],[138.9228,35.8354],[139.1218,35.654],[139.0992,35.5257],[138.8297,35.3647],[138.5434,35.417],[138.5071,35.1943],[138.419,35.1651],[138.2359,35.3037],[138.1685,35.6988],[138.3603,35.9578]]]}},{"type":"Feature","properties":{"id":"JP-29","name":"Nara Prefecture","country":"Japan","iso":"JPN"},"geometry":{"type":"Polygon","coordinates":[[[136.0365,34.7153],[136.0599,34.5629],[136.2112,34.4864],[136.0712,34.3938],[136.1015,34.0185],[135.8477,33.8381],[135.6186,33.8571],[135.543,34.0646],[135.7084,34.2129],[135.622,34.5534],[135.7063,34.7595],[136.0365,34.7153]]]}},{"type":"Feature","properties":{"id":"DE-HE","name":"Hesse","country":"Germany","iso":"DEU"},"geometry":{"type":"Polygon","coordinates":[[[9.9492,51.3818],[9.947,51.3039],[10.2329,51.1799],[10.126,51.1361],[10.1911,50.9966],[9.9519,50.9359],[10.056,50.8826],[9.8777,50.6436],[10.0603,50.6659],[10.055,50.5165],[9.779,50.4143],[9.6612,50.2343],[9.5079,50.2356],[9.5067,50.1081],[9.0121,50.0991],[9.1409,49.7873],[9.1268,49.5082],[8.8144,49.403],[8.8905,49.5061],[8.6757,49.6225],[8.5662,49.5273],[8.4168,49.5795],[8.3623,49.6909],[8.4766,49.7675],[8.2281,50.0382],[7.8782,49.9729],[7.7714,50.0535],[8.1221,50.2717],[7.9734,50.4003],[8.0045,50.5207],[8.1638,50.5858],[8.1342,50.7813],[8.4638,50.9145],[8.5247,51.0933],[8.7063,51.1063],[8.7228,51.2687],[8.5756,51.2702],[8.6816,51.362],[8.9351,51.3913],[8.9009,51.4762],[9.0154,51.5092],[9.2124,51.457],[9.4668,51.655],[9.6861,51.5719],[9.5694,51.3423],[9.7256,51.2907],[9.7964,51.4084],[9.9492,51.3818]]]}},{"type":"Feature","properties":{"id":"DE-TH","name":"Thuringia","country":"Germany","iso":"DEU"},"geometry":{"type":"Polygon","coordinates":[[[10.2329,51.1799],[9.9304,51.3717],[10.3749,51.5857],[10.8035,51.6326],[10.9456,51.5947],[10.9726,51.4182],[11.3672,51.3575],[11.4519,51.2715],[11.333,51.2163],[11.4333,51.0956],[12.2008,50.9279],[12.3289,51.0878],[12.6469,50.8924],[12.258,50.7925],[12.3015,50.6516],[11.9894,50.5461],[11.8723,50.4027],[11.5258,50.3791],[11.3467,50.5187],[11.2486,50.4726],[11.2553,50.2749],[10.7889,50.3863],[10.715,50.3219],[10.8457,50.2465],[10.7206,50.2073],[10.3275,50.4891],[10.0474,50.517],[10.0569,50.6678],[9.8795,50.6371],[10.056,50.8826],[9.9533,50.939],[10.1911,50.9966],[10.126,51.1361],[10.2329,51.1799]]]}},{"type":"Feature","properties":{"id":"DE-ST","name":"Saxony-Anhalt","country":"Germany","iso":"DEU"},"geometry":{"type":"Polygon","coordinates":[[[10.7134,51.6311],[10.5839,51.7803],[10.6455,51.9571],[10.5701,52.0068],[10.963,52.0598],[11.0851,52.2307],[10.9993,52.3403],[11.073,52.3722],[10.9391,52.4621],[10.9768,52.6163],[10.7586,52.8351],[11.4087,52.9052],[11.6257,53.0503],[12.2138,52.8546],[12.2257,52.6726],[12.1233,52.553],[12.2951,52.5161],[12.1991,52.1939],[12.3651,52.0401],[13.2368,51.8555],[13.0617,51.6151],[12.862,51.6683],[12.1954,51.5287],[12.1326,51.289],[12.276,51.0129],[12.2008,50.9279],[11.4299,51.0972],[11.333,51.2163],[11.4519,51.2715],[11.3672,51.3575],[10.9726,51.4182],[10.9418,51.5985],[10.7134,51.6311]]]}},{"type":"Feature","properties":{"id":"DE-BE","name":"Berlin","country":"Germany","iso":"DEU"},"geometry":{"type":"Polygon","coordinates":[[[13.4738,52.6636],[13.7509,52.4503],[13.7014,52.37],[13.0921,52.4137],[13.1548,52.5996],[13.4738,52.6636]]]}},{"type":"Feature","properties":{"id":"CO-CAQ","name":"Caquet\u00e1","country":"Colombia","iso":"COL"},"geometry":{"type":"Polygon","coordinates":[[[-75.2314,2.5313],[-75.0032,2.6382],[-75.0529,2.7682],[-74.9226,2.9417],[-74.7126,2.897],[-74.5964,2.7212],[-74.6594,2.3826],[-74.5437,2.1819],[-74.6159,2.0431],[-74.5505,1.8714],[-73.6751,1.6245],[-73.4257,1.2094],[-73.1353,0.9415],[-73.0114,0.9477],[-72.8256,1.1948],[-72.6707,1.1911],[-72.4281,1.0424],[-72.2381,0.7366],[-72.0197,0.6555],[-71.847,0.3555],[-71.3223,0.1332],[-71.7742,-0.2247],[-72.1286,-0.3263],[-72.2798,-0.6213],[-72.4219,-0.5566],[-72.5644,-0.685],[-72.7499,-0.5592],[-72.9974,-0.5266],[-73.1653,-0.6084],[-73.3318,-0.5073],[-73.5542,-0.5206],[-74.3276,-0.1228],[-74.5927,-0.1021],[-74.6829,0.1509],[-74.9624,0.2708],[-74.9962,0.4699],[-75.1867,0.4962],[-75.2629,0.7289],[-75.8281,0.8795],[-75.9327,1.0307],[-76.2953,1.1848],[-76.1646,1.5627],[-75.9806,1.5637],[-75.841,1.6806],[-75.2314,2.5313]]]}},{"type":"Feature","properties":{"id":"CO-HUI","name":"Huila","country":"Colombia","iso":"COL"},"geometry":{"type":"Polygon","coordinates":[[[-74.6517,3.26],[-75.0529,2.7682],[-75.0032,2.6382],[-75.2314,2.5313],[-75.9602,1.573],[-76.3469,1.6389],[-76.5769,1.8797],[-76.567,2.1],[-76.4194,2.1262],[-76.3573,2.2715],[-76.3789,2.42],[-76.2337,2.3518],[-75.9662,2.491],[-75.7953,2.4747],[-75.806,2.72],[-76.0312,2.9295],[-75.8125,2.8919],[-75.4923,3.3473],[-75.3553,3.4087],[-75.0356,3.4342],[-75.0678,3.3014],[-74.9089,3.2899],[-74.5635,3.7721],[-74.4984,3.6752],[-74.6517,3.26]]]}},{"type":"Feature","properties":{"id":"CO-GUV","name":"Guaviare","country":"Colombia","iso":"COL"},"geometry":{"type":"Polygon","coordinates":[[[-73.0829,0.9243],[-73.4257,1.2094],[-73.6652,1.584],[-73.5983,2.3864],[-73.1448,2.3617],[-72.8199,2.5967],[-72.642,2.5628],[-72.5537,2.6754],[-72.2523,2.6976],[-72.1807,2.8538],[-71.6226,2.8157],[-71.2934,2.9054],[-70.7348,2.7825],[-70.6948,2.8694],[-70.5928,2.8419],[-70.4997,2.7845],[-70.9094,2.6019],[-70.4929,2.2448],[-70.0514,2.2868],[-69.9951,2.2196],[-70.2017,2.0312],[-70.9045,1.9186],[-71.2638,1.6734],[-71.3908,1.7322],[-71.5524,1.262],[-71.5051,1.1151],[-71.5529,1.161],[-72.0358,0.664],[-72.2381,0.7366],[-72.4281,1.0424],[-72.7032,1.2039],[-72.8579,1.174],[-73.0829,0.9243]]]}},{"type":"Feature","properties":{"id":"CO-CAL","name":"Caldas","country":"Colombia","iso":"COL"},"geometry":{"type":"Polygon","coordinates":[[[-74.6625,5.7719],[-74.7487,5.2908],[-75.0128,5.2939],[-75.2944,5.1318],[-75.378,4.8001],[-75.7484,5.0451],[-75.8188,4.9202],[-75.8959,4.9732],[-75.8173,5.2723],[-75.6437,5.3044],[-75.7188,5.3963],[-75.8564,5.3742],[-75.8578,5.4894],[-75.5857,5.5188],[-75.6132,5.7352],[-75.3846,5.6742],[-75.2761,5.4336],[-75.0912,5.6596],[-74.6625,5.7719]]]}},{"type":"Feature","properties":{"id":"CO-CAS","name":"Casanare","country":"Colombia","iso":"COL"},"geometry":{"type":"Polygon","coordinates":[[[-72.3217,6.3513],[-72.3233,6.2257],[-72.1312,6.0691],[-71.2071,6.2741],[-70.6718,6.2089],[-70.3477,6.279],[-70.1181,6.25],[-69.8558,6.0263],[-70.0914,5.6453],[-70.6621,5.4046],[-71.2152,4.8156],[-71.8094,4.5779],[-72.0122,4.3986],[-72.1499,4.4507],[-72.7181,4.2982],[-73.0663,4.8301],[-72.8576,5.3458],[-72.6902,5.2779],[-72.4206,5.5577],[-72.3193,5.5061],[-72.2377,5.6831],[-72.4476,5.8743],[-72.3217,6.3513]]]}},{"type":"Feature","properties":{"id":"CO-MET","name":"Meta","country":"Colombia","iso":"COL"},"geometry":{"type":"Polygon","coordinates":[[[-74.8975,2.9507],[-74.6517,3.26],[-74.4936,3.704],[-74.4278,3.6796],[-74.2236,4.0096],[-73.7519,4.2022],[-73.8107,4.421],[-73.7096,4.5179],[-73.5277,4.2999],[-73.1443,4.2263],[-73.053,4.7348],[-72.7256,4.3006],[-72.1499,4.4507],[-72.0498,4.3883],[-71.0603,4.9194],[-71.0637,2.8686],[-71.6226,2.8157],[-71.7432,2.882],[-71.9804,2.7991],[-72.121,2.8671],[-72.2523,2.6976],[-72.5537,2.6754],[-72.642,2.5628],[-72.8199,2.5967],[-73.1448,2.3617],[-73.6067,2.3826],[-73.6751,1.6245],[-74.5505,1.8714],[-74.6159,2.0431],[-74.5437,2.1819],[-74.6594,2.3826],[-74.5964,2.7212],[-74.7126,2.897],[-74.8975,2.9507]]]}},{"type":"Feature","properties":{"id":"CO-CUN","name":"Bogot\u00e1","country":"Colombia","iso":"COL"},"geometry":{"type":"Polygon","coordinates":[[[-74.1544,4.0072],[-74.4278,3.6796],[-74.4936,3.704],[-74.342,4.1125],[-74.2625,4.1095],[-74.2247,4.629],[-74.0814,4.8355],[-73.995,4.6322],[-74.1164,4.4303],[-74.1544,4.0072]]]}},{"type":"Feature","properties":{"id":"CO-SAN","name":"Santander","country":"Colombia","iso":"COL"},"geometry":{"type":"Polygon","coordinates":[[[-73.7519,7.7409],[-73.3603,7.5496],[-72.9913,7.6132],[-72.8423,7.3575],[-72.8794,7.0599],[-72.5607,6.9995],[-72.4812,6.7216],[-72.6167,6.4381],[-72.7916,6.5671],[-72.7477,6.2413],[-73.0169,5.9407],[-73.2192,5.9825],[-73.4153,5.7551],[-73.4716,5.8477],[-73.3819,6.001],[-73.4993,6.1071],[-73.6384,5.7227],[-73.8785,5.7114],[-74.1745,5.9008],[-74.2575,5.8482],[-74.27,6.0498],[-74.4195,6.0736],[-74.5194,6.2823],[-74.3792,6.4235],[-74.3864,6.6263],[-73.8878,7.0199],[-73.9371,7.2539],[-73.8155,7.7795],[-73.8723,8.0449],[-73.7856,8.1615],[-73.6703,7.929],[-73.7519,7.7409]]]}},{"type":"Feature","properties":{"id":"CO-TOL","name":"Tolima","country":"Colombia","iso":"COL"},"geometry":{"type":"Polygon","coordinates":[[[-74.5635,3.7721],[-74.9089,3.2899],[-75.0678,3.3014],[-75.0356,3.4342],[-75.3553,3.4087],[-75.4923,3.3473],[-75.8125,2.8919],[-76.0312,2.9295],[-76.113,3.1059],[-75.9617,3.7122],[-75.4221,4.637],[-75.3389,5.0858],[-75.0128,5.2939],[-74.7423,5.2696],[-74.8912,4.2796],[-74.5239,4.2425],[-74.5635,3.7721]]]}},{"type":"Feature","properties":{"id":"CO-QUI","name":"Quind\u00edo","country":"Colombia","iso":"COL"},"geometry":{"type":"Polygon","coordinates":[[[-75.3904,4.7168],[-75.7106,4.1374],[-75.8299,4.1094],[-75.7879,4.3508],[-75.8904,4.4236],[-75.8248,4.6644],[-75.3904,4.7168]]]}},{"type":"Feature","properties":{"id":"CO-CUN","name":"Cundinamarca","country":"Colombia","iso":"COL"},"geometry":{"type":"Polygon","coordinates":[[[-74.4936,3.704],[-74.5635,3.7721],[-74.5239,4.2425],[-74.8912,4.2796],[-74.6461,5.7525],[-74.3475,5.8264],[-74.2439,5.4839],[-74.0001,5.3743],[-73.7983,5.564],[-73.5216,5.2373],[-73.5233,4.8884],[-73.2181,4.6776],[-73.053,4.7348],[-73.1377,4.2298],[-73.5277,4.2999],[-73.6973,4.5213],[-73.8107,4.421],[-73.7519,4.2022],[-74.1544,4.0072],[-74.1164,4.4303],[-73.995,4.6322],[-74.0107,4.8154],[-74.0852,4.833],[-74.2247,4.629],[-74.2625,4.1095],[-74.342,4.1125],[-74.4936,3.704]]]}},{"type":"Feature","properties":{"id":"CO-RIS","name":"Risaralda","country":"Colombia","iso":"COL"},"geometry":{"type":"Polygon","coordinates":[[[-75.8578,5.4894],[-75.8564,5.3742],[-75.7188,5.3963],[-75.6437,5.3044],[-75.8173,5.2723],[-75.8959,4.9732],[-75.8188,4.9202],[-75.7484,5.0451],[-75.7056,4.9491],[-75.4924,4.9194],[-75.378,4.8001],[-75.4414,4.6852],[-75.8536,4.732],[-76.0759,5.0357],[-76.1656,5.4087],[-76.0425,5.5773],[-75.8578,5.4894]]]}},{"type":"Feature","properties":{"id":"BR-GO","name":"Goi\u00e1s","country":"Brazil","iso":"BRA"},"geometry":{"type":"Polygon","coordinates":[[[-47.3025,-16.0401],[-47.4534,-16.4994],[-47.2665,-16.6618],[-47.1512,-16.9775],[-47.5305,-17.4549],[-47.2714,-17.581],[-47.3559,-17.8308],[-47.2777,-18.0599],[-47.8991,-18.4491],[-48.9523,-18.3263],[-49.3769,-18.6314],[-49.5135,-18.496],[-50.2977,-18.7002],[-50.5454,-19.1092],[-50.844,-19.2948],[-50.8709,-19.4859],[-51.1131,-19.293],[-51.8421,-19.0481],[-52.4827,-18.7074],[-52.8696,-18.6805],[-52.7744,-18.3998],[-53.051,-18.3266],[-53.0538,-18.0166],[-53.2448,-17.5924],[-53.0194,-16.8679],[-52.7122,-16.6506],[-52.6155,-16.4261],[-52.6749,-16.3007],[-52.5325,-16.1521],[-52.2306,-15.8987],[-51.8716,-15.7925],[-51.6396,-15.1793],[-51.1003,-14.8879],[-50.9249,-14.1216],[-50.8458,-14.0841],[-50.8664,-13.7161],[-50.5743,-13.2466],[-50.4465,-12.7004],[-50.1503,-12.3999],[-50.2582,-12.9205],[-49.3835,-13.2481],[-49.1378,-12.7349],[-49.0042,-12.6545],[-48.7975,-12.9291],[-48.7493,-13.3849],[-48.6444,-13.1628],[-48.3852,-13.1919],[-48.1655,-13.0647],[-48.1686,-13.18],[-47.6669,-13.3556],[-47.725,-13.1676],[-47.6554,-13.1018],[-47.5333,-13.2984],[-46.7782,-13.0548],[-46.4454,-12.8478],[-46.2335,-12.7966],[-46.0705,-12.9342],[-46.1806,-13.1926],[-46.0755,-13.3093],[-46.1965,-13.4186],[-46.2751,-13.7502],[-46.1256,-14.1889],[-45.9205,-14.3508],[-45.9196,-14.7247],[-46.1824,-14.9357],[-46.5168,-14.7133],[-46.5668,-15.0565],[-46.8789,-15.0338],[-46.9299,-15.2286],[-46.8548,-15.3238],[-46.9366,-15.4318],[-46.8358,-15.8644],[-47.3025,-16.0401]],[[-47.3025,-16.0401],[-47.3059,-15.5947],[-47.423,-15.4983],[-48.1912,-15.503],[-48.252,-16.0315],[-47.3025,-16.0401]]]}},{"type":"Feature","properties":{"id":"BR-DF","name":"Federal","country":"Brazil","iso":"BRA"},"geometry":{"type":"Polygon","coordinates":[[[-48.1794,-15.4899],[-47.423,-15.4983],[-47.3059,-15.5947],[-47.3025,-16.0401],[-48.252,-16.0315],[-48.1794,-15.4899]]]}},{"type":"Feature","properties":{"id":"BR-MG","name":"Minas Gerais","country":"Brazil","iso":"BRA"},"geometry":{"type":"Polygon","coordinates":[[[-46.511,-14.7116],[-46.2882,-14.9125],[-46.023,-14.8688],[-45.9748,-14.9982],[-46.066,-15.2463],[-45.9259,-15.127],[-45.7471,-15.1442],[-45.5583,-14.9388],[-44.5628,-14.3455],[-44.3208,-14.2457],[-44.0021,-14.2734],[-43.7916,-14.3444],[-43.8828,-14.5617],[-43.835,-14.6906],[-43.4924,-14.7886],[-43.2226,-14.636],[-42.953,-14.6795],[-42.6486,-14.9323],[-42.0873,-15.1818],[-41.8014,-15.1096],[-41.3606,-15.4952],[-41.3225,-15.742],[-41.14,-15.7786],[-40.9449,-15.6735],[-40.2247,-15.8201],[-39.8607,-16.128],[-40.1374,-16.5443],[-40.2657,-16.5809],[-40.2469,-16.8397],[-40.4797,-16.8708],[-40.5738,-17.1216],[-40.6073,-17.3985],[-40.517,-17.3643],[-40.4879,-17.5541],[-40.207,-17.7658],[-40.2068,-17.9785],[-40.4411,-17.8743],[-40.9108,-17.9487],[-40.7693,-18.1456],[-40.9322,-18.106],[-41.1388,-18.2836],[-41.1485,-18.389],[-41.0089,-18.4248],[-41.0276,-18.6503],[-40.9179,-18.7799],[-41.2398,-18.8431],[-41.0533,-18.9304],[-40.9431,-19.1457],[-40.9597,-19.4713],[-41.1568,-19.6605],[-41.3703,-20.1912],[-41.7286,-20.2093],[-41.8502,-20.3419],[-41.8089,-20.6392],[-41.9661,-20.9147],[-42.1377,-20.9563],[-42.3666,-21.5937],[-42.2803,-21.7136],[-43.1381,-22.0965],[-43.1341,-22.0245],[-43.3277,-22.0018],[-43.7847,-22.0559],[-45.3991,-22.651],[-45.7261,-22.5887],[-45.7804,-22.846],[-46.1224,-22.8929],[-46.3488,-22.8629],[-46.476,-22.6706],[-46.3857,-22.5316],[-46.7027,-22.3153],[-46.6007,-22.1326],[-46.698,-22.0727],[-46.6173,-21.99],[-46.6685,-21.8125],[-46.5076,-21.4589],[-46.6471,-21.3699],[-47.0006,-21.4006],[-47.224,-20.9076],[-47.1089,-20.6408],[-47.2921,-20.4375],[-47.2346,-20.206],[-47.4686,-19.9589],[-47.6358,-20.0385],[-47.8528,-19.9826],[-47.8817,-20.0998],[-47.9894,-20.0278],[-48.0716,-20.1509],[-48.2227,-20.0135],[-48.2426,-20.1377],[-48.8186,-20.1513],[-48.9011,-20.4387],[-49.0029,-20.1513],[-49.2164,-20.2941],[-49.273,-19.9684],[-50.3384,-19.8693],[-50.4896,-19.7823],[-50.994,-20.1017],[-51.0276,-19.7541],[-50.953,-19.4592],[-50.8393,-19.463],[-50.844,-19.2948],[-50.5454,-19.1092],[-50.2977,-18.7002],[-49.5135,-18.496],[-49.3769,-18.6314],[-48.9523,-18.3263],[-48.2595,-18.3491],[-47.9152,-18.4528],[-47.2777,-18.0599],[-47.3559,-17.8308],[-47.2714,-17.581],[-47.5302,-17.4282],[-47.1508,-16.9669],[-47.4365,-16.4171],[-47.3025,-16.0401],[-46.8358,-15.8644],[-46.9305,-15.5457],[-46.8943,-15.0587],[-46.5668,-15.0565],[-46.511,-14.7116]]]}},{"type":"Feature","properties":{"id":"BR-TO","name":"Tocantins","country":"Brazil","iso":"BRA"},"geometry":{"type":"Polygon","coordinates":[[[-45.7577,-10.3308],[-46.3024,-10.7583],[-46.2319,-10.8985],[-46.3703,-10.9698],[-46.5707,-11.3161],[-46.4417,-11.4951],[-46.0852,-11.601],[-46.2753,-11.7647],[-46.0699,-11.9149],[-46.3355,-12.1096],[-46.3171,-12.4236],[-46.1596,-12.503],[-46.3006,-12.833],[-47.5333,-13.2984],[-47.6623,-13.104],[-47.725,-13.1676],[-47.6669,-13.3556],[-48.1686,-13.18],[-48.1655,-13.0647],[-48.3852,-13.1919],[-48.6444,-13.1628],[-48.7441,-13.3852],[-48.7975,-12.9291],[-49.0042,-12.6545],[-49.1378,-12.7349],[-49.3975,-13.2502],[-50.2582,-12.9205],[-50.1503,-12.3999],[-50.3512,-12.5424],[-50.484,-12.8448],[-50.5987,-12.8045],[-50.6755,-12.6074],[-50.6505,-11.5999],[-50.7427,-11.5016],[-50.5988,-10.6566],[-50.0537,-9.3191],[-49.5655,-8.8112],[-49.3046,-8.3679],[-49.1634,-7.8036],[-49.3902,-7.5471],[-49.1892,-7.2472],[-49.2164,-6.9251],[-48.6834,-6.6627],[-48.6063,-6.435],[-48.3798,-6.3596],[-48.4249,-6.1566],[-48.2842,-6.0976],[-48.3334,-5.9762],[-48.2227,-5.9143],[-48.2972,-5.7495],[-48.1411,-5.627],[-48.3769,-5.3935],[-48.723,-5.3553],[-48.4981,-5.1865],[-47.8998,-5.2531],[-47.8385,-5.3832],[-47.4971,-5.5266],[-47.377,-6.2766],[-47.5027,-6.9834],[-47.7411,-7.1934],[-47.6447,-7.3085],[-47.4859,-7.3023],[-47.5915,-7.4458],[-47.4083,-7.5335],[-47.0216,-8.0391],[-46.6,-7.8986],[-46.4663,-8.0688],[-46.4902,-8.3908],[-46.8272,-8.4674],[-46.9023,-8.8269],[-47.0809,-9.0348],[-46.8903,-9.1039],[-46.8072,-9.3623],[-46.541,-9.5105],[-46.6694,-9.7465],[-46.4951,-9.869],[-46.3476,-10.1696],[-45.7577,-10.3308]]]}},{"type":"Feature","properties":{"id":"AU-ACT","name":"Australian Capital Territory","country":"Australia","iso":"AUS"},"geometry":{"type":"Polygon","coordinates":[[[149.1271,-35.1395],[149.4044,-35.3302],[149.1427,-35.4345],[149.036,-35.9194],[148.7956,-35.7127],[148.7705,-35.4933],[148.8177,-35.3205],[149.1271,-35.1395]]]}},{"type":"Feature","properties":{"id":"GB-CAY","name":"Caerphilly","country":"United Kingdom","iso":"GBR"},"geometry":{"type":"Polygon","coordinates":[[[-3.0319,51.6057],[-3.2275,51.5451],[-3.3338,51.7899],[-3.0706,51.6804],[-3.0319,51.6057]]]}},{"type":"Feature","properties":{"id":"GB-RCT","name":"Rhondda Cynon Taf","country":"United Kingdom","iso":"GBR"},"geometry":{"type":"Polygon","coordinates":[[[-3.4352,51.8166],[-3.2275,51.5451],[-3.4752,51.5104],[-3.5922,51.7424],[-3.4352,51.8166]]]}},{"type":"Feature","properties":{"id":"GB-BGW","name":"Blaenau Gwent","country":"United Kingdom","iso":"GBR"},"geometry":{"type":"Polygon","coordinates":[[[-3.1068,51.704],[-3.2906,51.8066],[-3.1569,51.8107],[-3.1068,51.704]]]}},{"type":"Feature","properties":{"id":"GB-TOF","name":"Torfaen","country":"United Kingdom","iso":"GBR"},"geometry":{"type":"Polygon","coordinates":[[[-3.0319,51.6057],[-3.1147,51.7008],[-3.1285,51.7945],[-2.9763,51.7094],[-3.0319,51.6057]]]}},{"type":"Feature","properties":{"id":"GB-MTY","name":"Merthyr Tydfil","country":"United Kingdom","iso":"GBR"},"geometry":{"type":"Polygon","coordinates":[[[-3.3338,51.7899],[-3.2753,51.6768],[-3.3017,51.6486],[-3.4383,51.7547],[-3.3338,51.7899]]]}},{"type":"Feature","properties":{"id":"GB-NLK","name":"North Lanarkshire","country":"United Kingdom","iso":"GBR"},"geometry":{"type":"Polygon","coordinates":[[[-4.1257,56.0055],[-3.7064,55.8769],[-3.7334,55.7835],[-3.8977,55.7343],[-4.1704,55.9002],[-4.0556,55.9113],[-4.1257,56.0055]]]}},{"type":"Feature","properties":{"id":"GB-EDU","name":"East Dunbartonshire","country":"United Kingdom","iso":"GBR"},"geometry":{"type":"Polygon","coordinates":[[[-4.1422,56.0286],[-4.0556,55.9113],[-4.36,55.9119],[-4.2773,56.0252],[-4.1422,56.0286]]]}},{"type":"Feature","properties":{"id":"GB-GLG","name":"Glasgow","country":"United Kingdom","iso":"GBR"},"geometry":{"type":"Polygon","coordinates":[[[-4.3558,55.864],[-4.2695,55.9161],[-4.0699,55.8555],[-4.2263,55.7845],[-4.3558,55.864]]]}},{"type":"Feature","properties":{"id":"GB-ERW","name":"East Renfrewshire","country":"United Kingdom","iso":"GBR"},"geometry":{"type":"Polygon","coordinates":[[[-4.5179,55.7593],[-4.2568,55.8035],[-4.221,55.7034],[-4.2842,55.6908],[-4.5179,55.7593]]]}},{"type":"Feature","properties":{"id":"GB-EAY","name":"East Ayrshire","country":"United Kingdom","iso":"GBR"},"geometry":{"type":"Polygon","coordinates":[[[-4.4851,55.3856],[-4.4266,55.5178],[-4.6258,55.665],[-4.5179,55.7593],[-4.251,55.686],[-4.1967,55.5523],[-3.9608,55.5403],[-4.1134,55.2999],[-4.297,55.3077],[-4.4186,55.143],[-4.5783,55.3886],[-4.4851,55.3856]]]}},{"type":"Feature","properties":{"id":"GB-SLK","name":"South Lanarkshire","country":"United Kingdom","iso":"GBR"},"geometry":{"type":"Polygon","coordinates":[[[-3.9567,55.4544],[-3.9924,55.5704],[-4.2117,55.5598],[-4.2404,55.7934],[-3.8817,55.7327],[-3.6112,55.8038],[-3.3945,55.7077],[-3.527,55.6002],[-3.5003,55.4097],[-3.6167,55.2927],[-3.9567,55.4544]]]}},{"type":"Feature","properties":{"id":"GB-MFT","name":"Magherafelt","country":"United Kingdom","iso":"GBR"},"geometry":{"type":"Polygon","coordinates":[[[-6.9298,54.7677],[-6.7369,54.9288],[-6.5204,54.9451],[-6.4711,54.8275],[-6.4986,54.7062],[-6.9298,54.7677]]]}},{"type":"Feature","properties":{"id":"GB-OMH","name":"Omagh","country":"United Kingdom","iso":"GBR"},"geometry":{"type":"Polygon","coordinates":[[[-7.67,54.5786],[-7.3081,54.7316],[-6.9298,54.7677],[-6.9728,54.538],[-7.1128,54.471],[-7.5081,54.4049],[-7.5339,54.553],[-7.67,54.5786]]]}},{"type":"Feature","properties":{"id":"GB-CKT","name":"Mid Ulster","country":"United Kingdom","iso":"GBR"},"geometry":{"type":"Polygon","coordinates":[[[-6.8961,54.5644],[-6.995,54.7308],[-6.5595,54.7272],[-6.4181,54.6401],[-6.5312,54.5388],[-6.8961,54.5644]]]}},{"type":"Feature","properties":{"id":"GB-CGV","name":"Craigavon","country":"United Kingdom","iso":"GBR"},"geometry":{"type":"Polygon","coordinates":[[[-6.435,54.3771],[-6.5836,54.5083],[-6.2656,54.6049],[-6.2148,54.4127],[-6.435,54.3771]]]}},{"type":"Feature","properties":{"id":"GB-BNB","name":"Banbridge","country":"United Kingdom","iso":"GBR"},"geometry":{"type":"Polygon","coordinates":[[[-6.3439,54.2652],[-6.3917,54.4011],[-6.1664,54.4441],[-5.9378,54.3663],[-5.9675,54.2499],[-6.3439,54.2652]]]}},{"type":"Feature","properties":{"id":"GB-ANT","name":"Antrim","country":"United Kingdom","iso":"GBR"},"geometry":{"type":"Polygon","coordinates":[[[-6.431,54.5675],[-6.4807,54.7827],[-6.1526,54.8071],[-6.0225,54.6625],[-6.431,54.5675]]]}},{"type":"Feature","properties":{"id":"GB-LSB","name":"Lisburn","country":"United Kingdom","iso":"GBR"},"geometry":{"type":"Polygon","coordinates":[[[-5.8681,54.4791],[-6.0092,54.3763],[-6.2105,54.4332],[-6.2964,54.5691],[-6.0659,54.6227],[-5.8681,54.4791]]]}},{"type":"Feature","properties":{"id":"GB-BLY","name":"Ballymoney","country":"United Kingdom","iso":"GBR"},"geometry":{"type":"Polygon","coordinates":[[[-6.5069,54.916],[-6.5728,55.1311],[-6.2281,55.1205],[-6.1956,55.0222],[-6.5069,54.916]]]}},{"type":"Feature","properties":{"id":"GB-BLA","name":"Ballymena","country":"United Kingdom","iso":"GBR"},"geometry":{"type":"Polygon","coordinates":[[[-6.4807,54.7827],[-6.5069,54.916],[-6.1925,55.0283],[-5.9448,54.8327],[-6.4807,54.7827]]]}},{"type":"Feature","properties":{"id":"GB-CSR","name":"Castlereagh","country":"United Kingdom","iso":"GBR"},"geometry":{"type":"Polygon","coordinates":[[[-5.757,54.6158],[-5.8681,54.4791],[-5.9547,54.5544],[-5.757,54.6158]]]}},{"type":"Feature","properties":{"id":"GB-WND","name":"Wandsworth","country":"United Kingdom","iso":"GBR"},"geometry":{"type":"Polygon","coordinates":[[[-0.1317,51.4177],[-0.2443,51.4325],[-0.2457,51.4557],[-0.1279,51.4921],[-0.1317,51.4177]]]}},{"type":"Feature","properties":{"id":"GB-MRT","name":"Merton","country":"United Kingdom","iso":"GBR"},"geometry":{"type":"Polygon","coordinates":[[[-0.2196,51.3813],[-0.1317,51.4177],[-0.1191,51.3935],[-0.2196,51.3813]]]}},{"type":"Feature","properties":{"id":"GB-WSM","name":"Westminster","country":"United Kingdom","iso":"GBR"},"geometry":{"type":"Polygon","coordinates":[[[-0.1471,51.5304],[-0.1664,51.4921],[-0.2111,51.522],[-0.1471,51.5304]]]}},{"type":"Feature","properties":{"id":"GB-KEC","name":"Kensington and Chelsea","country":"United Kingdom","iso":"GBR"},"geometry":{"type":"Polygon","coordinates":[[[-0.1712,51.4726],[-0.1958,51.52],[-0.1429,51.4837],[-0.1712,51.4726]]]}},{"type":"Feature","properties":{"id":"GB-HNS","name":"Hounslow","country":"United Kingdom","iso":"GBR"},"geometry":{"type":"Polygon","coordinates":[[[-0.2709,51.4963],[-0.3844,51.4137],[-0.4403,51.438],[-0.3927,51.4936],[-0.2709,51.4963]]]}},{"type":"Feature","properties":{"id":"GB-EAL","name":"Ealing","country":"United Kingdom","iso":"GBR"},"geometry":{"type":"Polygon","coordinates":[[[-0.2528,51.4925],[-0.3927,51.4936],[-0.4068,51.5314],[-0.3063,51.5454],[-0.2528,51.4925]]]}},{"type":"Feature","properties":{"id":"GB-HMF","name":"Hammersmith and Fulham","country":"United Kingdom","iso":"GBR"},"geometry":{"type":"Polygon","coordinates":[[[-0.1712,51.4726],[-0.2445,51.4944],[-0.2366,51.5265],[-0.1712,51.4726]]]}},{"type":"Feature","properties":{"id":"GB-STT","name":"Stockton-on-Tees","country":"United Kingdom","iso":"GBR"},"geometry":{"type":"Polygon","coordinates":[[[-1.432,54.4811],[-1.3885,54.6267],[-1.2117,54.6066],[-1.2508,54.4866],[-1.432,54.4811]]]}},{"type":"Feature","properties":{"id":"GB-DAL","name":"Darlington","country":"United Kingdom","iso":"GBR"},"geometry":{"type":"Polygon","coordinates":[[[-1.4126,54.6],[-1.4492,54.4444],[-1.6818,54.5311],[-1.6728,54.5916],[-1.4126,54.6]]]}},{"type":"Feature","properties":{"id":"GB-MDB","name":"Middlesbrough","country":"United Kingdom","iso":"GBR"},"geometry":{"type":"Polygon","coordinates":[[[-1.2855,54.5549],[-1.1795,54.5038],[-1.2923,54.5021],[-1.2855,54.5549]]]}},{"type":"Feature","properties":{"id":"GB-RIC","name":"Richmond upon Thames","country":"United Kingdom","iso":"GBR"},"geometry":{"type":"Polygon","coordinates":[[[-0.2127,51.4729],[-0.3067,51.3844],[-0.3844,51.4137],[-0.3102,51.4726],[-0.2127,51.4729]]]}},{"type":"Feature","properties":{"id":"GB-LND","name":"London","country":"United Kingdom","iso":"GBR"},"geometry":{"type":"Polygon","coordinates":[[[-0.0874,51.5269],[-0.0973,51.5097],[-0.1025,51.5235],[-0.0874,51.5269]]]}},{"type":"Feature","properties":{"id":"GB-TWH","name":"Tower Hamlets","country":"United Kingdom","iso":"GBR"},"geometry":{"type":"Polygon","coordinates":[[[-0.0047,51.4796],[-0.011,51.5435],[0.0194,51.5026],[-0.0047,51.4796]]]}},{"type":"Feature","properties":{"id":"GB-GAT","name":"Gateshead","country":"United Kingdom","iso":"GBR"},"geometry":{"type":"Polygon","coordinates":[[[-1.5192,54.9398],[-1.8506,54.9197],[-1.7495,55.0027],[-1.5192,54.9398]]]}},{"type":"Feature","properties":{"id":"GB-NET","name":"Newcastle upon Tyne","country":"United Kingdom","iso":"GBR"},"geometry":{"type":"Polygon","coordinates":[[[-1.7495,55.0027],[-1.6493,55.0677],[-1.49,54.9831],[-1.7495,55.0027]]]}},{"type":"Feature","properties":{"id":"GB-YOR","name":"York","country":"United Kingdom","iso":"GBR"},"geometry":{"type":"Polygon","coordinates":[[[-1.049,54.0403],[-0.928,53.9718],[-0.9405,53.868],[-1.218,53.9146],[-1.049,54.0403]]]}},{"type":"Feature","properties":{"id":"GB-SHN","name":"Merseyside","country":"United Kingdom","iso":"GBR"},"geometry":{"type":"Polygon","coordinates":[[[-2.5664,53.4356],[-2.7934,53.4025],[-2.8017,53.5169],[-2.5664,53.4356]]]}},{"type":"Feature","properties":{"id":"GB-ENF","name":"Enfield","country":"United Kingdom","iso":"GBR"},"geometry":{"type":"Polygon","coordinates":[[[-0.1481,51.6891],[-0.0113,51.6772],[-0.0026,51.6466],[-0.1305,51.6078],[-0.1481,51.6891]]]}},{"type":"Feature","properties":{"id":"GB-HRT","name":"Hertfordshire","country":"United Kingdom","iso":"GBR"},"geometry":{"type":"Polygon","coordinates":[[[-0.0113,51.6772],[-0.4935,51.5909],[-0.5267,51.7349],[-0.73,51.8277],[-0.3645,51.826],[-0.375,51.978],[0.0514,52.0433],[0.1992,51.8658],[-0.0113,51.6772]]]}},{"type":"Feature","properties":{"id":"GB-BNE","name":"Barnet","country":"United Kingdom","iso":"GBR"},"geometry":{"type":"Polygon","coordinates":[[[-0.2924,51.6291],[-0.12,51.6279],[-0.1627,51.5664],[-0.2924,51.6291]]]}},{"type":"Feature","properties":{"id":"GB-WFT","name":"Waltham Forest","country":"United Kingdom","iso":"GBR"},"geometry":{"type":"Polygon","coordinates":[[[-0.0483,51.5654],[0.0213,51.6369],[0.0239,51.5543],[-0.0483,51.5654]]]}},{"type":"Feature","properties":{"id":"GB-RDB","name":"Redbridge","country":"United Kingdom","iso":"GBR"},"geometry":{"type":"Polygon","coordinates":[[[0.1485,51.6174],[0.1253,51.5522],[0.0239,51.5543],[0.0198,51.6228],[0.1485,51.6174]]]}},{"type":"Feature","properties":{"id":"GB-HAV","name":"Havering","country":"United Kingdom","iso":"GBR"},"geometry":{"type":"Polygon","coordinates":[[[0.1524,51.5989],[0.2481,51.6274],[0.3361,51.54],[0.1907,51.4827],[0.1524,51.5989]]]}},{"type":"Feature","properties":{"id":"GB-CAM","name":"Cambridgeshire","country":"United Kingdom","iso":"GBR"},"geometry":{"type":"Polygon","coordinates":[[[-0.1092,52.0194],[-0.132,52.1336],[-0.4856,52.3486],[-0.3356,52.4555],[-0.4144,52.5596],[-0.2868,52.5041],[0.1724,52.7243],[0.2339,52.5069],[0.4472,52.4322],[0.3897,52.3902],[0.5103,52.2746],[0.3497,52.2577],[0.4986,52.1608],[0.3911,52.0355],[-0.1092,52.0194]]]}},{"type":"Feature","properties":{"id":"GB-BEX","name":"Bexley","country":"United Kingdom","iso":"GBR"},"geometry":{"type":"Polygon","coordinates":[[[0.1205,51.5028],[0.1662,51.3985],[0.0803,51.4315],[0.1205,51.5028]]]}},{"type":"Feature","properties":{"id":"GB-STN","name":"Sutton","country":"United Kingdom","iso":"GBR"},"geometry":{"type":"Polygon","coordinates":[[[-0.2248,51.3853],[-0.142,51.3204],[-0.2431,51.3736],[-0.2248,51.3853]]]}},{"type":"Feature","properties":{"id":"GB-MIK","name":"Milton Keynes","country":"United Kingdom","iso":"GBR"},"geometry":{"type":"Polygon","coordinates":[[[-0.6864,51.9479],[-0.8674,52.0338],[-0.8784,52.116],[-0.6212,52.1749],[-0.5737,52.0966],[-0.6864,51.9479]]]}},{"type":"Feature","properties":{"id":"GB-BKM","name":"Buckinghamshire","country":"United Kingdom","iso":"GBR"},"geometry":{"type":"Polygon","coordinates":[[[-0.8674,52.0338],[-0.5342,51.8269],[-0.73,51.8277],[-0.5267,51.7349],[-0.4972,51.4778],[-0.8871,51.5481],[-0.8845,51.7163],[-1.1087,51.7797],[-1.0531,51.9927],[-1.1418,52.0177],[-0.8674,52.0338]]]}},{"type":"Feature","properties":{"id":"GB-HIL","name":"Hillingdon","country":"United Kingdom","iso":"GBR"},"geometry":{"type":"Polygon","coordinates":[[[-0.3678,51.5484],[-0.4227,51.4537],[-0.4972,51.4778],[-0.4814,51.616],[-0.3678,51.5484]]]}},{"type":"Feature","properties":{"id":"GB-BEN","name":"Brent","country":"United Kingdom","iso":"GBR"},"geometry":{"type":"Polygon","coordinates":[[[-0.179,51.5283],[-0.2744,51.5263],[-0.3255,51.5493],[-0.2668,51.601],[-0.179,51.5283]]]}},{"type":"Feature","properties":{"id":"GB-LUT","name":"Luton","country":"United Kingdom","iso":"GBR"},"geometry":{"type":"Polygon","coordinates":[[[-0.4645,51.9136],[-0.3645,51.826],[-0.4717,51.8667],[-0.4645,51.9136]]]}},{"type":"Feature","properties":{"id":"GB-HRW","name":"Harrow","country":"United Kingdom","iso":"GBR"},"geometry":{"type":"Polygon","coordinates":[[[-0.2936,51.6383],[-0.3678,51.5484],[-0.3998,51.6148],[-0.2936,51.6383]]]}},{"type":"Feature","properties":{"id":"GB-CBF","name":"Central Bedfordshire","country":"United Kingdom","iso":"GBR"},"geometry":{"type":"Polygon","coordinates":[[[-0.6572,51.9479],[-0.5737,52.0966],[-0.3935,52.0665],[-0.2531,52.1919],[-0.132,52.1336],[-0.5081,51.8016],[-0.6572,51.9479]]]}},{"type":"Feature","properties":{"id":"GB-BDF","name":"Bedford","country":"United Kingdom","iso":"GBR"},"geometry":{"type":"Polygon","coordinates":[[[-0.5737,52.0966],[-0.644,52.2519],[-0.5031,52.303],[-0.2531,52.1919],[-0.3935,52.0665],[-0.5737,52.0966]]]}},{"type":"Feature","properties":{"id":"GB-RUT","name":"Rutland","country":"United Kingdom","iso":"GBR"},"geometry":{"type":"Polygon","coordinates":[[[-0.8051,52.7087],[-0.4153,52.6866],[-0.7299,52.5067],[-0.8051,52.7087]]]}},{"type":"Feature","properties":{"id":"GB-NTT","name":"Nottinghamshire","country":"United Kingdom","iso":"GBR"},"geometry":{"type":"Polygon","coordinates":[[[-0.9194,53.4874],[-0.7972,53.4523],[-0.7765,53.2342],[-0.6389,53.2416],[-0.745,53.1708],[-0.6886,53.0497],[-0.9795,52.8077],[-1.2256,52.778],[-1.3098,53.1428],[-0.9194,53.4874]],[[-1.2278,52.9443],[-1.1041,52.9189],[-1.1609,52.995],[-1.2278,52.9443]]]}},{"type":"Feature","properties":{"id":"GB-NTH","name":"Northamptonshire","country":"United Kingdom","iso":"GBR"},"geometry":{"type":"Polygon","coordinates":[[[-0.3356,52.4555],[-0.8784,52.116],[-0.8901,52.02],[-1.0233,52.0647],[-1.1837,51.9783],[-1.265,51.9797],[-1.3067,52.0774],[-1.2372,52.096],[-1.3212,52.1615],[-1.1866,52.3813],[-0.4907,52.6365],[-0.3356,52.4555]]]}},{"type":"Feature","properties":{"id":"GB-CMD","name":"Camden","country":"United Kingdom","iso":"GBR"},"geometry":{"type":"Polygon","coordinates":[[[-0.1627,51.5664],[-0.1122,51.5024],[-0.2047,51.5515],[-0.1627,51.5664]]]}},{"type":"Feature","properties":{"id":"GB-ISL","name":"Islington","country":"United Kingdom","iso":"GBR"},"geometry":{"type":"Polygon","coordinates":[[[-0.0703,51.546],[-0.1269,51.5536],[-0.1285,51.566],[-0.0703,51.546]]]}},{"type":"Feature","properties":{"id":"GB-PTE","name":"Peterborough","country":"United Kingdom","iso":"GBR"},"geometry":{"type":"Polygon","coordinates":[[[-0.0495,52.6579],[-0.2868,52.5041],[-0.4907,52.6365],[-0.315,52.6636],[-0.0495,52.6579]]]}},{"type":"Feature","properties":{"id":"GB-LBH","name":"Lambeth","country":"United Kingdom","iso":"GBR"},"geometry":{"type":"Polygon","coordinates":[[[-0.0746,51.4192],[-0.1427,51.4584],[-0.1079,51.5053],[-0.0746,51.4192]]]}},{"type":"Feature","properties":{"id":"GB-SWK","name":"Southwark","country":"United Kingdom","iso":"GBR"},"geometry":{"type":"Polygon","coordinates":[[[-0.1079,51.5053],[-0.0236,51.4959],[-0.0746,51.4192],[-0.1079,51.5053]]]}},{"type":"Feature","properties":{"id":"GB-DNC","name":"Doncaster","country":"United Kingdom","iso":"GBR"},"geometry":{"type":"Polygon","coordinates":[[[-1.3445,53.5808],[-0.86,53.6324],[-0.872,53.5308],[-1.1181,53.3786],[-1.3254,53.4778],[-1.3445,53.5808]]]}},{"type":"Feature","properties":{"id":"GB-CRY","name":"Croydon","country":"United Kingdom","iso":"GBR"},"geometry":{"type":"Polygon","coordinates":[[[-0.1281,51.2891],[-0.0764,51.4143],[0.0131,51.3207],[-0.1281,51.2891]]]}},{"type":"Feature","properties":{"id":"GB-LEW","name":"Lewisham","country":"United Kingdom","iso":"GBR"},"geometry":{"type":"Polygon","coordinates":[[[-0.0667,51.421],[0.0151,51.4649],[0.0432,51.4207],[-0.0667,51.421]]]}},{"type":"Feature","properties":{"id":"GB-HRY","name":"Haringey","country":"United Kingdom","iso":"GBR"},"geometry":{"type":"Polygon","coordinates":[[[-0.0527,51.5736],[-0.1627,51.5664],[-0.03,51.6011],[-0.0527,51.5736]]]}},{"type":"Feature","properties":{"id":"GB-KTT","name":"Kingston upon Thames","country":"United Kingdom","iso":"GBR"},"geometry":{"type":"Polygon","coordinates":[[[-0.3026,51.4282],[-0.2248,51.3853],[-0.3122,51.3241],[-0.3026,51.4282]]]}},{"type":"Feature","properties":{"id":"GB-NWM","name":"Newham","country":"United Kingdom","iso":"GBR"},"geometry":{"type":"Polygon","coordinates":[[[0.0719,51.4924],[-0.0106,51.5524],[0.0994,51.5176],[0.0719,51.4924]]]}},{"type":"Feature","properties":{"id":"GB-GRE","name":"Greenwich","country":"United Kingdom","iso":"GBR"},"geometry":{"type":"Polygon","coordinates":[[[0.0674,51.4226],[0.008,51.5005],[0.1205,51.5028],[0.0674,51.4226]]]}},{"type":"Feature","properties":{"id":"GB-HCK","name":"Hackney","country":"United Kingdom","iso":"GBR"},"geometry":{"type":"Polygon","coordinates":[[[-0.072,51.516],[-0.0903,51.571],[-0.0106,51.5524],[-0.072,51.516]]]}},{"type":"Feature","properties":{"id":"GB-BDG","name":"Barking and Dagenham","country":"United Kingdom","iso":"GBR"},"geometry":{"type":"Polygon","coordinates":[[[0.1524,51.5989],[0.166,51.5001],[0.0969,51.4977],[0.0746,51.5421],[0.1524,51.5989]]]}},{"type":"Feature","properties":{"id":"GB-LEC","name":"Leicestershire","country":"United Kingdom","iso":"GBR"},"geometry":{"type":"Polygon","coordinates":[[[-0.7667,52.9612],[-0.6511,52.7475],[-0.8051,52.7087],[-0.7345,52.5044],[-1.1567,52.3783],[-1.5458,52.5808],[-1.5414,52.7458],[-1.3392,52.8491],[-0.9795,52.8077],[-0.7667,52.9612]],[[-1.1674,52.5753],[-1.0567,52.6231],[-1.1598,52.6559],[-1.1674,52.5753]]]}},{"type":"Feature","properties":{"id":"GB-CHE","name":"Cheshire East","country":"United Kingdom","iso":"GBR"},"geometry":{"type":"Polygon","coordinates":[[[-2.0168,53.3704],[-1.9769,53.2073],[-2.3788,52.9896],[-2.5778,52.9536],[-2.6675,53.0483],[-2.4103,53.232],[-2.509,53.3309],[-2.4288,53.3803],[-2.0168,53.3704]]]}},{"type":"Feature","properties":{"id":"GB-DBY","name":"Derbyshire","country":"United Kingdom","iso":"GBR"},"geometry":{"type":"Polygon","coordinates":[[[-1.9769,53.2073],[-2.0131,53.4199],[-1.8972,53.533],[-1.6101,53.3058],[-1.1603,53.2858],[-1.3297,53.0502],[-1.2326,52.8807],[-1.5831,52.685],[-1.7004,52.7261],[-1.6084,52.8305],[-1.8409,52.9047],[-1.7456,52.9999],[-1.8037,53.1485],[-1.9769,53.2073]],[[-1.4942,52.8472],[-1.4219,52.9227],[-1.5384,52.8979],[-1.4942,52.8472]]]}},{"type":"Feature","properties":{"id":"GB-ROT","name":"Rotherham","country":"United Kingdom","iso":"GBR"},"geometry":{"type":"Polygon","coordinates":[[[-1.3325,53.2988],[-1.3699,53.4694],[-1.1181,53.3786],[-1.176,53.2929],[-1.3325,53.2988]]]}},{"type":"Feature","properties":{"id":"GB-SHF","name":"Sheffield","country":"United Kingdom","iso":"GBR"},"geometry":{"type":"Polygon","coordinates":[[[-1.3937,53.3252],[-1.6101,53.3058],[-1.8161,53.5161],[-1.4645,53.4694],[-1.3937,53.3252]]]}},{"type":"Feature","properties":{"id":"GB-STE","name":"Stoke-on-Trent","country":"United Kingdom","iso":"GBR"},"geometry":{"type":"Polygon","coordinates":[[[-2.2015,52.9637],[-2.2049,53.1136],[-2.0952,52.9491],[-2.2015,52.9637]]]}},{"type":"Feature","properties":{"id":"GB-TFW","name":"Telford and Wrekin","country":"United Kingdom","iso":"GBR"},"geometry":{"type":"Polygon","coordinates":[[[-2.3966,52.8216],[-2.324,52.7477],[-2.4246,52.607],[-2.6632,52.7427],[-2.3966,52.8216]]]}},{"type":"Feature","properties":{"id":"GB-STS","name":"Staffordshire","country":"United Kingdom","iso":"GBR"},"geometry":{"type":"Polygon","coordinates":[[[-2.2284,52.6588],[-2.3659,52.8841],[-2.4495,52.8855],[-2.3659,53.0522],[-2.2437,53.0859],[-2.1119,52.9403],[-2.2049,53.1136],[-1.9525,53.2138],[-1.7717,53.0902],[-1.8239,52.8755],[-1.6084,52.8305],[-1.7004,52.7261],[-1.58,52.6769],[-1.6656,52.5758],[-2.1311,52.6294],[-2.1711,52.4216],[-2.2862,52.4446],[-2.3114,52.5991],[-2.2284,52.6588]]]}},{"type":"Feature","properties":{"id":"GB-BRY","name":"Bromley","country":"United Kingdom","iso":"GBR"},"geometry":{"type":"Polygon","coordinates":[[[0.1662,51.3985],[0.0688,51.2825],[-0.0763,51.4159],[0.0372,51.4392],[0.1662,51.3985]]]}},{"type":"Feature","properties":{"id":"GB-WOR","name":"Worcestershire","country":"United Kingdom","iso":"GBR"},"geometry":{"type":"Polygon","coordinates":[[[-1.7578,52.1058],[-1.832,52.008],[-2.3078,51.9736],[-2.4475,52.2585],[-2.607,52.2417],[-2.6409,52.3322],[-2.0306,52.4369],[-1.8445,52.3836],[-1.9445,52.1647],[-1.7578,52.1058]]]}},{"type":"Feature","properties":{"id":"GB-WAR","name":"Warwickshire","country":"United Kingdom","iso":"GBR"},"geometry":{"type":"Polygon","coordinates":[[[-1.5181,51.9883],[-1.9445,52.1647],[-1.8445,52.3836],[-1.4317,52.3836],[-1.7411,52.4975],[-1.7777,52.5753],[-1.58,52.6769],[-1.1653,52.348],[-1.5181,51.9883]]]}},{"type":"Feature","properties":{"id":"GB-OXF","name":"Oxfordshire","country":"United Kingdom","iso":"GBR"},"geometry":{"type":"Polygon","coordinates":[[[-1.6028,51.5202],[-1.6525,51.9839],[-1.5498,51.9691],[-1.3212,52.1615],[-1.2372,52.096],[-1.3067,52.0774],[-1.265,51.9797],[-1.0531,51.9927],[-1.0472,51.833],[-1.1283,51.8274],[-0.8845,51.7163],[-0.9445,51.6191],[-0.8732,51.5075],[-1.6028,51.5202]]]}},{"type":"Feature","properties":{"id":"GB-WGN","name":"Wigan","country":"United Kingdom","iso":"GBR"},"geometry":{"type":"Polygon","coordinates":[[[-2.485,53.4622],[-2.752,53.5111],[-2.59,53.613],[-2.485,53.4622]]]}},{"type":"Feature","properties":{"id":"GB-SKP","name":"Stockport","country":"United Kingdom","iso":"GBR"},"geometry":{"type":"Polygon","coordinates":[[[-2.0117,53.4125],[-2.1595,53.3213],[-2.2664,53.3704],[-2.2254,53.4373],[-2.0117,53.4125]]]}},{"type":"Feature","properties":{"id":"GB-WRT","name":"Warrington","country":"United Kingdom","iso":"GBR"},"geometry":{"type":"Polygon","coordinates":[[[-2.6662,53.441],[-2.485,53.4622],[-2.4288,53.3803],[-2.5694,53.3123],[-2.6662,53.441]]]}},{"type":"Feature","properties":{"id":"GB-WBK","name":"West Berkshire","country":"United Kingdom","iso":"GBR"},"geometry":{"type":"Polygon","coordinates":[[[-1.032,51.3547],[-1.487,51.3324],[-1.5845,51.5174],[-1.1466,51.5305],[-1.032,51.3547]]]}},{"type":"Feature","properties":{"id":"GB-WOK","name":"Wokingham","country":"United Kingdom","iso":"GBR"},"geometry":{"type":"Polygon","coordinates":[[[-0.8142,51.3982],[-1.0535,51.4119],[-0.8463,51.5425],[-0.8142,51.3982]]]}},{"type":"Feature","properties":{"id":"GB-BRC","name":"Bracknell Forest","country":"United Kingdom","iso":"GBR"},"geometry":{"type":"Polygon","coordinates":[[[-0.6822,51.4312],[-0.8529,51.3501],[-0.828,51.4697],[-0.6822,51.4312]]]}},{"type":"Feature","properties":{"id":"GB-WNM","name":"Windsor and Maidenhead","country":"United Kingdom","iso":"GBR"},"geometry":{"type":"Polygon","coordinates":[[[-0.8463,51.5425],[-0.5791,51.4755],[-0.6198,51.3877],[-0.828,51.4697],[-0.8463,51.5425]]]}},{"type":"Feature","properties":{"id":"GB-SLG","name":"Slough","country":"United Kingdom","iso":"GBR"},"geometry":{"type":"Polygon","coordinates":[[[-0.6362,51.4937],[-0.5236,51.5063],[-0.5184,51.4394],[-0.6362,51.4937]]]}},{"type":"Feature","properties":{"id":"GB-RDG","name":"Reading","country":"United Kingdom","iso":"GBR"},"geometry":{"type":"Polygon","coordinates":[[[-1.0811,51.4891],[-0.9872,51.4531],[-0.9645,51.4547],[-1.0535,51.4119],[-1.0811,51.4891]]]}},{"type":"Feature","properties":{"id":"GB-SRY","name":"Surrey","country":"United Kingdom","iso":"GBR"},"geometry":{"type":"Polygon","coordinates":[[[-0.4414,51.4539],[-0.3122,51.3241],[0.0,51.3295],[0.0627,51.1358],[-0.6881,51.0708],[-0.8236,51.1516],[-0.7653,51.3313],[-0.4414,51.4539]]]}},{"type":"Feature","properties":{"id":"GB-BBD","name":"Blackburn with Darwen","country":"United Kingdom","iso":"GBR"},"geometry":{"type":"Polygon","coordinates":[[[-2.4466,53.7726],[-2.3603,53.6494],[-2.5044,53.627],[-2.5256,53.738],[-2.4466,53.7726]]]}},{"type":"Feature","properties":{"id":"GB-SWD","name":"Swindon","country":"United Kingdom","iso":"GBR"},"geometry":{"type":"Polygon","coordinates":[[[-1.7011,51.681],[-1.5804,51.503],[-1.8104,51.48],[-1.8312,51.5659],[-1.7011,51.681]]]}},{"type":"Feature","properties":{"id":"GB-BAS","name":"Bath and North East Somerset","country":"United Kingdom","iso":"GBR"},"geometry":{"type":"Polygon","coordinates":[[[-2.2901,51.3249],[-2.4581,51.273],[-2.7149,51.3426],[-2.2807,51.4203],[-2.2901,51.3249]]]}},{"type":"Feature","properties":{"id":"GB-WIL","name":"Wiltshire","country":"United Kingdom","iso":"GBR"},"geometry":{"type":"Polygon","coordinates":[[[-1.8061,51.698],[-1.8104,51.48],[-1.5804,51.503],[-1.4858,51.3438],[-1.5384,51.2449],[-1.6965,51.2366],[-1.6106,50.9597],[-2.0992,50.9558],[-2.3475,51.0949],[-2.2362,51.2641],[-2.3337,51.3469],[-2.2716,51.5772],[-1.8061,51.698]]]}},{"type":"Feature","properties":{"id":"GB-CLD","name":"Calderdale","country":"United Kingdom","iso":"GBR"},"geometry":{"type":"Polygon","coordinates":[[[-2.1514,53.6965],[-2.0028,53.8699],[-1.7389,53.7037],[-2.0239,53.6394],[-2.1514,53.6965]]]}},{"type":"Feature","properties":{"id":"GB-KIR","name":"Kirklees","country":"United Kingdom","iso":"GBR"},"geometry":{"type":"Polygon","coordinates":[[[-1.8161,53.5161],[-2.0239,53.6394],[-1.6472,53.7641],[-1.6003,53.5741],[-1.8161,53.5161]]]}},{"type":"Feature","properties":{"id":"GB-NGM","name":"Nottingham","country":"United Kingdom","iso":"GBR"},"geometry":{"type":"Polygon","coordinates":[[[-1.1609,52.995],[-1.1041,52.9189],[-1.171,52.8723],[-1.2278,52.9443],[-1.1609,52.995]]]}},{"type":"Feature","properties":{"id":"GB-LCE","name":"Leicester","country":"United Kingdom","iso":"GBR"},"geometry":{"type":"Polygon","coordinates":[[[-1.1799,52.6382],[-1.0642,52.5955],[-1.1674,52.5753],[-1.1799,52.6382]]]}},{"type":"Feature","properties":{"id":"GB-DER","name":"Derby","country":"United Kingdom","iso":"GBR"},"geometry":{"type":"Polygon","coordinates":[[[-1.546,52.8764],[-1.4015,52.9098],[-1.4316,52.8418],[-1.546,52.8764]]]}},{"type":"Feature","properties":{"id":"NG-AB","name":"Abia State","country":"Nigeria","iso":"NGA"},"geometry":{"type":"Polygon","coordinates":[[[7.8778,5.6903],[7.9446,5.3561],[7.6408,5.5111],[7.65,5.3294],[7.5253,5.3053],[7.4963,4.8174],[7.1765,4.8737],[7.405,5.5432],[7.2966,5.9853],[7.4683,6.0222],[7.5262,5.8503],[7.8778,5.6903]]]}},{"type":"Feature","properties":{"id":"NG-EB","name":"Ebonyi State","country":"Nigeria","iso":"NGA"},"geometry":{"type":"Polygon","coordinates":[[[8.2178,6.7916],[8.4389,6.4012],[8.2465,6.0179],[7.9746,5.9926],[7.8778,5.6903],[7.5262,5.8503],[7.5335,5.973],[7.6932,5.9419],[7.7325,6.101],[7.6957,6.6065],[7.8277,6.6302],[7.9291,6.5192],[7.9986,6.6957],[8.2178,6.7916]]]}},{"type":"Feature","properties":{"id":"NG-AN","name":"Anambra State","country":"Nigeria","iso":"NGA"},"geometry":{"type":"Polygon","coordinates":[[[6.6057,5.7232],[6.7577,6.1229],[6.6767,6.5351],[6.7924,6.5668],[6.906,6.7761],[7.1003,6.6678],[7.022,6.4405],[7.2433,6.0667],[7.3637,6.0206],[6.9861,5.9073],[6.8958,5.762],[6.6057,5.7232]]]}},{"type":"Feature","properties":{"id":"NG-ED","name":"Edo State","country":"Nigeria","iso":"NGA"},"geometry":{"type":"Polygon","coordinates":[[[6.6767,6.5351],[6.2013,6.2871],[6.0703,6.3279],[6.2225,5.9746],[5.9235,5.7411],[5.8961,5.8784],[5.6634,6.0399],[5.3314,6.0198],[5.2511,5.9057],[5.2324,6.0385],[4.9793,6.2844],[5.1991,6.8647],[5.4956,6.8723],[5.541,6.7171],[5.7136,6.7521],[6.0284,7.5734],[6.1324,7.4267],[6.2641,7.4633],[6.5112,7.2507],[6.6972,7.2203],[6.6767,6.5351]]]}},{"type":"Feature","properties":{"id":"NG-BA","name":"Bauchi State","country":"Nigeria","iso":"NGA"},"geometry":{"type":"Polygon","coordinates":[[[11.075,9.6104],[10.5604,9.4967],[9.8723,9.8371],[9.7354,9.5672],[9.2991,9.5822],[9.1597,9.7289],[9.1772,9.996],[8.9605,10.0231],[8.9368,10.2868],[8.6967,10.4238],[8.8154,10.6641],[8.7375,11.0215],[9.0988,11.3262],[9.8105,11.2614],[9.9483,10.9537],[10.1798,10.9334],[10.3615,11.1174],[10.3902,11.1776],[10.0006,11.2623],[9.7933,11.4817],[9.7987,11.7145],[9.6252,11.7294],[9.6997,11.8512],[10.155,12.0085],[10.2875,12.4244],[10.6095,12.5024],[10.7484,12.3643],[10.9681,11.5753],[10.9393,11.3361],[11.0142,11.2947],[10.6738,11.0414],[10.5386,10.7116],[10.8233,10.4456],[10.8432,10.1876],[10.7236,10.0971],[10.9714,9.8878],[11.075,9.6104]]]}},{"type":"Feature","properties":{"id":"NG-PL","name":"Plateau State","country":"Nigeria","iso":"NGA"},"geometry":{"type":"Polygon","coordinates":[[[10.5604,9.4967],[10.6185,8.8801],[10.2289,8.7467],[9.7451,8.3529],[9.4077,8.4864],[9.0348,8.4709],[8.8847,8.7274],[9.0731,8.9897],[8.8301,9.0239],[8.5593,9.4845],[8.6601,10.1692],[8.785,10.3356],[8.9011,10.3301],[8.9605,10.0231],[9.1772,9.996],[9.1597,9.7289],[9.2991,9.5822],[9.7354,9.5672],[9.8723,9.8371],[10.5604,9.4967]]]}},{"type":"Feature","properties":{"id":"NG-NA","name":"Nasarawa State","country":"Nigeria","iso":"NGA"},"geometry":{"type":"Polygon","coordinates":[[[9.6155,8.3512],[9.5475,8.282],[9.3352,8.317],[9.3696,8.0579],[9.1694,7.9145],[8.9789,8.0555],[8.4262,8.1185],[8.3544,8.0012],[8.4182,7.7751],[7.6367,8.0301],[7.2858,8.0281],[6.9384,7.8744],[6.9781,8.4118],[7.4359,8.5832],[7.6539,9.3237],[7.8166,9.2507],[7.9509,9.3459],[8.0998,9.005],[8.2635,9.1532],[8.5226,9.004],[8.66,9.2048],[8.8301,9.0239],[9.0276,9.0301],[9.0532,8.9262],[8.8847,8.7274],[8.9516,8.5144],[9.4077,8.4864],[9.6155,8.3512]]]}},{"type":"Feature","properties":{"id":"NG-GO","name":"Gombe State","country":"Nigeria","iso":"NGA"},"geometry":{"type":"Polygon","coordinates":[[[11.0686,9.5864],[10.9714,9.8878],[10.7236,10.0971],[10.8432,10.1876],[10.8233,10.4456],[10.5386,10.7116],[10.6738,11.0414],[11.1528,11.3308],[11.5837,10.9623],[11.5842,10.6268],[11.7134,10.5071],[11.6372,10.3448],[11.9456,10.0447],[11.9404,9.8257],[11.6178,9.6066],[11.0686,9.5864]]]}},{"type":"Feature","properties":{"id":"NG-EN","name":"Enugu State","country":"Nigeria","iso":"NGA"},"geometry":{"type":"Polygon","coordinates":[[[7.4937,7.0745],[7.6032,6.8892],[7.7847,6.88],[7.8622,6.7722],[7.8277,6.6302],[7.6957,6.6065],[7.6663,5.9281],[7.2651,6.0417],[7.0132,6.4651],[7.1003,6.6678],[6.9137,6.716],[6.9659,6.8503],[7.021,6.7783],[7.3118,7.053],[7.4937,7.0745]]]}},{"type":"Feature","properties":{"id":"NG-KO","name":"Kogi State","country":"Nigeria","iso":"NGA"},"geometry":{"type":"Polygon","coordinates":[[[7.666,8.0257],[7.7837,7.4461],[7.8792,7.4162],[7.7855,7.1711],[7.607,7.0062],[7.4606,7.1049],[7.3118,7.053],[7.021,6.7783],[6.9327,6.829],[6.7924,6.5668],[6.6767,6.5351],[6.6972,7.2203],[6.5112,7.2507],[6.2641,7.4633],[6.1324,7.4267],[5.9224,7.7569],[5.6248,7.8503],[5.6702,8.0071],[5.5176,7.9995],[5.5288,8.1295],[5.3492,8.3153],[5.5157,8.5307],[6.0868,8.3804],[6.1735,8.6758],[6.2774,8.7367],[6.6914,8.2069],[6.835,8.4068],[6.9781,8.4118],[6.9384,7.8744],[7.2858,8.0281],[7.666,8.0257]]]}},{"type":"Feature","properties":{"id":"NG-OS","name":"Osun State","country":"Nigeria","iso":"NGA"},"geometry":{"type":"Polygon","coordinates":[[[4.1769,7.0589],[4.1479,7.1462],[4.0771,7.1124],[4.1455,7.4744],[4.0341,7.6251],[4.0864,7.8477],[4.2635,7.954],[4.3999,7.8506],[4.5556,8.0341],[5.0641,8.0306],[4.9261,7.8431],[4.9907,7.3748],[4.8982,7.3391],[4.8693,7.0982],[4.6926,7.1355],[4.5611,6.9883],[4.1769,7.0589]]]}},{"type":"Feature","properties":{"id":"NG-IM","name":"Imo State","country":"Nigeria","iso":"NGA"},"geometry":{"type":"Polygon","coordinates":[[[6.6685,5.4773],[6.6688,5.6943],[6.8958,5.762],[6.9861,5.9073],[7.2501,5.9263],[7.3879,5.8421],[7.405,5.5432],[7.2515,5.1947],[6.8702,5.1949],[6.6685,5.4773]]]}},{"type":"Feature","properties":{"id":"RU-BA","name":"Bashkortostan","country":"Russia","iso":"RUS"},"geometry":{"type":"Polygon","coordinates":[[[57.4084,56.3291],[57.5372,56.1002],[58.0794,56.141],[58.3516,56.059],[58.5647,56.1624],[58.8243,56.054],[59.0263,56.1694],[59.2888,56.1347],[59.1536,55.8052],[59.3166,55.7677],[59.3443,55.644],[59.2397,55.5844],[59.6414,55.5653],[59.2013,55.4501],[58.9974,55.2442],[58.9254,55.3264],[58.7353,55.2646],[58.7555,55.1634],[58.5755,55.1438],[58.8197,55.0315],[58.6195,54.9497],[58.3874,54.9998],[58.4335,55.0569],[58.299,55.1737],[58.0008,54.9167],[57.9638,55.1671],[58.1354,55.2155],[57.4254,55.3255],[57.1369,55.0921],[57.2443,54.9512],[57.1867,54.8023],[57.5813,54.6733],[57.9611,54.3924],[58.3542,54.5466],[58.6138,54.4703],[59.2278,54.6112],[59.6315,54.9111],[59.9743,54.7956],[59.6795,54.4981],[59.7463,54.4471],[59.6667,54.3397],[59.8029,54.2545],[59.729,54.1387],[59.3222,54.1816],[59.1538,53.9842],[58.9234,53.9352],[58.8228,53.2114],[59.0276,53.015],[58.836,53.0008],[58.7237,52.6451],[58.8385,52.5406],[58.7661,52.5167],[58.8135,52.3626],[58.941,52.2992],[58.5989,52.1709],[58.6949,52.058],[58.5724,51.788],[58.1598,51.7392],[57.678,51.8685],[57.6333,51.7647],[57.1977,51.5721],[56.9955,51.7309],[56.7994,51.7521],[56.8897,51.6248],[56.7801,51.5922],[56.7538,51.7688],[56.6079,51.822],[56.7371,51.9052],[56.6217,52.1238],[56.1909,52.1727],[56.4514,52.3088],[56.3596,52.5021],[56.4279,52.5951],[56.2706,52.5542],[56.0543,52.6447],[55.8613,52.3735],[55.5358,52.3887],[55.545,52.5938],[55.2491,52.6478],[55.2852,52.7326],[55.4202,52.7129],[55.3538,52.7654],[55.4067,52.8371],[55.1618,52.8232],[54.9266,53.2195],[54.1084,53.4166],[53.6599,53.7463],[53.3478,54.3816],[53.6428,54.8999],[53.4993,54.8913],[53.1439,55.1318],[53.5914,55.2119],[54.1808,55.6281],[54.2309,55.6925],[53.9655,55.7824],[53.9938,55.8478],[53.6317,55.9067],[54.3458,56.2526],[54.3206,56.3448],[54.4302,56.3427],[54.5592,56.5384],[54.9684,56.3204],[55.9136,56.4663],[56.0733,56.2895],[56.5285,56.3833],[56.574,56.2632],[56.8965,56.1007],[57.4084,56.3291]]]}},{"type":"Feature","properties":{"id":"RU-SVE","name":"Sverdlovsk","country":"Russia","iso":"RUS"},"geometry":{"type":"Polygon","coordinates":[[[58.0794,56.141],[57.46,56.1255],[57.4201,56.3198],[57.3175,56.3734],[57.4258,56.6591],[57.2187,56.853],[58.0719,57.0506],[58.0231,57.114],[58.1051,57.1271],[57.938,57.332],[57.9753,57.5409],[58.1218,57.5608],[58.1707,57.686],[58.4365,57.676],[58.5232,57.5761],[58.8298,57.7262],[58.8604,57.8339],[58.6046,57.9956],[58.6718,58.1014],[59.456,58.4928],[59.4215,58.6803],[59.0827,58.7693],[59.174,59.1684],[58.3109,59.468],[58.6751,59.8592],[58.9995,59.9313],[58.9513,59.995],[59.1869,60.2707],[59.1644,60.3669],[59.3901,60.5826],[59.4695,60.9412],[59.3729,60.9705],[59.2576,61.2811],[59.4178,61.429],[59.3335,61.8259],[59.4854,61.9933],[59.9843,61.9028],[60.0566,61.7212],[61.1652,61.6827],[62.6201,61.2107],[62.8598,61.0013],[62.7597,60.8594],[63.1976,60.2311],[63.6377,60.1228],[63.8251,59.477],[65.0382,59.3269],[65.669,58.6633],[65.9345,58.6144],[65.9902,58.3196],[66.197,58.0403],[65.5396,57.7795],[65.4279,57.8339],[64.8393,57.6407],[65.0023,57.593],[64.8426,57.4511],[64.8293,57.3047],[64.99,57.2373],[65.068,56.9078],[65.2316,56.8683],[65.1403,56.7701],[64.8382,56.8418],[64.328,56.7494],[64.3639,56.6634],[64.2076,56.5887],[64.2028,56.4737],[63.4085,56.6241],[63.3567,56.5146],[63.0011,56.598],[62.6242,56.4984],[62.5422,56.5777],[62.0749,56.2879],[62.0718,56.1335],[61.642,56.3194],[61.1501,56.3758],[61.0842,56.3257],[61.1606,56.2287],[61.0724,56.1994],[59.7887,56.2326],[59.2092,56.3537],[58.9252,56.0612],[58.543,56.1631],[58.3516,56.059],[58.0794,56.141]]]}},{"type":"Feature","properties":{"id":"RU-KHM","name":"Khanty-Mansi Autonomous Okrug","country":"Russia","iso":"RUS"},"geometry":{"type":"Polygon","coordinates":[[[59.6733,61.9355],[59.4041,62.108],[59.6437,62.5103],[59.3987,62.718],[59.4767,62.9068],[59.2232,63.0719],[59.5729,63.9272],[59.8564,64.1313],[59.5884,64.2326],[59.6061,64.4542],[59.4823,64.4869],[59.7041,64.6677],[59.6509,64.7779],[60.1474,65.0648],[60.4203,65.0526],[60.6452,64.8912],[60.8081,65.0438],[61.2405,65.1919],[61.3314,65.282],[61.2538,65.3194],[61.583,65.5489],[62.0185,65.7171],[62.2784,65.6229],[62.4813,65.3493],[62.8167,65.2916],[62.8015,65.0514],[62.6777,64.8912],[62.8105,64.8357],[62.8064,64.7352],[62.5356,64.5548],[62.8999,64.4766],[63.237,64.5236],[63.4631,64.4552],[63.5053,64.3752],[63.4134,64.3282],[63.4879,64.2885],[65.1759,64.4458],[65.3997,64.5714],[66.6816,64.5575],[66.9363,64.487],[66.7964,64.3262],[66.8187,64.2256],[67.7989,64.0316],[68.425,64.296],[68.8821,64.2226],[68.9904,64.3296],[68.8592,64.4357],[69.0148,64.4718],[70.3069,64.3436],[70.7689,64.1936],[70.7758,64.1143],[70.5586,64.0005],[70.9138,63.6924],[71.551,63.59],[71.608,63.1852],[71.9877,63.2019],[72.1608,63.2992],[72.655,63.2802],[73.1038,63.4363],[73.3681,63.2069],[74.2411,63.172],[74.5074,63.0432],[75.8612,63.1111],[76.2974,62.9496],[76.6884,63.0394],[77.0262,62.975],[77.158,62.7915],[78.0147,62.4615],[78.7931,62.6151],[79.8201,62.6037],[79.9147,62.792],[80.5529,63.0009],[80.5842,63.0826],[81.115,63.1155],[81.3394,62.8258],[81.784,62.6884],[82.1649,62.8094],[82.7493,62.7539],[82.7581,62.6701],[83.2829,62.4605],[83.7982,62.5603],[84.0192,62.3968],[84.2428,62.3726],[84.6897,61.81],[85.9739,61.5083],[85.6439,61.3876],[85.6712,61.2892],[84.2596,60.8555],[83.9888,60.8269],[83.5036,61.0472],[83.1442,61.0282],[82.4074,60.723],[82.3807,60.612],[82.1654,60.5263],[81.8304,60.6447],[81.1405,60.6367],[81.0275,60.7547],[80.7235,60.7966],[80.1857,60.6647],[79.3737,60.6623],[79.1852,60.8376],[77.9204,60.7475],[77.1048,60.8525],[76.9709,60.7104],[77.0466,60.559],[76.7527,60.3775],[76.8479,60.2661],[76.694,60.1126],[76.7415,59.7578],[76.6455,59.5851],[75.8951,59.4264],[75.8187,59.2945],[75.6284,59.2378],[75.6416,58.9824],[75.1595,58.6502],[73.0321,58.8631],[73.0932,58.9523],[72.95,59.0169],[72.9261,59.144],[72.5238,59.155],[72.4372,59.3034],[72.016,59.5593],[71.1875,59.9089],[70.9856,59.8186],[70.3985,59.8175],[69.3061,59.9889],[69.0714,59.8974],[69.2952,59.7829],[68.5713,59.5742],[68.3581,59.2829],[67.7421,59.2119],[67.0709,58.9249],[66.779,58.932],[66.7726,58.6825],[66.3802,58.5891],[65.669,58.6633],[65.0194,59.3335],[63.8414,59.4631],[63.6377,60.1228],[63.1976,60.2311],[62.7597,60.8594],[62.8598,61.0013],[62.6201,61.2107],[61.1652,61.6827],[60.0566,61.7212],[59.9843,61.9028],[59.6733,61.9355]]]}},{"type":"Feature","properties":{"id":"RU-LIP","name":"Lipetsk","country":"Russia","iso":"RUS"},"geometry":{"type":"Polygon","coordinates":[[[40.1602,53.3422],[40.0836,52.8133],[39.9516,52.6589],[40.6923,52.2805],[40.5038,51.9535],[39.7381,51.9245],[39.2652,52.105],[39.0359,51.9883],[38.6877,52.1002],[37.997,51.879],[37.779,51.952],[37.7776,52.1615],[38.017,52.2517],[38.0384,52.3445],[37.7118,52.613],[37.8728,52.7763],[37.7949,52.9121],[37.9051,53.0689],[38.3275,52.9618],[38.5946,53.0485],[38.598,53.2365],[38.4773,53.31],[38.7539,53.3764],[38.6972,53.5001],[38.8864,53.5654],[39.0477,53.5471],[39.1816,53.3857],[39.4836,53.4318],[39.5115,53.5254],[39.7273,53.5924],[40.1602,53.3422]]]}},{"type":"Feature","properties":{"id":"RU-TAM","name":"Tambov","country":"Russia","iso":"RUS"},"geometry":{"type":"Polygon","coordinates":[[[40.0993,52.9696],[40.1159,53.298],[40.3892,53.3454],[40.4234,53.4936],[40.6867,53.5647],[41.1669,53.4314],[41.3489,53.5488],[41.4001,53.7832],[42.1344,53.8122],[42.1007,53.5283],[43.2379,52.6561],[43.0416,52.5606],[43.0796,52.4027],[42.9199,52.3697],[42.7515,52.1738],[42.806,52.0122],[42.7031,51.9818],[42.4892,51.6077],[41.5004,51.8009],[41.0661,51.7102],[40.8876,51.7466],[40.9377,51.8902],[40.5038,51.9535],[40.684,52.2891],[39.9531,52.6544],[40.0993,52.9696]]]}},{"type":"Feature","properties":{"id":"RU-TOM","name":"Tomsk","country":"Russia","iso":"RUS"},"geometry":{"type":"Polygon","coordinates":[[[83.5036,61.0472],[83.9888,60.8269],[84.2596,60.8555],[84.7083,60.4589],[84.7842,60.3627],[84.5294,59.9798],[84.6919,59.9048],[86.6254,59.95],[87.0841,59.8828],[87.1906,59.6897],[87.5223,59.6672],[87.9106,59.2681],[88.6215,59.293],[88.8265,59.0245],[88.3918,58.9145],[87.9322,58.5261],[88.0181,58.2426],[88.1557,58.1065],[89.3389,57.9479],[89.3804,57.6372],[89.1474,57.6142],[88.5313,57.1279],[88.7253,57.0753],[88.5439,56.7839],[88.3919,56.8263],[87.7879,56.5464],[87.1667,56.6756],[87.1298,56.54],[86.2174,56.6242],[86.1063,56.4923],[85.5694,56.2996],[85.6879,56.2388],[85.1391,56.2251],[84.3474,55.984],[84.2176,56.0551],[83.9697,56.0147],[83.645,55.7012],[83.3021,55.6822],[83.2278,55.7486],[83.4073,55.9006],[83.2309,56.0412],[83.2856,56.1038],[83.1183,56.1366],[83.2182,56.2084],[83.0697,56.2339],[83.2557,56.4394],[83.0851,56.5527],[82.8147,56.5236],[82.7611,56.4113],[81.5574,56.2583],[81.1223,56.5326],[80.2486,56.4547],[79.5898,56.9286],[78.4443,57.1613],[76.1087,57.2503],[75.5917,57.651],[75.5574,57.9314],[75.0804,58.1187],[75.2219,58.2221],[75.0691,58.3429],[75.3043,58.4511],[75.1052,58.581],[75.6719,59.0156],[75.6284,59.2378],[76.1717,59.5428],[76.6455,59.5851],[76.7415,59.7578],[76.694,60.1126],[76.8479,60.2661],[76.7527,60.3775],[77.0466,60.559],[76.9709,60.7104],[77.1048,60.8525],[77.9204,60.7475],[79.1852,60.8376],[79.3737,60.6623],[80.1857,60.6647],[80.7235,60.7966],[81.0275,60.7547],[81.1405,60.6367],[81.8304,60.6447],[82.1654,60.5263],[82.3807,60.612],[82.4074,60.723],[83.1442,61.0282],[83.5036,61.0472]]]}},{"type":"Feature","properties":{"id":"RU-TA","name":"Republic of Tatarstan","country":"Russia","iso":"RUS"},"geometry":{"type":"Polygon","coordinates":[[[53.311,55.8567],[53.9858,55.8511],[53.9655,55.7824],[54.2309,55.6925],[53.5914,55.2119],[53.1468,55.1466],[53.4993,54.8913],[53.6428,54.8999],[53.6056,54.7137],[53.3493,54.3913],[53.4705,54.0457],[53.3791,53.9702],[52.9424,54.2041],[53.1075,54.247],[53.0527,54.3371],[52.8979,54.2755],[52.4398,54.4781],[52.0784,54.3429],[51.9316,54.5319],[51.4087,54.5946],[51.386,54.6764],[51.0082,54.545],[50.9428,54.3432],[50.6969,54.4267],[50.5121,54.3297],[50.3842,54.4858],[49.5594,54.5694],[49.4758,54.7754],[49.2839,54.8852],[48.8275,54.6478],[48.475,54.6324],[48.0797,54.7676],[47.8399,54.644],[47.7609,54.735],[47.6374,54.5654],[47.4104,54.5005],[47.2419,54.6777],[47.4324,54.8918],[47.7482,54.8285],[47.7575,54.903],[47.8005,54.8192],[47.8469,54.8157],[47.788,54.9392],[47.9963,54.9682],[47.9179,55.0601],[48.0846,55.1505],[47.9234,55.3142],[47.699,55.2227],[47.696,55.3231],[48.0916,55.5365],[48.025,55.6305],[48.3833,55.7889],[48.4155,55.9017],[48.6848,55.9517],[48.6981,56.0763],[49.0509,56.2068],[48.9331,56.2616],[49.037,56.3579],[49.3434,56.3553],[49.4171,56.4802],[49.5442,56.4325],[49.6506,56.5301],[49.981,56.438],[50.174,56.5432],[50.072,56.6227],[50.1934,56.6573],[50.4838,56.6171],[50.5829,56.3586],[50.8512,56.3903],[50.9078,56.296],[50.8404,56.2407],[51.0731,56.1305],[51.3135,56.073],[51.6433,56.1479],[51.4054,55.9611],[51.7818,55.8875],[51.9571,55.9775],[52.168,55.8985],[52.2477,55.9517],[52.2248,56.0863],[52.6553,56.0178],[52.7168,56.1362],[52.8342,56.0943],[52.8131,56.2011],[52.562,56.2594],[52.9567,56.4558],[52.8302,56.5203],[53.0866,56.5257],[52.9427,56.3724],[53.0493,56.136],[53.3349,56.0859],[53.2575,56.2489],[53.3201,56.2695],[53.564,56.1811],[53.1977,55.9207],[53.311,55.8567]],[[48.0865,55.0118],[48.076,54.9733],[48.113,55.0062],[48.0865,55.0118]]]}},{"type":"Feature","properties":{"id":"RU-ULY","name":"Ulyanovsk","country":"Russia","iso":"RUS"},"geometry":{"type":"MultiPolygon","coordinates":[[[[48.0792,55.0077],[48.1117,55.0008],[48.0287,54.9608],[48.0792,55.0077]]],[[[49.2839,54.8852],[49.4758,54.7754],[49.5594,54.5694],[50.0609,54.522],[50.2056,54.4181],[50.2241,54.0738],[49.9741,53.9596],[50.0343,53.8263],[49.0293,53.8572],[48.8743,53.7164],[48.4663,53.7665],[48.5987,53.6683],[48.3265,53.6622],[48.4348,53.5807],[48.3756,53.4712],[48.0568,53.4761],[47.9451,53.3743],[48.2019,53.1466],[48.16,53.0445],[48.3638,53.0632],[48.3243,52.9844],[48.5217,52.9782],[48.5903,52.8806],[48.437,52.7804],[48.0983,52.7946],[47.9898,52.7479],[48.0851,52.7204],[48.0196,52.6797],[47.8434,52.7231],[47.7183,52.582],[46.8307,52.6163],[46.8355,52.713],[46.9832,52.7713],[46.9018,52.8818],[46.9696,53.1784],[46.8744,53.1867],[46.9059,53.3353],[46.4936,53.5109],[46.4988,53.624],[46.2714,53.7573],[46.1996,53.9234],[45.7916,54.0039],[46.0183,54.1894],[46.7382,54.3445],[46.5149,54.4445],[46.5905,54.5012],[46.4819,54.4972],[46.5369,54.5845],[46.4385,54.5784],[46.5194,54.6455],[46.4413,54.7722],[46.851,54.6312],[47.2419,54.6777],[47.4104,54.5005],[47.6374,54.5654],[47.7609,54.735],[47.8399,54.644],[48.0797,54.7676],[48.475,54.6324],[48.8275,54.6478],[49.2839,54.8852]]]]}},{"type":"Feature","properties":{"id":"RU-PNZ","name":"Penza","country":"Russia","iso":"RUS"},"geometry":{"type":"Polygon","coordinates":[[[42.1131,53.5251],[42.1344,53.8122],[42.738,53.7562],[42.7714,53.8284],[43.1613,53.8306],[43.128,53.9726],[43.2967,54.0157],[43.7518,53.9632],[43.9892,53.7547],[44.5557,53.6613],[44.7364,53.7046],[44.6165,53.8915],[44.8712,53.9674],[45.1762,53.9788],[45.3393,53.8849],[45.9709,54.0049],[46.2065,53.9187],[46.2714,53.7573],[46.4988,53.624],[46.4936,53.5109],[46.9018,53.3408],[46.8744,53.1867],[46.9696,53.1784],[46.9018,52.8818],[46.9832,52.7713],[46.8355,52.713],[46.8307,52.6163],[46.5902,52.731],[46.2888,52.6719],[45.9749,52.4922],[45.9806,52.4072],[45.6444,52.5186],[45.4315,52.4005],[45.1399,52.4205],[45.0328,52.3209],[44.5481,52.5524],[44.5373,52.4264],[44.3467,52.3161],[43.747,52.4334],[43.0796,52.4027],[43.0014,52.5032],[43.2099,52.6992],[42.9202,52.9627],[42.5451,53.1205],[42.5554,53.2071],[42.2526,53.3708],[42.3122,53.4404],[42.1131,53.5251]]]}},{"type":"Feature","properties":{"id":"RU-KEM","name":"Kemerovo","country":"Russia","iso":"RUS"},"geometry":{"type":"Polygon","coordinates":[[[88.3919,56.8263],[88.624,56.833],[88.7401,56.7192],[88.5064,56.6204],[88.625,56.5166],[88.5925,56.4436],[89.0566,56.3017],[89.3115,55.9141],[89.449,55.862],[88.6823,55.516],[88.3943,55.2733],[88.7566,54.8328],[88.6306,54.7465],[88.5643,54.4627],[88.378,54.3885],[88.5712,54.287],[88.8447,54.4157],[89.0043,54.2901],[89.1752,54.3348],[89.1926,54.1497],[88.9815,54.0652],[89.2738,53.8491],[88.8372,53.5883],[88.7612,53.3651],[88.8952,53.3866],[89.0506,53.2494],[88.8951,52.9874],[89.2347,52.8043],[89.0421,52.7064],[89.1154,52.5978],[88.6643,52.344],[88.6819,52.2511],[88.3648,52.168],[88.4207,52.4539],[88.2084,52.414],[87.9238,52.5476],[87.6355,52.4498],[87.1675,52.5911],[87.1681,52.7193],[86.9441,52.8551],[87.077,53.0752],[86.6666,53.2499],[86.8695,53.2979],[87.0054,53.5081],[86.5688,53.538],[86.1392,53.9878],[85.6029,54.2339],[85.4488,54.2044],[85.16,54.4872],[85.0794,54.4694],[84.9483,54.6041],[85.0433,54.6623],[84.9424,54.737],[85.0761,54.8683],[84.8826,54.9853],[84.8755,55.3885],[84.6351,55.4087],[84.771,55.5398],[84.5513,55.7226],[84.6314,55.7685],[84.5063,55.8682],[84.5444,56.0259],[84.4104,56.0441],[85.2544,56.2451],[85.6879,56.2388],[85.5694,56.2996],[86.1063,56.4923],[86.2174,56.6242],[87.1298,56.54],[87.1667,56.6756],[87.7879,56.5464],[88.3919,56.8263]]]}},{"type":"Feature","properties":{"id":"RU-ORL","name":"Oryol","country":"Russia","iso":"RUS"},"geometry":{"type":"Polygon","coordinates":[[[37.841,53.0085],[37.7905,52.8453],[37.8744,52.7811],[37.7118,52.613],[38.0384,52.3445],[38.017,52.2517],[37.7776,52.1615],[37.6826,51.9747],[37.3535,51.9362],[37.1866,52.0791],[36.8202,52.1203],[36.3378,52.3703],[35.6529,52.2483],[35.5565,52.4321],[35.1051,52.3302],[34.8346,52.3908],[35.0915,52.698],[34.7961,52.8645],[35.3136,53.0622],[35.109,53.1452],[35.1035,53.3108],[35.3557,53.2842],[35.4529,53.4437],[35.9106,53.644],[36.2316,53.5741],[36.398,53.4285],[36.6668,53.4159],[36.8073,53.2966],[37.5606,53.2962],[37.5859,53.1354],[37.841,53.0085]]]}},{"type":"Feature","properties":{"id":"RU-IRK","name":"Irkutsk","country":"Russia","iso":"RUS"},"geometry":{"type":"Polygon","coordinates":[[[101.7863,58.4532],[102.1861,58.5227],[102.5133,58.7214],[102.5649,58.8021],[102.4386,58.9437],[102.4387,59.1363],[103.0106,59.3181],[103.3303,59.2562],[103.2486,59.1753],[103.5939,58.9167],[103.8963,58.9005],[103.9518,58.7849],[103.8691,58.7352],[104.2201,58.758],[104.4582,58.6023],[104.7939,58.6693],[104.8725,58.7185],[104.7982,58.8632],[105.347,59.0917],[105.1907,59.3083],[105.2253,59.4293],[104.9778,59.4638],[104.7988,59.6909],[105.0244,59.8347],[105.4905,59.8452],[105.4786,60.249],[104.6649,60.4028],[104.5215,60.639],[104.5961,60.7529],[104.4597,60.8388],[104.6286,60.89],[104.6149,61.0741],[105.0074,61.1822],[104.789,61.3484],[105.8091,61.6224],[105.9467,61.6888],[105.9022,61.8349],[106.4073,62.0348],[106.4461,62.2355],[106.3274,62.2658],[106.7969,62.6018],[106.5044,62.675],[106.4425,62.843],[106.2177,62.8968],[106.1234,63.0595],[106.4033,63.1133],[106.3651,63.263],[106.4376,63.32],[106.7306,63.3675],[106.5096,63.4951],[106.7934,63.8424],[106.7099,63.9866],[107.563,63.8585],[107.6798,63.9892],[108.2629,63.9959],[108.3201,64.039],[108.2155,64.2124],[108.0265,64.2235],[108.3577,64.2997],[108.5337,64.2354],[108.495,64.1157],[108.7315,63.9836],[108.6879,63.9142],[108.7664,63.8604],[108.6477,63.7868],[108.2975,63.8105],[108.1249,63.58],[109.0422,63.5523],[109.3647,63.3542],[109.4716,62.9318],[109.6469,62.8262],[109.2672,62.5235],[109.487,62.411],[109.912,62.4104],[109.9983,62.2846],[109.9361,62.2389],[109.9995,62.1635],[109.5978,61.8704],[109.62,61.7181],[109.8701,61.5329],[109.7924,61.3252],[110.0809,61.2704],[110.1901,61.1553],[110.5061,61.1381],[110.4584,60.9883],[110.2351,60.8249],[110.2668,60.6965],[110.0493,60.6715],[110.1162,60.5871],[109.732,60.2251],[109.7639,60.027],[109.5005,59.7591],[109.5233,59.6362],[109.2682,59.4614],[109.3478,59.4096],[109.2613,59.3213],[109.5102,59.2889],[109.6419,59.0619],[110.2783,58.984],[110.5312,59.0587],[110.6972,59.2572],[111.6372,59.2076],[111.9421,59.2739],[112.2706,59.5004],[112.2931,59.3006],[112.6311,59.3105],[112.4515,59.1252],[112.5026,58.8704],[112.6164,58.9622],[112.5691,59.0671],[113.2642,59.1569],[113.461,59.2616],[113.4243,59.3827],[113.5918,59.5652],[114.1748,59.7535],[114.5695,60.0006],[114.5431,60.1078],[114.6971,60.2192],[114.825,60.1867],[115.2382,60.447],[115.6863,60.5262],[116.5994,60.3548],[117.0543,60.0354],[117.2963,60.0189],[117.0636,59.9134],[117.2263,59.8208],[117.1985,59.6554],[117.0871,59.5908],[117.2337,59.5312],[117.5975,59.4723],[117.758,59.5394],[117.8831,59.4419],[118.0583,59.5826],[118.2826,59.6093],[118.7488,59.4134],[118.8459,59.2911],[118.6887,59.1915],[118.7072,59.0638],[118.8495,59.009],[118.7855,58.9],[118.8933,58.8048],[118.7763,58.604],[119.1328,58.4609],[119.1081,58.2227],[118.6613,58.1749],[118.1576,58.3856],[117.6838,58.398],[117.4755,58.3091],[117.5873,58.1802],[117.4081,58.1268],[117.4093,57.9058],[117.0858,57.8044],[117.1727,57.7365],[117.1419,57.6413],[117.2866,57.6125],[117.2543,57.5139],[117.4319,57.2547],[117.7945,57.2927],[117.6009,57.1497],[117.6725,56.9775],[117.4514,56.819],[117.3371,56.9441],[116.8061,56.7247],[116.3616,56.8473],[116.122,56.8127],[115.7108,56.9635],[116.2384,57.1493],[116.131,57.2386],[115.8627,57.2433],[115.6793,57.1309],[115.0859,57.1186],[114.7793,56.6994],[114.1448,56.6811],[113.8975,56.5254],[113.5137,56.6788],[112.8958,56.6917],[112.7472,56.761],[112.7459,56.9339],[112.6621,56.9597],[112.4578,56.8637],[111.8137,56.9084],[111.5869,57.1072],[111.4625,57.1025],[111.3721,56.9004],[111.165,56.8153],[109.9958,56.9702],[109.7671,56.7041],[109.4102,56.7349],[108.6924,56.5797],[108.5764,56.285],[108.799,56.2574],[108.9912,56.0397],[109.2563,55.9743],[108.8541,55.8663],[108.6222,55.4559],[108.7822,55.1695],[108.6903,55.0623],[108.7627,54.9301],[108.6986,54.681],[108.5579,54.543],[109.0384,54.4886],[109.0073,54.4249],[108.4235,53.7832],[108.0608,53.2051],[106.1983,52.4402],[105.4612,51.8633],[104.6499,51.6224],[104.6094,51.2683],[104.2124,51.2811],[103.8137,51.1319],[103.8167,51.4013],[103.3278,51.438],[103.1814,51.6111],[103.2089,51.8091],[102.7688,51.9896],[102.5421,52.2276],[101.9632,52.2224],[101.46,52.621],[100.8656,52.8003],[100.3951,53.1012],[100.401,53.2342],[100.2605,53.3748],[99.8694,53.2975],[99.8777,53.2042],[99.6902,53.132],[99.3703,53.1093],[99.2498,52.9538],[98.9893,53.0345],[99.0644,53.0974],[98.9377,53.1494],[98.3476,53.0925],[98.2891,53.2233],[98.0308,53.2526],[97.9576,53.3577],[97.6063,53.373],[97.3284,53.5964],[96.8749,53.7291],[96.5683,53.6501],[96.0502,53.9998],[96.0549,54.0879],[95.6657,54.244],[95.7167,54.3879],[95.9147,54.3955],[96.0647,54.5733],[96.5728,54.5184],[96.5649,54.6969],[96.7138,54.9194],[96.5849,55.0232],[96.6816,55.0779],[96.7066,55.2587],[96.918,55.3295],[96.7676,55.769],[96.96,55.8609],[96.9865,56.0183],[97.1253,56.1017],[97.3519,56.0512],[97.5802,56.1951],[97.5682,56.3828],[97.8781,56.4112],[97.8771,56.5449],[97.7515,56.5603],[97.775,56.78],[97.4863,56.8105],[97.6199,56.9536],[97.3485,57.048],[97.934,57.8113],[98.9616,57.7233],[99.4221,57.7987],[99.7028,58.0857],[100.0434,58.0786],[100.1293,57.8668],[100.3652,57.7324],[100.405,57.5503],[100.7488,57.4032],[100.9578,57.4983],[100.8014,57.673],[100.8846,57.7697],[100.8127,57.8837],[101.0224,57.8925],[101.154,58.0168],[101.118,58.119],[101.5309,58.2253],[101.7863,58.4532]]]}},{"type":"Feature","properties":{"id":"RU-KK","name":"Republic of Khakassia","country":"Russia","iso":"RUS"},"geometry":{"type":"Polygon","coordinates":[[[88.7531,54.8046],[88.3928,55.2678],[88.6088,55.4456],[88.9502,55.2891],[89.0379,55.0841],[89.2008,54.9904],[89.6578,55.0031],[90.1959,55.1514],[90.4355,55.0163],[90.4583,54.8708],[90.8405,54.8389],[90.9153,54.7911],[90.855,54.6267],[91.159,54.4879],[91.4639,54.0565],[91.3265,53.8167],[91.4697,53.5139],[91.8464,53.3519],[91.6599,53.1585],[91.3511,53.0775],[91.3963,52.868],[90.7003,52.4582],[90.4766,52.1834],[90.1294,52.1352],[90.0275,51.9844],[90.1009,51.7509],[89.6014,51.553],[89.2423,51.5523],[89.2062,51.6585],[88.7357,51.5594],[88.5534,51.3365],[88.3637,51.3198],[87.91,51.4903],[87.8615,51.5494],[88.1059,51.7614],[87.8391,51.8106],[88.0951,52.0868],[88.2492,52.0626],[88.6819,52.2511],[88.6643,52.344],[89.1154,52.5978],[89.0421,52.7064],[89.2356,52.81],[88.8951,52.9874],[89.0514,53.1356],[88.9688,53.3456],[88.7612,53.3651],[88.8372,53.5883],[89.2738,53.8491],[88.9815,54.0652],[89.1926,54.1497],[89.19,54.3219],[89.0043,54.2901],[88.8447,54.4157],[88.5608,54.2877],[88.378,54.3885],[88.5305,54.4232],[88.6306,54.7465],[88.7531,54.8046]]]}},{"type":"Feature","properties":{"id":"RU-MO","name":"Republic of Mordovia","country":"Russia","iso":"RUS"},"geometry":{"type":"Polygon","coordinates":[[[43.838,53.9343],[43.1738,54.0002],[43.1063,53.9092],[43.1681,53.834],[42.7714,53.8284],[42.738,53.7562],[42.5732,53.76],[42.5742,53.831],[42.5257,53.732],[42.3077,53.8475],[42.4619,53.9654],[42.2824,54.1222],[42.5347,54.0827],[42.5999,54.1879],[42.439,54.2602],[42.2582,54.1707],[42.1836,54.2619],[42.6324,54.3777],[42.5566,54.4922],[42.6993,54.5824],[42.6235,54.7151],[42.4193,54.7363],[42.3861,54.8022],[42.4668,54.8713],[42.6168,54.7859],[43.08,54.7864],[43.1552,54.9027],[43.3885,54.9504],[43.9491,54.807],[44.1009,54.6492],[44.4379,54.5384],[44.6383,54.5794],[44.6001,54.4725],[45.0907,54.4895],[45.0547,54.7519],[45.4244,54.8818],[45.4732,55.0809],[45.7103,55.1768],[45.7845,55.1123],[45.7134,54.9707],[46.2846,55.0384],[46.5186,54.6501],[46.4371,54.5829],[46.5369,54.5845],[46.4819,54.4972],[46.5905,54.5012],[46.5149,54.4445],[46.7418,54.3655],[46.0183,54.1894],[45.7139,53.9193],[45.3393,53.8849],[45.1762,53.9788],[44.6271,53.8961],[44.7364,53.7046],[44.5557,53.6613],[43.9892,53.7547],[43.838,53.9343]],[[42.4521,54.7709],[42.5031,54.7913],[42.444,54.8039],[42.4521,54.7709]]]}},{"type":"Feature","properties":{"id":"RU-KLU","name":"Kaluga","country":"Russia","iso":"RUS"},"geometry":{"type":"Polygon","coordinates":[[[36.0096,53.6183],[35.6409,53.5458],[35.3557,53.2842],[35.0138,53.2884],[35.0138,53.3929],[34.5,53.4273],[34.5373,53.5982],[34.1992,53.8916],[33.8817,53.8725],[33.6823,54.0264],[33.4242,54.0489],[33.6171,54.1828],[33.6372,54.4768],[33.7287,54.5617],[34.1075,54.5503],[34.3821,54.4238],[34.4996,54.632],[34.4081,54.6801],[34.8231,54.7118],[34.9238,54.7744],[34.8658,54.8838],[35.1413,54.9652],[35.3697,55.2388],[35.7067,55.2943],[36.1397,55.185],[36.5576,55.3197],[36.7856,55.1906],[36.9249,55.2225],[37.259,54.8358],[37.2076,54.6877],[37.0721,54.5361],[36.805,54.6099],[36.9644,54.4046],[36.926,54.2936],[36.0231,54.1851],[36.2164,54.0699],[35.9106,53.8501],[36.0583,53.704],[36.0096,53.6183]]]}},{"type":"Feature","properties":{"id":"RU-KOS","name":"Kostroma","country":"Russia","iso":"RUS"},"geometry":{"type":"MultiPolygon","coordinates":[[[[40.6075,57.5387],[40.6077,57.9269],[41.1639,58.3609],[40.926,58.5791],[41.2203,58.7296],[41.1342,58.7991],[41.2472,58.8771],[41.1675,58.9548],[42.0262,59.1216],[42.0899,59.2297],[41.9583,59.29],[42.0494,59.4272],[42.2841,59.2616],[42.6015,59.316],[42.8541,59.1616],[43.1119,59.2901],[43.3363,59.2117],[43.4929,59.2972],[43.526,59.1694],[43.7418,59.2595],[44.3318,59.1376],[44.9911,59.1216],[45.9521,59.1943],[46.0294,59.3043],[46.3563,59.347],[46.4064,59.6325],[47.1135,59.6113],[47.0563,59.3785],[47.2524,59.3555],[47.2392,59.2202],[47.5709,59.0599],[47.6044,58.913],[47.3002,58.9131],[47.3165,58.7978],[47.1073,58.7686],[47.0004,58.6201],[46.5931,58.5606],[46.5841,58.4304],[46.4113,58.3536],[46.4797,58.3382],[46.3413,58.0746],[45.8282,58.0492],[45.5629,57.9351],[45.4621,58.0353],[44.8626,58.0754],[44.792,57.9613],[44.8646,57.8798],[44.7379,57.7058],[43.9954,57.4395],[43.7274,57.4658],[43.5379,57.5724],[43.5764,57.655],[43.2635,57.4243],[43.1932,57.4245],[43.2071,57.6339],[43.158,57.4285],[42.8533,57.3943],[42.8547,57.6597],[42.7758,57.7032],[42.1802,57.5601],[41.63,57.7499],[41.5601,57.4637],[40.4452,57.2763],[40.3867,57.5033],[40.6075,57.5387]]],[[[44.4253,59.1846],[44.4838,59.1921],[44.4944,59.1622],[44.4253,59.1846]]]]}},{"type":"Feature","properties":{"id":"RU-YAR","name":"Yaroslavl","country":"Russia","iso":"RUS"},"geometry":{"type":"Polygon","coordinates":[[[40.926,58.5791],[41.1639,58.3609],[40.6077,57.9269],[40.6644,57.585],[40.3867,57.5033],[40.4452,57.2763],[40.1949,57.2845],[40.1779,57.2056],[39.8417,57.1768],[39.5202,57.0269],[39.5793,56.9675],[39.3905,56.844],[39.2716,56.5383],[38.7588,56.6098],[38.5481,56.5474],[38.1211,56.8749],[38.2599,57.0891],[38.1526,57.2271],[38.3064,57.2763],[38.2858,57.3658],[37.7948,57.4335],[37.8276,57.6307],[37.3464,57.8869],[37.4955,57.8936],[37.3665,57.9771],[37.6723,58.0754],[37.3468,58.2483],[37.4491,58.4075],[37.644,58.4294],[37.7224,58.6272],[37.8914,58.6171],[38.0476,58.7357],[38.909,58.7401],[39.0022,58.8493],[38.9403,58.9443],[39.595,58.9064],[39.969,58.7595],[40.1953,58.5498],[40.926,58.5791]]]}},{"type":"Feature","properties":{"id":"RU-VLA","name":"Vladimir","country":"Russia","iso":"RUS"},"geometry":{"type":"Polygon","coordinates":[[[39.2716,56.5383],[39.3563,56.7721],[39.6794,56.8218],[39.8588,56.7796],[39.8284,56.6159],[39.948,56.4835],[40.1559,56.4343],[40.5054,56.5961],[41.085,56.4728],[41.9007,56.5409],[41.967,56.3865],[42.2886,56.4713],[42.5879,56.4202],[42.7547,56.2201],[42.9479,56.1687],[42.6983,56.1304],[42.6448,55.9517],[42.0404,55.6087],[42.134,55.4421],[41.933,55.3299],[41.8702,55.1576],[41.422,55.1293],[41.1968,55.2217],[41.0809,55.1474],[40.9646,55.2604],[40.6211,55.2052],[40.5357,55.3268],[40.2065,55.3093],[40.1433,55.5139],[40.0359,55.5166],[40.085,55.6126],[39.8567,55.8256],[39.3581,55.761],[39.0158,55.9252],[38.5979,55.9623],[38.2934,56.533],[38.3741,56.6966],[38.5621,56.5419],[38.7588,56.6098],[39.2716,56.5383]]]}},{"type":"Feature","properties":{"id":"RU-RYA","name":"Ryazan","country":"Russia","iso":"RUS"},"geometry":{"type":"MultiPolygon","coordinates":[[[[40.0523,53.382],[39.7273,53.5924],[39.5115,53.5254],[39.4836,53.4318],[39.1816,53.3857],[39.0477,53.5471],[38.8954,53.5652],[38.9217,53.7328],[38.807,53.7724],[38.8443,53.9363],[38.7137,54.0013],[38.7639,54.1348],[38.6719,54.1774],[38.7369,54.3451],[38.9178,54.4045],[38.7938,54.4574],[38.8077,54.59],[39.2321,54.6353],[39.4884,54.9408],[39.8892,55.0848],[39.7202,55.126],[40.2358,55.336],[40.5357,55.3268],[40.6211,55.2052],[40.9646,55.2604],[41.0809,55.1474],[41.2103,55.2212],[41.9812,55.089],[41.9648,55.0018],[42.1667,54.949],[42.4824,55.0],[42.3858,54.7885],[42.4777,54.7149],[42.6235,54.7151],[42.6993,54.5824],[42.5566,54.4922],[42.6324,54.3777],[42.1836,54.2619],[42.2582,54.1707],[42.439,54.2602],[42.5999,54.1879],[42.5347,54.0827],[42.2824,54.1222],[42.4619,53.9654],[42.3077,53.8475],[41.4001,53.7832],[41.3489,53.5488],[41.1669,53.4314],[40.6867,53.5647],[40.4234,53.4936],[40.3821,53.3429],[40.0523,53.382]]],[[[42.4521,54.7709],[42.5031,54.7913],[42.5069,54.7587],[42.4521,54.7709]]]]}},{"type":"Feature","properties":{"id":"RU-IVA","name":"Ivanovo","country":"Russia","iso":"RUS"},"geometry":{"type":"Polygon","coordinates":[[[41.63,57.7499],[42.1802,57.5601],[42.7758,57.7032],[42.8547,57.6597],[42.8222,57.4154],[42.9731,57.3875],[43.158,57.4285],[43.1675,57.5889],[43.2071,57.6339],[43.2133,57.4154],[43.5838,57.655],[43.5424,57.5669],[43.8633,57.3711],[43.5386,57.2618],[43.5009,57.1224],[43.6804,57.058],[43.5013,56.9064],[42.8436,56.8153],[42.7866,56.669],[42.9045,56.6422],[42.8819,56.4716],[42.5524,56.4137],[42.2886,56.4713],[42.059,56.368],[41.9577,56.3906],[41.9095,56.5397],[41.085,56.4728],[40.7147,56.5985],[40.1559,56.4343],[39.8337,56.6086],[39.8588,56.7796],[39.392,56.7933],[39.5793,56.9675],[39.5165,57.024],[39.8417,57.1768],[41.5601,57.4637],[41.63,57.7499]]]}},{"type":"Feature","properties":{"id":"RU-NIZ","name":"Nizhny Novgorod","country":"Russia","iso":"RUS"},"geometry":{"type":"Polygon","coordinates":[[[45.7226,54.9698],[45.782,55.1172],[45.6047,55.1638],[45.4391,55.0332],[45.4244,54.8818],[45.0547,54.7519],[45.0214,54.577],[45.1323,54.5044],[44.6072,54.471],[44.6383,54.5794],[44.4379,54.5384],[43.5878,54.9079],[43.2495,54.9354],[43.08,54.7864],[42.6168,54.7859],[42.4668,54.8713],[42.4725,55.0052],[42.1667,54.949],[41.7817,55.1123],[42.134,55.4421],[42.0404,55.6087],[42.6448,55.9517],[42.6983,56.1304],[42.9479,56.1687],[42.7547,56.2201],[42.5879,56.4202],[42.8819,56.4716],[42.9045,56.6422],[42.7866,56.669],[42.83,56.8023],[43.5013,56.9064],[43.6804,57.058],[43.5009,57.1224],[43.5386,57.2618],[43.8621,57.3658],[43.7274,57.4658],[44.0629,57.4534],[44.7379,57.7058],[44.8646,57.8798],[44.792,57.9613],[44.8626,58.0754],[45.4621,58.0353],[45.5629,57.9351],[45.8282,58.0492],[46.3413,58.0746],[47.7392,57.9365],[47.7623,57.876],[47.5662,57.803],[47.471,57.5285],[46.749,57.5219],[46.7981,57.4619],[46.6802,57.3513],[46.8448,57.2291],[46.7343,57.1999],[46.7464,56.9703],[45.9586,56.8721],[45.9218,56.6523],[45.6445,56.584],[45.6627,56.4609],[45.949,56.4332],[45.8738,56.2588],[46.214,56.0498],[45.9201,55.688],[46.3868,55.4516],[46.2202,55.357],[46.0344,55.0249],[45.7226,54.9698]]]}},{"type":"Feature","properties":{"id":"RU-TUL","name":"Tula","country":"Russia","iso":"RUS"},"geometry":{"type":"Polygon","coordinates":[[[38.8954,53.5652],[38.7041,53.5098],[38.7539,53.3764],[38.4773,53.31],[38.598,53.2365],[38.6032,53.0558],[38.3275,52.9618],[38.0996,53.0608],[37.841,53.0085],[37.5859,53.1354],[37.5606,53.2962],[37.1969,53.2507],[36.398,53.4285],[36.2316,53.5741],[36.0146,53.5863],[36.0583,53.704],[35.9106,53.8501],[36.2164,54.0699],[36.031,54.1908],[36.926,54.2936],[36.9644,54.4046],[36.805,54.6099],[37.0721,54.5361],[37.259,54.8358],[37.6713,54.7135],[37.7559,54.8232],[37.9386,54.8323],[38.0495,54.7093],[38.5151,54.5977],[38.3884,54.4723],[38.7517,54.1778],[38.6943,54.0749],[38.8443,53.9363],[38.8041,53.7778],[38.9165,53.7456],[38.8954,53.5652]]]}},{"type":"Feature","properties":{"id":"RU-CU","name":"Chuvash Republic","country":"Russia","iso":"RUS"},"geometry":{"type":"Polygon","coordinates":[[[48.4124,55.8294],[48.081,55.6803],[48.0184,55.6144],[48.0916,55.5365],[47.696,55.3231],[47.699,55.2227],[47.9234,55.3142],[48.0846,55.1505],[47.9179,55.0601],[47.9963,54.9682],[47.788,54.9392],[47.8469,54.8157],[47.7575,54.903],[47.7482,54.8285],[47.4324,54.8918],[47.204,54.6579],[46.8609,54.6303],[46.4117,54.7928],[46.2616,55.0542],[46.1604,54.9721],[46.0557,55.0421],[46.2202,55.357],[46.3868,55.4516],[45.9201,55.688],[46.2314,56.0593],[46.7103,56.1221],[47.2766,56.3352],[47.3847,56.3301],[47.4463,56.1816],[47.871,56.1358],[47.9942,55.9517],[48.4124,55.8294]]]}},{"type":"Feature","properties":{"id":"RU-VLG","name":"Vologda","country":"Russia","iso":"RUS"},"geometry":{"type":"Polygon","coordinates":[[[37.7729,61.5221],[37.9645,61.1484],[38.1786,61.1259],[38.2201,60.9195],[38.3723,60.9505],[38.4209,60.8112],[38.6613,60.7114],[38.9572,60.8069],[39.1906,60.6529],[39.1767,60.7142],[39.6367,60.7465],[39.9538,60.65],[40.418,60.7855],[41.343,60.646],[41.3941,60.858],[41.9235,60.9175],[41.9472,60.8349],[42.3948,60.7694],[42.6505,60.8631],[42.9799,60.7369],[43.5109,60.7675],[43.5249,60.8472],[43.7469,60.8948],[43.776,61.0208],[44.1078,61.0835],[44.2058,60.9718],[45.2291,60.9039],[45.3788,61.2055],[45.7867,61.1668],[45.7666,61.0546],[45.8782,61.0163],[46.2851,60.9678],[46.5085,61.0637],[47.0813,60.8258],[46.9591,60.6602],[47.0519,60.5818],[46.8619,60.5129],[46.7495,60.2611],[46.3017,60.2419],[46.3758,60.1162],[46.5989,60.0687],[47.035,60.1171],[46.9257,59.8028],[47.1367,59.6979],[47.1135,59.6113],[46.4064,59.6325],[46.3563,59.347],[46.0294,59.3043],[45.9183,59.1844],[44.9911,59.1216],[44.3318,59.1376],[43.7418,59.2595],[43.526,59.1694],[43.4929,59.2972],[43.3363,59.2117],[43.1119,59.2901],[42.8541,59.1616],[42.6015,59.316],[42.2841,59.2616],[42.0494,59.4272],[41.9583,59.29],[42.0899,59.2297],[42.0262,59.1216],[41.1772,58.9629],[41.2472,58.8771],[41.1342,58.7991],[41.2203,58.7296],[40.926,58.5791],[40.2928,58.5442],[39.595,58.9064],[39.1012,58.9537],[38.934,58.9375],[39.0022,58.8493],[38.909,58.7401],[38.0476,58.7357],[37.8914,58.6171],[37.7224,58.6272],[37.6263,58.4902],[37.1222,58.866],[36.848,58.8411],[36.7964,58.7299],[36.3269,58.4976],[36.1733,58.525],[36.2374,58.5949],[36.1201,58.6996],[35.7247,58.8335],[35.3985,58.8435],[35.2734,58.7625],[35.1246,58.815],[35.1684,58.9333],[34.7364,59.0668],[34.9162,59.2468],[35.3819,59.3003],[35.3203,59.3391],[35.4485,59.4277],[35.2889,59.4993],[35.4858,59.4855],[35.5003,59.6508],[35.6381,59.6467],[35.4056,59.7124],[35.3825,59.8754],[35.4742,59.9229],[35.4131,59.9728],[35.0844,60.0296],[35.1728,60.0799],[35.1474,60.2688],[35.2517,60.4454],[35.1438,60.7765],[35.4716,60.8777],[35.6918,61.1281],[35.6039,61.1883],[36.4668,61.4066],[36.6323,61.5531],[37.7729,61.5221]],[[38.0366,61.0209],[38.0875,61.0416],[38.0226,61.0419],[38.0366,61.0209]],[[44.4253,59.1846],[44.4666,59.2079],[44.4262,59.2019],[44.4253,59.1846]]]}},{"type":"Feature","properties":{"id":"RU-NGR","name":"Novgorod","country":"Russia","iso":"RUS"},"geometry":{"type":"Polygon","coordinates":[[[34.2531,59.1985],[34.8776,59.0489],[34.8308,58.9874],[35.1684,58.9333],[35.1246,58.815],[35.2657,58.7648],[35.7343,58.8325],[36.2374,58.5949],[35.9514,58.4261],[35.3858,58.4305],[35.2574,58.3841],[35.2636,58.2656],[35.0527,58.1991],[34.765,58.2403],[34.6788,58.0779],[34.0042,58.2197],[33.6774,58.1529],[33.538,58.056],[33.7022,57.9155],[33.5368,57.7197],[33.3249,57.6546],[33.2348,57.5427],[33.2948,57.4322],[32.812,57.4621],[31.9372,57.084],[31.7147,57.104],[31.538,56.9377],[30.6509,56.9672],[30.6411,57.184],[30.7731,57.2577],[30.4412,57.3653],[30.6088,57.6174],[30.413,57.7774],[30.5429,57.8757],[29.9375,57.9455],[30.0013,58.0372],[29.6794,58.0773],[29.6585,58.2436],[30.1672,58.5331],[30.1043,58.7351],[30.7057,58.7493],[31.0228,59.081],[31.306,58.9852],[31.5575,59.2153],[31.5518,59.3681],[31.8074,59.3121],[32.1241,59.3943],[32.3023,59.2001],[32.6532,59.1247],[33.0099,59.43],[33.2559,59.3233],[33.5203,59.373],[33.9999,59.1488],[34.2531,59.1985]]]}},{"type":"Feature","properties":{"id":"RU-TVE","name":"Tver","country":"Russia","iso":"RUS"},"geometry":{"type":"Polygon","coordinates":[[[37.092,58.8695],[37.644,58.4294],[37.3698,58.3494],[37.3468,58.2483],[37.6723,58.0754],[37.3665,57.9771],[37.4955,57.8936],[37.3464,57.8869],[37.8276,57.6307],[37.7948,57.4335],[38.2858,57.3658],[38.3064,57.2763],[38.1526,57.2271],[38.2599,57.0891],[38.1205,56.879],[38.2565,56.7702],[38.0147,56.7736],[37.7116,56.9528],[37.5534,56.9056],[37.4989,56.7848],[37.1521,56.7541],[37.1464,56.5765],[37.0521,56.5155],[36.8258,56.5832],[36.0784,56.3441],[35.4755,56.4636],[35.5208,56.2561],[35.3657,56.2324],[35.3324,56.0618],[35.1741,55.9483],[34.6309,55.9179],[34.2354,56.0714],[33.904,56.0729],[33.8274,55.9298],[33.66,55.9462],[33.5155,55.7613],[33.1654,55.6456],[32.0539,55.6607],[31.9101,55.771],[31.4674,55.729],[31.3447,55.964],[31.5106,56.0524],[31.4915,56.3013],[31.0202,56.477],[31.0607,56.6778],[30.8794,56.6553],[30.7811,56.7698],[31.0001,56.9652],[31.538,56.9377],[31.7147,57.104],[31.9372,57.084],[32.812,57.4621],[33.2948,57.4322],[33.2348,57.5427],[33.3249,57.6546],[33.5368,57.7197],[33.7022,57.9155],[33.538,58.056],[33.6774,58.1529],[34.0042,58.2197],[34.6875,58.0795],[34.7181,58.2244],[35.1476,58.2238],[35.3858,58.4305],[36.4892,58.5309],[36.8129,58.7438],[36.7971,58.8202],[37.092,58.8695]]]}},{"type":"Feature","properties":{"id":"RU-MOW","name":"Moscow","country":"Russia","iso":"RUS"},"geometry":{"type":"Polygon","coordinates":[[[36.7856,55.1906],[36.4229,55.3187],[36.1397,55.185],[35.3012,55.2991],[35.282,55.5592],[35.3985,55.6109],[35.1713,55.96],[35.3324,56.0618],[35.3657,56.2324],[35.5208,56.2561],[35.4631,56.4589],[36.0784,56.3441],[36.8258,56.5832],[37.0521,56.5155],[37.1464,56.5765],[37.1521,56.7541],[37.4989,56.7848],[37.5534,56.9056],[37.7239,56.9536],[38.0113,56.7749],[38.3741,56.6966],[38.2934,56.533],[38.5979,55.9623],[39.0158,55.9252],[39.3581,55.761],[39.8567,55.8256],[40.085,55.6126],[40.0359,55.5166],[40.1433,55.5139],[40.2065,55.3093],[39.7202,55.126],[39.8892,55.0848],[39.4884,54.9408],[39.2321,54.6353],[38.8204,54.6019],[38.7905,54.4638],[38.9178,54.4045],[38.6751,54.2447],[38.5212,54.2888],[38.3884,54.4723],[38.5166,54.5859],[38.4716,54.6384],[38.0495,54.7093],[37.9386,54.8323],[37.7559,54.8232],[37.6713,54.7135],[37.1875,54.8679],[37.12,54.9908],[37.4248,55.1842],[37.4113,55.3205],[37.5656,55.3585],[37.6591,55.5689],[37.8784,55.7151],[37.8005,55.8377],[37.3753,55.9229],[37.4141,55.6599],[37.2106,55.6016],[37.1749,55.4478],[36.9128,55.5166],[37.0145,55.3012],[36.7856,55.1906]],[[37.1769,55.9908],[37.2937,56.0304],[37.2019,56.0596],[37.1769,55.9908]],[[37.0017,55.7321],[37.154,55.6967],[37.1644,55.7321],[37.0017,55.7321]]]}},{"type":"Feature","properties":{"id":"RU-MOS","name":"Moscow","country":"Russia","iso":"RUS"},"geometry":{"type":"MultiPolygon","coordinates":[[[[37.12,54.9908],[36.9043,55.2291],[37.0145,55.3012],[36.9128,55.5166],[37.1749,55.4478],[37.2106,55.6016],[37.4141,55.6599],[37.3482,55.744],[37.4138,55.9394],[37.8005,55.8377],[37.8784,55.7151],[37.6591,55.5689],[37.5656,55.3585],[37.4113,55.3205],[37.4248,55.1842],[37.12,54.9908]]],[[[37.1769,55.9908],[37.2937,56.0304],[37.3021,55.9971],[37.1769,55.9908]]],[[[37.0017,55.7321],[37.154,55.6967],[36.9912,55.68],[37.0017,55.7321]]]]}},{"type":"Feature","properties":{"id":"RU-ME","name":"Mari El Republic","country":"Russia","iso":"RUS"},"geometry":{"type":"Polygon","coordinates":[[[50.072,56.6227],[50.1976,56.5827],[49.981,56.438],[49.6506,56.5301],[49.5442,56.4325],[49.4171,56.4802],[49.3291,56.3515],[49.0915,56.3918],[48.9331,56.2616],[49.0509,56.2068],[48.6981,56.0763],[48.6848,55.9517],[48.4215,55.9053],[48.4124,55.8294],[47.9942,55.9517],[47.871,56.1358],[47.4463,56.1816],[47.3658,56.3347],[46.7103,56.1221],[46.0922,56.0564],[46.0677,56.1819],[45.8738,56.2588],[45.949,56.4332],[45.6287,56.5225],[45.9218,56.6523],[45.9666,56.8744],[46.6871,56.9679],[47.1489,56.9106],[47.1587,56.8158],[47.4988,56.8533],[47.7346,57.0545],[48.1307,57.0002],[48.3008,57.165],[48.7585,57.1717],[48.9535,57.0862],[49.0126,57.2771],[49.1849,57.3301],[49.144,57.16],[49.2638,57.0483],[49.7079,57.0725],[49.7418,56.8995],[50.1013,56.7924],[50.072,56.6227]]]}},{"type":"Feature","properties":{"id":"RU-KIR","name":"Kirov","country":"Russia","iso":"RUS"},"geometry":{"type":"Polygon","coordinates":[[[50.4887,56.6131],[50.3248,56.6761],[50.072,56.6227],[50.1013,56.7924],[49.7418,56.8995],[49.7079,57.0725],[49.2638,57.0483],[49.144,57.16],[49.1849,57.3301],[49.0126,57.2771],[48.9535,57.0862],[48.7585,57.1717],[48.3008,57.165],[48.1307,57.0002],[47.7346,57.0545],[47.4988,56.8533],[47.1587,56.8158],[47.0847,56.9313],[46.7053,56.9441],[46.7343,57.1999],[46.8448,57.2291],[46.6802,57.3513],[46.7981,57.4619],[46.749,57.5219],[47.471,57.5285],[47.5662,57.803],[47.7675,57.9004],[47.3542,58.0255],[46.4299,58.0205],[46.313,58.1112],[46.4797,58.3382],[46.4156,58.3606],[46.5909,58.4382],[46.5931,58.5606],[47.0004,58.6201],[47.1073,58.7686],[47.3165,58.7978],[47.3002,58.9131],[47.6044,58.913],[47.5709,59.0599],[47.2392,59.2202],[47.2524,59.3555],[47.0563,59.3785],[47.1339,59.725],[46.9222,59.8182],[47.035,60.1171],[46.5989,60.0687],[46.3683,60.1208],[46.3034,60.2509],[46.7495,60.2611],[46.8619,60.5129],[47.0488,60.5752],[46.96,60.6663],[47.1961,61.0483],[47.958,61.0073],[47.9842,60.8965],[48.419,60.8538],[48.5385,60.5981],[48.4855,60.5251],[48.6118,60.4361],[48.5475,60.415],[48.7537,60.3672],[48.4573,60.1865],[48.5076,59.7151],[49.0726,59.6596],[49.0425,59.4882],[49.5346,59.395],[49.5099,59.2466],[49.6637,59.2084],[49.7949,59.2331],[49.7898,59.5134],[49.8448,59.6539],[50.0472,59.6849],[49.983,59.7715],[50.8107,59.863],[51.0754,60.0607],[51.5331,59.9492],[52.0422,60.3137],[52.4538,60.2005],[53.6076,60.1427],[53.7065,60.0012],[53.6231,59.7544],[53.4231,59.6842],[53.2058,59.364],[53.4027,59.1496],[53.8765,59.0928],[53.7257,58.9385],[53.922,58.7828],[53.7056,58.6133],[53.7846,58.4399],[53.3209,58.389],[53.1176,58.5438],[52.9213,58.5343],[52.8701,58.4106],[51.971,58.4641],[51.6732,58.1718],[51.8885,57.9787],[51.8525,57.6312],[51.5932,57.4417],[51.1951,57.4538],[51.1156,57.3051],[51.3249,56.9467],[51.5405,56.883],[51.3786,56.6799],[51.1966,56.6674],[51.1379,56.5001],[51.4167,56.2902],[51.4365,56.1444],[51.3135,56.073],[51.0731,56.1305],[50.8404,56.2407],[50.9078,56.296],[50.8512,56.3903],[50.5829,56.3586],[50.4887,56.6131]]]}},{"type":"Feature","properties":{"id":"RU-UD","name":"Udmurt Republic","country":"Russia","iso":"RUS"},"geometry":{"type":"Polygon","coordinates":[[[54.3525,56.3585],[54.3458,56.2526],[54.0058,56.0289],[53.2891,55.8583],[53.1941,55.9351],[53.4055,56.023],[53.5509,56.241],[53.2603,56.2539],[53.3253,56.0837],[53.0493,56.136],[52.9427,56.3724],[53.0898,56.5216],[52.9394,56.5413],[52.8283,56.5171],[52.9487,56.4453],[52.562,56.2594],[52.8418,56.1579],[52.8342,56.0943],[52.7168,56.1362],[52.6702,56.0223],[52.2248,56.0863],[52.2477,55.9517],[52.1571,55.896],[51.9571,55.9775],[51.7818,55.8875],[51.7267,55.9583],[51.4419,55.9246],[51.3991,55.9936],[51.6482,56.1443],[51.4365,56.1444],[51.4167,56.2902],[51.1379,56.5001],[51.1966,56.6674],[51.3786,56.6799],[51.5405,56.883],[51.3249,56.9467],[51.1359,57.3771],[51.2256,57.4624],[51.5932,57.4417],[51.8525,57.6312],[51.8885,57.9787],[51.6732,58.1718],[51.971,58.4641],[52.8701,58.4106],[52.9213,58.5343],[53.1176,58.5438],[53.3209,58.389],[53.7846,58.4399],[53.886,58.3191],[53.8102,58.2281],[54.0924,57.99],[54.1365,57.8294],[54.1166,57.6157],[53.99,57.5732],[54.2636,57.464],[54.1192,57.3093],[54.3193,57.2864],[54.2767,57.1036],[54.3998,57.0429],[54.0986,56.9659],[54.0457,56.753],[53.8217,56.7995],[53.8446,56.6381],[54.0758,56.6688],[54.0411,56.5925],[54.3525,56.3585]]]}},{"type":"Feature","properties":{"id":"RU-KO","name":"Komi Republic","country":"Russia","iso":"RUS"},"geometry":{"type":"Polygon","coordinates":[[[59.4854,61.9933],[59.338,61.8446],[59.3487,61.6822],[59.0152,61.5491],[56.6757,61.5223],[56.3908,61.4202],[56.2873,61.2094],[55.8302,61.2489],[55.7157,61.0883],[55.2875,61.1212],[54.9795,60.8638],[53.8535,60.9802],[53.804,60.8499],[53.354,60.8934],[53.3721,61.029],[52.8765,61.0938],[52.7898,60.9489],[52.4306,60.9779],[52.3548,60.8439],[51.9013,60.8823],[51.7766,60.6007],[52.3239,60.4321],[52.2978,60.2416],[51.9957,60.298],[51.5213,59.9462],[51.0754,60.0607],[50.8107,59.863],[49.983,59.7715],[50.0472,59.6849],[49.8448,59.6539],[49.7898,59.5134],[49.7949,59.2331],[49.5866,59.2194],[49.5099,59.2466],[49.5346,59.395],[49.0425,59.4882],[49.0726,59.6596],[48.5076,59.7151],[48.4573,60.1865],[48.7547,60.3612],[48.5475,60.415],[48.6118,60.4361],[48.4855,60.5251],[48.5385,60.5981],[48.419,60.8538],[48.5093,61.0477],[49.3139,61.1879],[49.4614,61.5861],[49.0516,61.691],[49.2165,62.0969],[49.3694,62.1494],[49.609,62.7702],[48.8751,62.8291],[48.7145,62.8155],[48.657,62.7071],[48.3661,62.7293],[48.2345,62.4641],[48.2908,62.3216],[47.7511,62.3218],[47.621,62.1855],[47.4134,62.1928],[47.3863,62.3204],[47.2349,62.3515],[47.2377,62.6357],[47.0826,62.8396],[47.4357,62.9727],[47.5546,63.1485],[46.9468,63.3416],[47.0213,63.5592],[46.8192,63.747],[45.8836,63.9643],[45.4271,64.1717],[46.6114,64.3266],[48.1158,64.3481],[48.1962,64.2389],[48.4083,64.2242],[48.5183,64.3555],[48.8402,64.3573],[48.95,64.4906],[49.4501,64.463],[49.5954,64.5914],[50.3147,64.5124],[50.4674,64.7916],[50.063,64.8902],[49.6366,65.2738],[48.9987,65.2403],[49.006,66.1191],[51.5102,66.7833],[51.5246,66.9278],[52.1552,67.0855],[53.7725,66.9985],[61.4317,66.9997],[62.8213,67.388],[62.8935,67.5957],[63.8618,67.8316],[63.9467,67.894],[63.834,68.0285],[64.5303,68.2001],[64.4991,68.3259],[64.7451,68.4045],[65.4805,68.4304],[65.2738,68.2305],[65.2898,68.0123],[65.4366,67.92],[66.0895,67.9297],[66.0196,67.7981],[66.2059,67.693],[65.8516,67.6545],[65.7961,67.5678],[66.036,67.5751],[66.1031,67.4798],[65.1902,67.145],[65.2158,67.0756],[65.0781,67.0415],[65.1047,66.8946],[63.4149,66.4801],[63.2415,66.328],[63.2955,66.2392],[63.1054,66.2499],[62.8622,66.0747],[62.8507,65.873],[61.871,65.699],[61.2538,65.3194],[61.3314,65.282],[61.2405,65.1919],[60.8081,65.0438],[60.6452,64.8912],[60.4203,65.0526],[60.1474,65.0648],[59.6741,64.8021],[59.7041,64.6677],[59.4823,64.4869],[59.6061,64.4542],[59.5884,64.2326],[59.8564,64.1313],[59.5729,63.9272],[59.2232,63.0719],[59.4767,62.9068],[59.3987,62.718],[59.6437,62.5103],[59.4018,62.1315],[59.4854,61.9933]]]}},{"type":"Feature","properties":{"id":"RU-PER","name":"Perm Krai","country":"Russia","iso":"RUS"},"geometry":{"type":"Polygon","coordinates":[[[54.9684,56.3204],[54.5592,56.5384],[54.4197,56.3376],[54.0411,56.5925],[54.0758,56.6688],[53.8446,56.6381],[53.8217,56.7995],[54.0457,56.753],[54.0986,56.9659],[54.3998,57.0429],[54.2767,57.1036],[54.3193,57.2864],[54.1192,57.3093],[54.2636,57.464],[53.99,57.5732],[54.1563,57.7062],[54.0994,57.9717],[53.8102,58.2281],[53.886,58.3191],[53.7047,58.595],[53.922,58.7828],[53.7249,58.9259],[53.8765,59.0928],[53.4027,59.1496],[53.2058,59.364],[53.4231,59.6842],[53.5921,59.7085],[53.7029,60.0111],[53.4572,60.2048],[52.2978,60.2416],[52.3239,60.4321],[51.7766,60.6007],[51.8898,60.8758],[52.3548,60.8439],[52.4306,60.9779],[52.7898,60.9489],[52.8765,61.0938],[53.3721,61.029],[53.354,60.8934],[53.804,60.8499],[53.8535,60.9802],[54.9795,60.8638],[55.2875,61.1212],[55.7157,61.0883],[55.8302,61.2489],[56.2873,61.2094],[56.3908,61.4202],[56.6757,61.5223],[58.8107,61.509],[59.3487,61.6822],[59.4178,61.429],[59.2566,61.2444],[59.3729,60.9705],[59.4695,60.9412],[59.3901,60.5826],[59.1644,60.3669],[59.1869,60.2707],[58.9513,59.995],[58.9995,59.9313],[58.6751,59.8592],[58.3109,59.468],[59.174,59.1684],[59.0827,58.7693],[59.4253,58.6747],[59.4489,58.4833],[58.6056,58.0163],[58.8604,57.8339],[58.8528,57.7479],[58.5232,57.5761],[58.4365,57.676],[58.1626,57.6835],[58.1218,57.5608],[57.9753,57.5409],[57.938,57.332],[58.1051,57.1271],[58.0231,57.114],[58.0719,57.0506],[57.2187,56.853],[57.4258,56.6591],[57.3175,56.3734],[57.4084,56.3291],[57.1656,56.1596],[56.8641,56.1081],[56.5022,56.3196],[56.5285,56.3833],[56.0645,56.2913],[55.9136,56.4663],[54.9684,56.3204]]]}},{"type":"Feature","properties":{"id":"RU-SAM","name":"Samara","country":"Russia","iso":"RUS"},"geometry":{"type":"MultiPolygon","coordinates":[[[[51.386,54.6764],[51.4087,54.5946],[51.9316,54.5319],[52.0784,54.3429],[52.482,54.4672],[52.515,54.3258],[52.2037,54.2987],[52.3486,54.2174],[52.2712,54.1184],[52.4847,54.0585],[52.08,53.5141],[52.1926,53.3752],[52.0586,53.1391],[52.1579,53.1026],[51.728,52.8695],[51.7323,52.6684],[51.5452,52.6814],[51.4714,52.5691],[51.5627,52.4473],[51.4129,52.35],[51.4152,52.1027],[50.767,51.7594],[50.7221,51.928],[50.3313,52.0578],[50.1675,52.0236],[50.2215,52.1299],[49.8123,52.1931],[49.5837,52.3976],[49.4777,52.3314],[49.2287,52.508],[48.8907,52.411],[48.691,52.6448],[48.3558,52.6642],[48.5925,52.9194],[48.3243,52.9844],[48.3571,53.0655],[48.2216,52.9989],[48.1485,53.0587],[48.2019,53.1466],[47.9485,53.3587],[48.0568,53.4761],[48.3756,53.4712],[48.4348,53.5807],[48.3265,53.6622],[48.5987,53.6683],[48.4731,53.7699],[48.8743,53.7164],[49.0293,53.8572],[49.6171,53.8143],[49.8269,53.8871],[50.0343,53.8263],[49.9741,53.9596],[50.1974,54.0381],[50.2571,54.2944],[50.0775,54.5165],[50.3842,54.4858],[50.5121,54.3297],[50.6969,54.4267],[50.9354,54.3404],[51.0082,54.545],[51.386,54.6764]]],[[[52.2291,53.3549],[52.3005,53.3802],[52.273,53.3419],[52.2291,53.3549]]]]}},{"type":"Feature","properties":{"id":"RU-STA","name":"Stavropol Krai","country":"Russia","iso":"RUS"},"geometry":{"type":"Polygon","coordinates":[[[41.1624,45.9536],[42.1109,45.9287],[42.1774,46.0991],[42.3254,46.1258],[42.3195,45.9755],[42.5166,45.9897],[42.9156,46.2414],[43.3925,46.016],[43.8776,45.9455],[44.2771,45.5802],[44.7377,45.4966],[45.5862,45.1583],[45.7173,44.9999],[45.6463,44.7997],[45.2276,44.4872],[45.4414,44.3761],[45.105,44.2158],[45.5173,44.1853],[45.4526,43.8885],[45.0759,43.9503],[45.0769,43.7814],[44.8926,43.6521],[44.8035,43.8021],[44.2849,43.8188],[44.4205,43.9986],[44.2585,43.9246],[43.9061,43.9942],[43.7387,43.8409],[43.327,43.805],[43.2161,43.9501],[42.6832,43.8072],[42.5907,44.0403],[42.3781,43.9715],[42.3031,44.1285],[42.557,44.2891],[42.3523,44.2705],[41.9527,44.3946],[41.9089,44.4933],[41.5734,44.5368],[41.4146,44.7021],[41.5871,44.7882],[41.6569,44.9689],[41.4642,44.9892],[41.2926,45.2428],[41.0256,45.2202],[41.0081,45.3848],[40.8426,45.5272],[40.8567,45.6904],[41.2744,45.7541],[41.1624,45.9536]]]}},{"type":"Feature","properties":{"id":"RU-AD","name":"Republic of Adygea","country":"Russia","iso":"RUS"},"geometry":{"type":"Polygon","coordinates":[[[39.6349,45.1935],[39.8901,45.0808],[40.2557,45.0881],[40.5276,44.9152],[40.7284,44.6078],[40.7541,44.4746],[40.6407,44.4576],[40.6765,44.5357],[40.5394,44.7333],[40.4047,44.7374],[40.3237,44.6084],[40.4567,43.9657],[40.3204,43.7603],[39.7242,43.9319],[39.7372,44.1866],[39.96,44.0646],[40.0786,44.2366],[39.7936,44.3502],[39.9149,44.6986],[40.0266,44.7362],[39.8838,45.0074],[39.7397,44.9319],[39.4998,45.0373],[39.6372,44.8708],[39.4699,44.7947],[39.0638,44.8103],[38.6729,44.9557],[38.6859,45.0366],[39.3153,44.999],[39.6349,45.1935]]]}},{"type":"Feature","properties":{"id":"NG-EK","name":"Ekiti State","country":"Nigeria","iso":"NGA"},"geometry":{"type":"Polygon","coordinates":[[[5.536,8.0696],[5.5176,7.9995],[5.6702,8.0071],[5.6248,7.8503],[5.8114,7.7561],[5.6237,7.6197],[5.5378,7.3685],[5.4325,7.2801],[5.3306,7.4199],[4.9915,7.4148],[4.9261,7.8431],[5.0641,8.0306],[5.2944,7.9673],[5.536,8.0696]]]}},{"type":"Feature","properties":{"id":"NG-KD","name":"Kaduna State","country":"Nigeria","iso":"NGA"},"geometry":{"type":"Polygon","coordinates":[[[8.7413,10.549],[8.6967,10.4238],[8.785,10.3356],[8.6601,10.1692],[8.559,9.6268],[8.6806,9.2619],[8.4836,8.9992],[8.2635,9.1532],[8.0998,9.005],[7.9509,9.3459],[7.8166,9.2507],[7.54,9.3514],[7.2617,9.2953],[7.2269,9.4536],[7.3381,9.5866],[7.2173,9.741],[7.2962,9.781],[7.2792,9.9776],[6.8921,10.1052],[7.0675,10.2989],[6.9445,10.3668],[6.8352,10.6231],[6.4267,10.5736],[6.2081,10.3658],[6.0931,10.4826],[6.1221,10.8316],[6.3228,11.0322],[6.6864,11.0763],[6.8818,11.3661],[7.1865,11.1122],[7.2422,11.2634],[7.4668,11.3688],[7.6606,11.2746],[8.1032,11.4955],[8.1343,11.3401],[8.5424,11.082],[8.5584,10.7467],[8.4807,10.6712],[8.7413,10.549]]]}},{"type":"Feature","properties":{"id":"NG-KN","name":"Kano State","country":"Nigeria","iso":"NGA"},"geometry":{"type":"Polygon","coordinates":[[[9.2247,11.3424],[8.7677,11.0848],[8.8154,10.6641],[8.7413,10.549],[8.5353,10.6261],[8.5424,11.082],[8.1343,11.3401],[8.1388,11.4789],[7.8451,11.365],[7.7074,11.4167],[7.7153,11.5639],[7.8937,11.6508],[7.8413,12.2661],[8.0938,12.3827],[8.1873,12.5557],[8.2828,12.5696],[8.3622,12.4252],[8.471,12.5633],[8.6783,12.5393],[8.7851,12.2987],[8.9462,12.2218],[8.9366,12.0619],[9.1812,12.0303],[9.1296,11.7158],[9.3507,11.555],[9.2247,11.3424]]]}},{"type":"Feature","properties":{"id":"NG-FC","name":"Federal Capital Territory","country":"Nigeria","iso":"NGA"},"geometry":{"type":"Polygon","coordinates":[[[6.9781,8.4118],[6.759,8.4722],[6.754,9.2139],[6.9631,9.2324],[7.1639,9.0976],[7.3108,9.2974],[7.6258,9.3107],[7.4359,8.5832],[6.9781,8.4118]]]}},{"type":"Feature","properties":{"id":"US-WI","name":"Wisconsin","country":"United States of America","iso":"USA"},"geometry":{"type":"Polygon","coordinates":[[[-86.7636,45.4438],[-86.2506,45.2361],[-86.7146,44.8452],[-87.0614,43.9696],[-87.1472,43.3799],[-87.0188,42.4962],[-90.6413,42.5118],[-90.703,42.6553],[-91.0795,42.792],[-91.1678,43.1605],[-91.0865,43.3174],[-91.2479,43.4628],[-91.295,43.919],[-91.8171,44.1627],[-92.1026,44.4369],[-92.8198,44.7578],[-92.7593,45.2833],[-92.663,45.4263],[-92.9017,45.6113],[-92.7041,45.9131],[-92.2926,46.0833],[-92.2892,46.663],[-90.654,47.3081],[-89.9576,47.2861],[-90.4125,46.5842],[-90.1185,46.3406],[-88.1232,45.9315],[-88.11,45.8032],[-87.8026,45.687],[-87.8822,45.3774],[-87.6612,45.3704],[-87.7348,45.1993],[-87.6536,45.1208],[-87.436,45.079],[-87.4033,45.205],[-87.0924,45.4438],[-86.7636,45.4438]]]}},{"type":"Feature","properties":{"id":"US-IL","name":"Illinois","country":"United States of America","iso":"USA"},"geometry":{"type":"Polygon","coordinates":[[[-90.5853,38.8781],[-90.774,39.2791],[-91.3749,39.7357],[-91.5189,40.1749],[-91.3736,40.4031],[-91.4009,40.5813],[-91.153,40.6725],[-90.949,40.9822],[-91.099,41.236],[-91.031,41.4136],[-90.4409,41.5434],[-90.1886,41.8348],[-90.1697,42.1165],[-90.6413,42.5118],[-87.0188,42.4962],[-87.2077,41.7597],[-87.521,41.7597],[-87.5327,39.3616],[-87.6668,39.1183],[-87.5112,38.7634],[-87.6532,38.4971],[-87.9919,38.2328],[-87.934,38.1599],[-88.0299,38.0979],[-87.9678,38.0836],[-88.0454,38.0517],[-88.0382,37.9056],[-88.1119,37.8986],[-88.0499,37.7736],[-88.1633,37.64],[-88.091,37.4913],[-88.4886,37.3847],[-88.4545,37.0961],[-88.9555,37.2278],[-89.1787,37.0623],[-89.1237,36.9796],[-89.2601,37.0831],[-89.2751,37.0004],[-89.3773,37.0473],[-89.5233,37.268],[-89.4414,37.3983],[-89.5233,37.6789],[-90.3675,38.2387],[-90.1435,38.8568],[-90.4283,38.9674],[-90.5853,38.8781]]]}},{"type":"Feature","properties":{"id":"US-KY","name":"Kentucky","country":"United States of America","iso":"USA"},"geometry":{"type":"MultiPolygon","coordinates":[[[[-89.2533,36.5691],[-89.1329,36.7609],[-89.1787,37.0623],[-89.0783,37.1855],[-88.907,37.2202],[-88.4843,37.0725],[-88.4886,37.3847],[-88.091,37.4913],[-88.1567,37.6639],[-87.8996,37.8297],[-87.9265,37.9233],[-87.6867,37.9069],[-87.657,37.8252],[-87.5986,37.9764],[-87.1181,37.7887],[-86.8188,37.9952],[-86.6244,37.8538],[-86.4618,38.1373],[-86.3328,38.1471],[-86.3829,38.1946],[-86.0513,37.9696],[-85.931,38.029],[-85.8294,38.2772],[-85.6651,38.3095],[-85.4148,38.5534],[-85.4547,38.7264],[-85.186,38.6937],[-84.8062,38.795],[-84.8731,39.0617],[-84.73,39.1462],[-84.4442,39.1018],[-84.2176,38.8235],[-83.8659,38.7622],[-83.7143,38.6385],[-83.5343,38.7074],[-83.1515,38.6189],[-82.8863,38.7448],[-82.8266,38.5865],[-82.5894,38.4193],[-82.6368,38.1616],[-82.2965,37.6884],[-81.9652,37.5387],[-82.6815,37.1371],[-83.1285,36.7533],[-83.7303,36.5858],[-88.0671,36.6897],[-88.0427,36.4986],[-89.4245,36.499],[-89.3588,36.638],[-89.2533,36.5691]]],[[[-89.5027,36.5544],[-89.5599,36.5002],[-89.5697,36.5564],[-89.5027,36.5544]]]]}},{"type":"Feature","properties":{"id":"US-AR","name":"Arkansas","country":"United States of America","iso":"USA"},"geometry":{"type":"Polygon","coordinates":[[[-90.3042,35.0001],[-90.2718,34.9231],[-90.568,34.7199],[-90.594,34.4251],[-90.7594,34.3807],[-90.9559,34.1571],[-90.8801,34.0609],[-91.093,33.9895],[-91.0454,33.8145],[-91.2259,33.6899],[-91.0931,33.1675],[-91.1665,33.0143],[-94.0413,33.0109],[-94.0473,33.5542],[-94.3874,33.5618],[-94.4841,33.6474],[-94.4391,35.3862],[-94.6183,36.4998],[-90.1622,36.4998],[-90.0675,36.2874],[-90.3794,35.9877],[-89.7238,36.0005],[-89.6673,35.9152],[-89.9519,35.723],[-89.9179,35.548],[-90.1153,35.3696],[-90.0853,35.1483],[-90.3042,35.0001]]]}},{"type":"Feature","properties":{"id":"US-TN","name":"Tennessee","country":"United States of America","iso":"USA"},"geometry":{"type":"Polygon","coordinates":[[[-89.674,35.8963],[-89.7157,36.0347],[-89.6139,36.1417],[-89.6946,36.247],[-89.5612,36.2637],[-89.6284,36.3415],[-89.5308,36.3835],[-89.5599,36.5002],[-88.0427,36.4986],[-88.0721,36.6894],[-81.6589,36.6095],[-81.7164,36.3436],[-81.8924,36.3167],[-82.0779,36.1037],[-82.2132,36.1592],[-82.5596,35.9618],[-82.6298,36.0574],[-82.9075,35.9459],[-82.9906,35.7837],[-83.8887,35.5123],[-84.0784,35.2683],[-84.2906,35.2299],[-84.3246,34.9871],[-90.3042,35.0001],[-90.0853,35.1483],[-90.1153,35.3696],[-89.9179,35.548],[-89.9519,35.723],[-89.674,35.8963]]]}},{"type":"Feature","properties":{"id":"US-WV","name":"West Virginia","country":"United States of America","iso":"USA"},"geometry":{"type":"Polygon","coordinates":[[[-82.5894,38.4193],[-82.3317,38.4436],[-82.1775,38.6118],[-82.2087,38.786],[-82.0584,39.0032],[-81.9374,38.9906],[-81.9017,38.8742],[-81.764,38.9372],[-81.8185,39.0798],[-81.6824,39.271],[-81.4632,39.4065],[-81.2269,39.3985],[-80.8752,39.6288],[-80.6006,40.3233],[-80.6225,40.626],[-80.5202,40.6468],[-80.5194,39.7215],[-79.4774,39.7218],[-79.4858,39.2069],[-79.1027,39.4673],[-78.9578,39.4542],[-78.7747,39.6378],[-78.469,39.5336],[-78.4237,39.6293],[-78.133,39.7013],[-77.8469,39.6117],[-77.7389,39.4061],[-77.8357,39.1442],[-78.336,39.445],[-78.4204,39.157],[-78.8677,38.7882],[-78.9987,38.8423],[-79.29,38.4243],[-79.6486,38.5881],[-79.7945,38.2739],[-80.2849,37.6851],[-80.225,37.6216],[-80.2898,37.5137],[-80.8596,37.4207],[-80.9483,37.2948],[-81.2241,37.2443],[-81.3635,37.3346],[-81.5839,37.2048],[-81.8353,37.2921],[-81.9566,37.5315],[-82.2917,37.6829],[-82.6312,38.1529],[-82.5894,38.4193]]]}},{"type":"Feature","properties":{"id":"US-IN","name":"Indiana","country":"United States of America","iso":"USA"},"geometry":{"type":"Polygon","coordinates":[[[-84.8061,41.7583],[-84.8775,38.9197],[-84.784,38.8929],[-84.8062,38.795],[-85.186,38.6937],[-85.4547,38.7264],[-85.4148,38.5534],[-85.6651,38.3095],[-85.8294,38.2772],[-85.931,38.029],[-86.0513,37.9696],[-86.3829,38.1946],[-86.3328,38.1471],[-86.4618,38.1373],[-86.6244,37.8538],[-86.8188,37.9952],[-87.1181,37.7887],[-87.5986,37.9764],[-87.6271,37.8345],[-87.9091,37.9316],[-87.9508,37.7819],[-88.0949,37.8182],[-87.9678,38.0836],[-88.0299,38.0979],[-87.934,38.1599],[-87.9919,38.2328],[-87.6532,38.4971],[-87.5112,38.7634],[-87.6668,39.1183],[-87.5327,39.3616],[-87.521,41.7597],[-84.8061,41.7583]]]}},{"type":"Feature","properties":{"id":"IT-EN","name":"Enna","country":"Italy","iso":"ITA"},"geometry":{"type":"Polygon","coordinates":[[[14.7422,37.8182],[14.7149,37.6974],[14.7977,37.7128],[14.8356,37.5966],[14.7844,37.5094],[14.5285,37.5322],[14.6287,37.4212],[14.5081,37.3116],[14.0901,37.346],[14.2799,37.8402],[14.7422,37.8182]]]}},{"type":"Feature","properties":{"id":"IT-BN","name":"Benevento","country":"Italy","iso":"ITA"},"geometry":{"type":"MultiPolygon","coordinates":[[[[14.3566,41.1493],[14.4533,41.3638],[14.9953,41.4821],[15.1435,41.2746],[14.9916,41.272],[15.0003,41.1107],[14.7531,41.0138],[14.7125,41.0581],[14.4293,41.048],[14.3566,41.1493]]],[[[14.6724,40.9889],[14.7074,41.0063],[14.6878,40.9727],[14.6724,40.9889]]]]}},{"type":"Feature","properties":{"id":"IT-AT","name":"Asti","country":"Italy","iso":"ITA"},"geometry":{"type":"Polygon","coordinates":[[[8.2659,44.7145],[7.8907,44.8999],[7.8935,45.0903],[8.1028,45.1286],[8.2231,45.0138],[8.3386,45.0436],[8.3723,44.864],[8.4989,44.7674],[8.2655,44.5217],[8.1969,44.6147],[8.2659,44.7145]]]}},{"type":"Feature","properties":{"id":"IT-BG","name":"Bergamo","country":"Italy","iso":"ITA"},"geometry":{"type":"Polygon","coordinates":[[[9.4915,46.0116],[10.2614,46.0171],[10.0981,45.9271],[10.064,45.6967],[9.8706,45.6045],[9.8915,45.4267],[9.5103,45.512],[9.4915,46.0116]]]}},{"type":"Feature","properties":{"id":"IT-BS","name":"Brescia","country":"Italy","iso":"ITA"},"geometry":{"type":"Polygon","coordinates":[[[9.9856,45.3065],[9.8706,45.6045],[10.064,45.6967],[10.0981,45.9271],[10.2614,46.0171],[10.161,46.1584],[10.4459,46.3481],[10.567,46.3221],[10.4591,45.985],[10.5229,45.8413],[10.8449,45.8341],[10.6442,45.6096],[10.6618,45.419],[10.4696,45.4058],[10.3305,45.2031],[9.9856,45.3065]]]}},{"type":"Feature","properties":{"id":"IT-CR","name":"Cremona","country":"Italy","iso":"ITA"},"geometry":{"type":"Polygon","coordinates":[[[9.8915,45.4267],[10.0083,45.2954],[10.4802,45.1457],[10.4133,45.0423],[10.5235,45.08],[10.4557,44.9824],[10.5607,44.984],[10.5015,44.9194],[10.0719,45.0375],[9.4629,45.4079],[9.5103,45.512],[9.8915,45.4267]]]}},{"type":"Feature","properties":{"id":"IT-MN","name":"Mantua","country":"Italy","iso":"ITA"},"geometry":{"type":"Polygon","coordinates":[[[10.4684,45.0953],[10.3178,45.2047],[10.4696,45.4058],[10.7024,45.4228],[10.6975,45.3203],[11.4215,44.9499],[10.8889,44.9135],[10.6925,44.9904],[10.5213,44.9162],[10.4641,44.9372],[10.5621,45.0036],[10.4557,44.9824],[10.5349,45.0695],[10.4133,45.0423],[10.4684,45.0953]]]}},{"type":"Feature","properties":{"id":"IT-MI","name":"Milan","country":"Italy","iso":"ITA"},"geometry":{"type":"Polygon","coordinates":[[[9.4964,45.6453],[9.5301,45.5417],[9.378,45.3063],[8.983,45.265],[8.7052,45.5568],[9.1078,45.6227],[9.3243,45.539],[9.4964,45.6453]]]}},{"type":"Feature","properties":{"id":"IT-LC","name":"Lecco","country":"Italy","iso":"ITA"},"geometry":{"type":"Polygon","coordinates":[[[9.5269,46.0114],[9.4828,45.6718],[9.3152,45.666],[9.2454,45.7735],[9.3285,45.8599],[9.304,46.133],[9.4246,46.16],[9.5269,46.0114]]]}},{"type":"Feature","properties":{"id":"IT-MB","name":"Monza and Brianza","country":"Italy","iso":"ITA"},"geometry":{"type":"Polygon","coordinates":[[[9.4828,45.6718],[9.3243,45.539],[9.053,45.6232],[9.2472,45.7426],[9.4828,45.6718]]]}},{"type":"Feature","properties":{"id":"IT-LO","name":"Lodi","country":"Italy","iso":"ITA"},"geometry":{"type":"Polygon","coordinates":[[[9.4735,45.4512],[9.4683,45.3799],[9.8959,45.0919],[9.6814,45.0753],[9.312,45.2466],[9.4735,45.4512]]]}},{"type":"Feature","properties":{"id":"IT-SI","name":"Siena","country":"Italy","iso":"ITA"},"geometry":{"type":"Polygon","coordinates":[[[11.4046,43.547],[11.6906,43.2734],[11.9527,43.1738],[11.937,42.8743],[11.635,42.7998],[11.6119,42.9479],[11.3968,42.9668],[11.361,43.0833],[10.9116,43.1626],[10.9946,43.2532],[10.9654,43.5139],[11.4046,43.547]]]}},{"type":"Feature","properties":{"id":"IT-AR","name":"Arezzo","country":"Italy","iso":"ITA"},"geometry":{"type":"MultiPolygon","coordinates":[[[[11.8871,43.1606],[11.3975,43.5482],[11.6079,43.6911],[11.6499,43.8629],[12.3576,43.7226],[12.1958,43.6534],[12.0382,43.4211],[12.2132,43.291],[11.8871,43.1606]]],[[[12.1901,43.7833],[12.2332,43.8126],[12.2399,43.8009],[12.1901,43.7833]]]]}},{"type":"Feature","properties":{"id":"IT-FI","name":"Florence","country":"Italy","iso":"ITA"},"geometry":{"type":"Polygon","coordinates":[[[10.9073,43.6801],[10.7278,43.8141],[11.057,43.7591],[11.2564,44.116],[11.2036,44.1588],[11.4025,44.2349],[11.7474,44.1266],[11.6512,44.0127],[11.7163,43.8791],[11.4913,43.5803],[10.8854,43.4599],[10.8197,43.6134],[10.9073,43.6801]]]}},{"type":"Feature","properties":{"id":"IT-VC","name":"Vercelli","country":"Italy","iso":"ITA"},"geometry":{"type":"Polygon","coordinates":[[[8.0105,45.3404],[8.263,45.5043],[8.2888,45.6449],[8.1296,45.757],[7.9163,45.7297],[7.8477,45.915],[8.2091,45.945],[8.3847,45.725],[8.3105,45.6971],[8.5566,45.1648],[8.0505,45.1852],[8.0105,45.3404]]]}},{"type":"Feature","properties":{"id":"IT-PV","name":"Pavia","country":"Italy","iso":"ITA"},"geometry":{"type":"Polygon","coordinates":[[[8.832,45.4082],[8.983,45.265],[9.3091,45.3279],[9.312,45.2466],[9.5381,45.1585],[9.3065,44.9249],[9.3138,44.6986],[9.2014,44.6821],[8.8808,45.0526],[8.6691,45.0248],[8.5733,45.1371],[8.5419,45.3597],[8.7027,45.3048],[8.832,45.4082]]]}},{"type":"Feature","properties":{"id":"IT-RI","name":"Rieti","country":"Italy","iso":"ITA"},"geometry":{"type":"Polygon","coordinates":[[[12.8735,42.0999],[12.4651,42.3869],[13.1539,42.6451],[13.1945,42.7346],[13.3863,42.6444],[13.1353,42.5383],[13.1576,42.3445],[13.3675,42.1852],[13.2955,42.1332],[12.8735,42.0999]]]}},{"type":"Feature","properties":{"id":"IT-NO","name":"Novara","country":"Italy","iso":"ITA"},"geometry":{"type":"Polygon","coordinates":[[[8.4715,45.3259],[8.3807,45.8422],[8.5984,45.826],[8.832,45.4082],[8.7027,45.3048],[8.4715,45.3259]]]}},{"type":"Feature","properties":{"id":"IT-AL","name":"Alessandria","country":"Italy","iso":"ITA"},"geometry":{"type":"Polygon","coordinates":[[[8.4047,45.2045],[8.6691,45.0248],[8.8808,45.0526],[9.1611,44.8016],[9.1993,44.5993],[8.9447,44.6848],[8.7733,44.5013],[8.6321,44.5887],[8.2672,44.52],[8.4978,44.7947],[8.3809,44.8511],[8.3032,45.0722],[8.2231,45.0138],[8.1118,45.1071],[8.4047,45.2045]]]}},{"type":"Feature","properties":{"id":"IT-TN","name":"Trentino","country":"Italy","iso":"ITA"},"geometry":{"type":"Polygon","coordinates":[[[11.8244,46.5227],[11.8957,46.4548],[11.7992,46.3532],[11.9707,46.1892],[11.7069,46.0994],[11.6848,45.9843],[11.3875,45.9789],[11.1307,45.6996],[10.9318,45.6819],[10.8124,45.845],[10.5229,45.8413],[10.4598,45.991],[10.6247,46.4545],[11.2021,46.504],[11.1538,46.2662],[11.2172,46.2239],[11.8244,46.5227]]]}},{"type":"Feature","properties":{"id":"IT-VI","name":"Vicenza","country":"Italy","iso":"ITA"},"geometry":{"type":"Polygon","coordinates":[[[11.3635,45.3519],[11.1307,45.6996],[11.3875,45.9789],[11.5591,46.0152],[11.7844,45.919],[11.8218,45.6871],[11.6494,45.6354],[11.7459,45.4882],[11.6167,45.387],[11.6103,45.2475],[11.3635,45.3519]]]}},{"type":"Feature","properties":{"id":"IT-VR","name":"Verona","country":"Italy","iso":"ITA"},"geometry":{"type":"Polygon","coordinates":[[[11.1307,45.6996],[11.4866,45.2787],[11.406,45.2523],[11.4258,45.0663],[11.0773,45.0995],[10.6975,45.3203],[10.6442,45.6096],[10.8449,45.8341],[10.9318,45.6819],[11.1307,45.6996]]]}},{"type":"Feature","properties":{"id":"IT-TV","name":"Treviso","country":"Italy","iso":"ITA"},"geometry":{"type":"Polygon","coordinates":[[[12.3309,46.0822],[12.6655,45.8148],[12.663,45.7019],[12.2554,45.533],[11.8218,45.6871],[11.7541,45.8551],[12.3309,46.0822]]]}},{"type":"Feature","properties":{"id":"IT-PC","name":"Piacenza","country":"Italy","iso":"ITA"},"geometry":{"type":"Polygon","coordinates":[[[10.0719,45.0375],[9.7651,44.6812],[9.4913,44.551],[9.2031,44.6138],[9.3221,44.7077],[9.3026,44.9131],[9.425,45.1012],[9.8337,45.0683],[9.9039,45.1385],[10.0719,45.0375]]]}},{"type":"Feature","properties":{"id":"IT-PR","name":"Parma","country":"Italy","iso":"ITA"},"geometry":{"type":"Polygon","coordinates":[[[9.86,44.7608],[10.0719,45.0375],[10.5015,44.9194],[10.3918,44.554],[10.1357,44.3418],[9.8663,44.483],[9.6898,44.3577],[9.4379,44.4143],[9.4913,44.551],[9.86,44.7608]]]}},{"type":"Feature","properties":{"id":"IT-RE","name":"Reggio Emilia","country":"Italy","iso":"ITA"},"geometry":{"type":"Polygon","coordinates":[[[10.1357,44.3418],[10.3918,44.554],[10.4704,44.9003],[10.6925,44.9904],[10.8878,44.914],[10.7617,44.5361],[10.4782,44.2298],[10.1357,44.3418]]]}},{"type":"Feature","properties":{"id":"IT-MO","name":"Modena","country":"Italy","iso":"ITA"},"geometry":{"type":"Polygon","coordinates":[[[10.4712,44.2246],[10.7617,44.5361],[10.8878,44.914],[11.257,44.9473],[11.3686,44.8426],[11.1296,44.7808],[11.1363,44.5682],[10.9924,44.4444],[11.0336,44.3151],[10.8159,44.1135],[10.5704,44.1256],[10.4712,44.2246]]]}},{"type":"Feature","properties":{"id":"IT-BO","name":"Bologna","country":"Italy","iso":"ITA"},"geometry":{"type":"Polygon","coordinates":[[[11.2636,44.8042],[11.2646,44.707],[11.375,44.7775],[11.7882,44.6366],[11.7424,44.5065],[11.8203,44.3957],[11.5263,44.1622],[11.4025,44.2349],[11.2002,44.1566],[11.2294,44.1027],[10.8159,44.1135],[11.0336,44.3151],[10.9924,44.4444],[11.1363,44.5682],[11.1296,44.7808],[11.2636,44.8042]]]}},{"type":"Feature","properties":{"id":"IT-PT","name":"Pistoia","country":"Italy","iso":"ITA"},"geometry":{"type":"Polygon","coordinates":[[[10.6578,43.8688],[10.7359,44.0321],[10.636,44.1535],[11.0483,44.0924],[11.0049,43.8286],[10.6578,43.8688]]]}},{"type":"Feature","properties":{"id":"IT-TR","name":"Terni","country":"Italy","iso":"ITA"},"geometry":{"type":"Polygon","coordinates":[[[12.0683,42.9385],[12.318,42.9061],[12.3502,42.6794],[12.5921,42.7457],[12.7141,42.5999],[12.8431,42.6717],[12.902,42.6096],[12.7222,42.454],[12.4387,42.389],[12.2358,42.6476],[11.9303,42.7091],[11.889,42.8504],[12.0683,42.9385]]]}},{"type":"Feature","properties":{"id":"IT-PG","name":"Perugia","country":"Italy","iso":"ITA"},"geometry":{"type":"MultiPolygon","coordinates":[[[[12.367,42.676],[12.3009,42.9148],[11.9317,42.8717],[11.9227,43.1376],[12.215,43.2949],[12.0371,43.4165],[12.2048,43.6168],[12.3589,43.6194],[12.3091,43.5521],[12.6089,43.4289],[12.7582,43.4612],[12.9131,42.9634],[13.2563,42.8025],[13.1539,42.6451],[12.9993,42.6089],[12.8431,42.6717],[12.7206,42.5976],[12.5921,42.7457],[12.367,42.676]]],[[[12.4076,43.6101],[12.4448,43.6011],[12.4212,43.5897],[12.4076,43.6101]]]]}},{"type":"Feature","properties":{"id":"IT-FR","name":"Frosinone","country":"Italy","iso":"ITA"},"geometry":{"type":"Polygon","coordinates":[[[13.4457,41.4602],[13.2589,41.4357],[13.0099,41.8187],[13.3067,41.9461],[13.3611,41.8287],[13.7148,41.7948],[13.994,41.625],[13.8726,41.3354],[13.6254,41.3191],[13.4457,41.4602]]]}},{"type":"Feature","properties":{"id":"IT-AV","name":"Avellino","country":"Italy","iso":"ITA"},"geometry":{"type":"Polygon","coordinates":[[[14.6538,40.894],[14.5844,41.0394],[14.9937,41.1065],[14.9916,41.272],[15.2401,41.2667],[15.2029,41.1534],[15.5762,41.0266],[15.2158,40.7157],[14.5741,40.8853],[14.6538,40.894]],[[14.6724,40.9889],[14.7074,41.0063],[14.6913,41.0294],[14.6724,40.9889]]]}},{"type":"Feature","properties":{"id":"IT-AQ","name":"L'Aquila","country":"Italy","iso":"ITA"},"geometry":{"type":"Polygon","coordinates":[[[13.3759,42.6038],[13.5316,42.4441],[13.7752,42.4132],[13.7954,42.1512],[14.0854,42.0867],[14.0998,41.9023],[14.2294,41.8774],[14.1423,41.8242],[14.1871,41.766],[13.9946,41.6869],[13.6557,41.8095],[13.536,41.7692],[13.0284,42.0319],[13.0943,42.1731],[13.3675,42.1852],[13.1285,42.4453],[13.1861,42.5869],[13.3759,42.6038]]]}},{"type":"Feature","properties":{"id":"IT-PN","name":"Pordenone","country":"Italy","iso":"ITA"},"geometry":{"type":"Polygon","coordinates":[[[12.5001,46.4042],[12.9657,46.3289],[12.9518,45.8207],[12.6728,45.8021],[12.4478,45.9597],[12.4982,46.147],[12.3359,46.2695],[12.5001,46.4042]]]}},{"type":"Feature","properties":{"id":"IT-IS","name":"Isernia","country":"Italy","iso":"ITA"},"geometry":{"type":"Polygon","coordinates":[[[14.4904,41.7761],[14.4232,41.6445],[14.5019,41.5939],[14.3827,41.442],[14.1209,41.4957],[14.0883,41.3887],[13.9618,41.4707],[13.9457,41.6882],[14.1829,41.7629],[14.1547,41.8395],[14.2829,41.9062],[14.4904,41.7761]]]}},{"type":"Feature","properties":{"id":"IT-BI","name":"Biella","country":"Italy","iso":"ITA"},"geometry":{"type":"Polygon","coordinates":[[[8.1296,45.757],[8.2895,45.5565],[8.1122,45.3782],[7.8802,45.6027],[7.9163,45.7297],[8.1296,45.757]]]}},{"type":"Feature","properties":{"id":"IT-PO","name":"Prato","country":"Italy","iso":"ITA"},"geometry":{"type":"Polygon","coordinates":[[[11.2001,44.1047],[11.1469,43.8615],[10.9779,43.7854],[11.0483,44.0924],[11.2001,44.1047]]]}},{"type":"Feature","properties":{"id":"FR-32","name":"Gers","country":"France","iso":"FRA"},"geometry":{"type":"Polygon","coordinates":[[[0.1957,43.3716],[-0.0059,43.6087],[-0.2439,43.5943],[-0.2219,43.8987],[0.5925,44.0728],[0.838,44.0505],[0.7601,43.9452],[1.1923,43.5988],[0.9996,43.3591],[0.7889,43.4137],[0.6383,43.3125],[0.1957,43.3716]]]}},{"type":"Feature","properties":{"id":"FR-87","name":"Haute-Vienne","country":"France","iso":"FRA"},"geometry":{"type":"Polygon","coordinates":[[[1.8936,45.6962],[1.2553,45.4465],[0.6359,45.7103],[0.9238,45.9657],[0.8091,46.0605],[0.7948,46.2263],[1.3347,46.3971],[1.5781,45.9939],[1.5159,45.9312],[1.8683,45.7932],[1.8936,45.6962]]]}},{"type":"Feature","properties":{"id":"FR-19","name":"Corr\u00e8ze","country":"France","iso":"FRA"},"geometry":{"type":"Polygon","coordinates":[[[1.2811,45.4778],[2.0406,45.7603],[2.5247,45.6977],[2.4887,45.397],[2.3518,45.4066],[2.1316,44.9927],[1.7662,44.9352],[1.2804,45.154],[1.2811,45.4778]]]}},{"type":"Feature","properties":{"id":"FR-82","name":"Tarn-et-Garonne","country":"France","iso":"FRA"},"geometry":{"type":"Polygon","coordinates":[[[1.9774,44.1706],[1.6586,44.1166],[1.6812,44.0155],[1.2462,43.7743],[0.8974,43.7885],[0.8847,43.9075],[0.7601,43.9452],[0.8478,44.0397],[0.7417,44.067],[0.8943,44.1497],[0.9201,44.379],[1.1189,44.3927],[1.3643,44.2205],[1.8821,44.34],[1.9774,44.1706]]]}},{"type":"Feature","properties":{"id":"FR-81","name":"Tarn","country":"France","iso":"FRA"},"geometry":{"type":"Polygon","coordinates":[[[1.6586,44.1166],[2.3812,44.0998],[2.6724,43.7533],[2.9345,43.6937],[2.6414,43.6331],[2.6059,43.4306],[2.0634,43.3986],[2.0438,43.4983],[1.6878,43.6308],[1.5489,43.8841],[1.6976,44.0312],[1.6586,44.1166]]]}},{"type":"Feature","properties":{"id":"FR-38","name":"Is\u00e8re","country":"France","iso":"FRA"},"geometry":{"type":"Polygon","coordinates":[[[5.1733,45.2378],[4.7835,45.3249],[4.76,45.4445],[4.87,45.5497],[4.8024,45.593],[5.0348,45.6221],[5.1545,45.7003],[5.1024,45.8262],[5.2392,45.7857],[5.369,45.88],[5.7562,45.4393],[5.9108,45.3942],[5.9664,45.4881],[6.1689,45.4001],[6.156,45.1617],[6.2566,45.143],[6.2223,45.0173],[6.3253,44.9995],[6.3651,44.8682],[5.6547,44.7239],[5.4602,44.8],[5.4864,45.0808],[5.1775,45.0812],[5.1733,45.2378]]]}},{"type":"Feature","properties":{"id":"FR-26","name":"Dr\u00f4me","country":"France","iso":"FRA"},"geometry":{"type":"Polygon","coordinates":[[[4.9901,45.3439],[5.1604,45.2574],[5.1775,45.0812],[5.4864,45.0808],[5.4758,44.7871],[5.8286,44.6969],[5.6579,44.6414],[5.6513,44.4959],[5.4281,44.4248],[5.627,44.3297],[5.671,44.1511],[5.4713,44.1249],[5.1671,44.3082],[4.8318,44.2367],[4.6575,44.3268],[4.8926,44.9495],[4.8114,45.2963],[4.9901,45.3439]],[[4.897,44.3124],[4.9918,44.3156],[5.0434,44.3777],[4.9499,44.4245],[4.897,44.3124]]]}},{"type":"Feature","properties":{"id":"FR-12","name":"Aveyron","country":"France","iso":"FRA"},"geometry":{"type":"Polygon","coordinates":[[[1.834,44.4883],[2.4716,44.6682],[2.7345,44.9347],[3.0844,44.5373],[3.1234,44.2634],[3.3696,44.1828],[3.2862,44.081],[3.4475,44.0081],[3.2094,43.8185],[3.0574,43.8163],[3.0341,43.6909],[2.7069,43.7356],[2.3812,44.0998],[1.9182,44.1899],[1.9706,44.2763],[1.8689,44.2926],[1.834,44.4883]]]}},{"type":"Feature","properties":{"id":"FR-46","name":"Lot","country":"France","iso":"FRA"},"geometry":{"type":"Polygon","coordinates":[[[2.2053,44.6223],[1.834,44.4883],[1.9022,44.35],[1.5661,44.2347],[1.1468,44.3038],[0.9983,44.5327],[1.2996,44.7256],[1.5226,45.045],[1.7779,44.9334],[2.0587,44.9751],[2.2053,44.6223]]]}},{"type":"Feature","properties":{"id":"FR-37","name":"Indre-et-Loire","country":"France","iso":"FRA"},"geometry":{"type":"Polygon","coordinates":[[[1.1051,47.3133],[1.3556,47.1084],[1.2368,47.017],[1.0564,46.9965],[0.9407,46.7432],[0.6718,46.966],[0.3267,46.9385],[0.307,47.0426],[0.0668,47.1537],[0.2418,47.6029],[0.6454,47.7061],[1.0378,47.6013],[1.1051,47.3133]]]}},{"type":"Feature","properties":{"id":"FR-36","name":"Indre","country":"France","iso":"FRA"},"geometry":{"type":"Polygon","coordinates":[[[1.307,47.0716],[1.3267,47.1863],[1.6039,47.2847],[1.839,47.2192],[1.7949,47.1219],[2.0386,47.1127],[2.1323,46.9028],[2.0668,46.7272],[2.1835,46.6371],[2.1912,46.4778],[1.177,46.387],[0.8808,46.7505],[0.9798,46.7553],[1.0743,47.014],[1.307,47.0716]]]}},{"type":"Feature","properties":{"id":"FR-41","name":"Loir-et-Cher","country":"France","iso":"FRA"},"geometry":{"type":"Polygon","coordinates":[[[1.839,47.2192],[1.6039,47.2847],[1.3267,47.1863],[1.1051,47.3133],[1.0378,47.6013],[0.6096,47.6892],[0.8372,47.9459],[0.7976,48.0628],[1.0061,48.1307],[1.2051,47.9686],[1.5518,47.9869],[1.5478,47.7694],[1.789,47.6412],[2.2238,47.663],[2.1284,47.5591],[2.2586,47.4392],[2.1273,47.4161],[2.1391,47.2861],[1.839,47.2192]]]}},{"type":"Feature","properties":{"id":"FR-23","name":"Creuse","country":"France","iso":"FRA"},"geometry":{"type":"Polygon","coordinates":[[[1.9201,45.6955],[1.5159,45.9312],[1.5781,45.9939],[1.3866,46.2091],[1.4144,46.3509],[1.7707,46.452],[2.2539,46.4198],[2.5146,46.2258],[2.5953,45.9712],[2.3982,45.8218],[2.4899,45.7361],[1.9201,45.6955]]]}},{"type":"Feature","properties":{"id":"FR-53","name":"Mayenne","country":"France","iso":"FRA"},"geometry":{"type":"Polygon","coordinates":[[[-0.3816,47.8004],[-0.6269,47.7351],[-1.243,47.8095],[-1.0406,48.0015],[-1.0791,48.4987],[-0.7544,48.4413],[-0.2335,48.5613],[-0.0622,48.4394],[-0.2299,48.0731],[-0.3379,48.0404],[-0.2894,47.9559],[-0.4438,47.8394],[-0.3816,47.8004]]]}},{"type":"Feature","properties":{"id":"FR-72","name":"Sarthe","country":"France","iso":"FRA"},"geometry":{"type":"Polygon","coordinates":[[[-0.4198,47.7618],[-0.1244,48.3705],[0.3099,48.4716],[0.4161,48.3158],[0.9129,48.1472],[0.7976,48.0628],[0.8406,47.9546],[0.7447,47.7875],[0.385,47.5814],[-0.1689,47.6386],[-0.1946,47.7195],[-0.4198,47.7618]]]}},{"type":"Feature","properties":{"id":"FR-84","name":"Vaucluse","country":"France","iso":"FRA"},"geometry":{"type":"MultiPolygon","coordinates":[[[[5.7538,43.7321],[5.5309,43.6693],[4.7728,43.9328],[4.8498,44.0127],[4.726,44.0888],[4.6575,44.3268],[4.8318,44.2367],[5.1671,44.3082],[5.1775,44.2339],[5.3789,44.2021],[5.544,44.0498],[5.5447,43.8176],[5.7538,43.7321]]],[[[4.9637,44.4289],[5.0434,44.3679],[4.888,44.3163],[4.8887,44.356],[4.9637,44.4289]]]]}},{"type":"Feature","properties":{"id":"FR-52","name":"Haute-Marne","country":"France","iso":"FRA"},"geometry":{"type":"Polygon","coordinates":[[[4.867,48.6933],[5.3448,48.5004],[5.4382,48.3314],[5.713,48.2114],[5.6581,48.0955],[5.8978,47.9193],[5.7043,47.8011],[5.6924,47.6857],[5.2838,47.5883],[4.9817,47.6878],[4.9679,47.8421],[4.6985,48.022],[4.8624,48.1983],[4.824,48.3421],[4.6373,48.4608],[4.867,48.6933]]]}},{"type":"Feature","properties":{"id":"FR-51","name":"Marne","country":"France","iso":"FRA"},"geometry":{"type":"Polygon","coordinates":[[[4.9921,48.6929],[4.8021,48.6784],[4.7852,48.5383],[4.5261,48.5289],[4.3282,48.6112],[4.3172,48.7027],[4.0786,48.6945],[3.8484,48.5258],[3.6356,48.5413],[3.3949,48.7602],[3.6708,49.0155],[3.5848,49.0413],[3.6255,49.1384],[3.7467,49.1697],[3.6501,49.3028],[4.0553,49.4073],[4.6365,49.235],[4.9787,49.2357],[5.0341,49.006],[4.9069,48.8048],[4.9921,48.6929]]]}},{"type":"Feature","properties":{"id":"FR-24","name":"Dordogne","country":"France","iso":"FRA"},"geometry":{"type":"Polygon","coordinates":[[[-0.0127,44.8613],[0.0659,45.0635],[-0.0122,45.1776],[0.2494,45.293],[0.2809,45.4225],[0.6359,45.7103],[1.2873,45.4401],[1.2391,45.2072],[1.4586,45.0151],[1.4334,44.876],[1.0772,44.5745],[0.8408,44.6021],[0.8117,44.6901],[0.417,44.6453],[0.2745,44.7901],[0.3102,44.8657],[-0.0127,44.8613]]]}},{"type":"Feature","properties":{"id":"FR-69","name":"Rh\u00f4ne","country":"France","iso":"FRA"},"geometry":{"type":"Polygon","coordinates":[[[4.7978,46.1718],[4.7485,45.9569],[4.9169,45.8113],[5.1024,45.8262],[5.1569,45.715],[4.8024,45.593],[4.87,45.5497],[4.76,45.4445],[4.6402,45.5813],[4.3842,45.6544],[4.3938,45.8428],[4.2526,46.0498],[4.4322,46.1507],[4.4142,46.2935],[4.665,46.2922],[4.7978,46.1718]]]}},{"type":"Feature","properties":{"id":"FR-88","name":"Vosges","country":"France","iso":"FRA"},"geometry":{"type":"Polygon","coordinates":[[[6.8874,48.4194],[7.0887,48.5234],[7.1074,48.3458],[7.2087,48.3034],[6.8689,47.819],[6.6246,47.9403],[5.8043,47.9584],[5.6581,48.0955],[5.713,48.2114],[5.4224,48.3801],[5.842,48.502],[5.9769,48.3575],[6.6062,48.4693],[6.8874,48.4194]]]}},{"type":"Feature","properties":{"id":"FR-07","name":"Ard\u00e8che","country":"France","iso":"FRA"},"geometry":{"type":"Polygon","coordinates":[[[4.7202,45.3588],[4.8926,44.9495],[4.6578,44.2817],[4.0499,44.3252],[3.8722,44.7509],[4.2966,44.9742],[4.4627,45.2365],[4.7202,45.3588]]]}},{"type":"Feature","properties":{"id":"FR-42","name":"Loire","country":"France","iso":"FRA"},"geometry":{"type":"Polygon","coordinates":[[[4.76,45.4445],[4.5975,45.242],[4.3591,45.2736],[4.3025,45.3929],[3.8902,45.351],[3.9675,45.4982],[3.6948,45.7953],[3.6795,45.957],[3.8163,46.001],[3.7665,46.2288],[4.4191,46.208],[4.2526,46.0498],[4.3938,45.8428],[4.3842,45.6544],[4.6402,45.5813],[4.76,45.4445]]]}},{"type":"Feature","properties":{"id":"FR-63","name":"Puy-de-D\u00f4me","country":"France","iso":"FRA"},"geometry":{"type":"Polygon","coordinates":[[[2.8718,46.2627],[3.017,46.1025],[3.4381,46.0718],[3.6795,45.957],[3.697,45.7893],[3.9675,45.4982],[3.8855,45.3587],[3.3258,45.4216],[2.9955,45.2886],[2.5024,45.4872],[2.5247,45.6977],[2.4006,45.8292],[2.5953,45.9712],[2.5667,46.1359],[2.8718,46.2627]]]}},{"type":"Feature","properties":{"id":"FR-03","name":"Allier","country":"France","iso":"FRA"},"geometry":{"type":"Polygon","coordinates":[[[3.017,46.1025],[2.8718,46.2627],[2.5667,46.1359],[2.2539,46.4198],[2.6173,46.552],[2.628,46.6893],[2.9758,46.7932],[3.4705,46.65],[3.6249,46.7393],[3.7409,46.5493],[3.9788,46.4626],[3.9997,46.3263],[3.7665,46.2288],[3.797,45.9854],[3.017,46.1025]]]}},{"type":"Feature","properties":{"id":"FR-45","name":"Loiret","country":"France","iso":"FRA"},"geometry":{"type":"Polygon","coordinates":[[[1.5991,47.7353],[1.5214,48.0294],[1.8545,48.0862],[1.9884,48.2767],[2.1977,48.3387],[2.3995,48.3145],[2.5137,48.2066],[2.4668,48.1243],[2.9566,48.1543],[3.1179,48.0008],[2.9924,47.7924],[2.8349,47.7491],[2.9693,47.5676],[2.8186,47.4986],[1.5991,47.7353]]]}},{"type":"Feature","properties":{"id":"FR-49","name":"Maine-et-Loire","country":"France","iso":"FRA"},"geometry":{"type":"Polygon","coordinates":[[[-1.0583,47.5641],[-1.243,47.8095],[-0.5023,47.7789],[0.2418,47.6029],[0.0668,47.1537],[-0.6965,46.9881],[-1.0753,47.0072],[-1.2301,47.1094],[-1.1839,47.2316],[-1.3347,47.3239],[-0.9238,47.3943],[-1.1789,47.5638],[-1.0583,47.5641]]]}},{"type":"Feature","properties":{"id":"FR-10","name":"Aube","country":"France","iso":"FRA"},"geometry":{"type":"Polygon","coordinates":[[[4.196,48.7107],[4.6702,48.5318],[4.6373,48.4608],[4.8466,48.2901],[4.8276,48.1115],[4.5418,47.9653],[3.9251,47.9309],[3.3918,48.4211],[3.5378,48.6134],[3.8484,48.5258],[4.196,48.7107]]]}},{"type":"Feature","properties":{"id":"FR-75","name":"Paris","country":"France","iso":"FRA"},"geometry":{"type":"Polygon","coordinates":[[[2.2354,48.8338],[2.2666,48.9011],[2.4734,48.8592],[2.4434,48.8158],[2.2354,48.8338]]]}},{"type":"Feature","properties":{"id":"FR-92","name":"Hauts-de-Seine","country":"France","iso":"FRA"},"geometry":{"type":"Polygon","coordinates":[[[2.3298,48.9483],[2.2268,48.8528],[2.332,48.8171],[2.3026,48.7301],[2.1525,48.8415],[2.3298,48.9483]]]}},{"type":"Feature","properties":{"id":"FR-93","name":"Seine-Saint-Denis","country":"France","iso":"FRA"},"geometry":{"type":"Polygon","coordinates":[[[2.2666,48.9011],[2.5642,49.0073],[2.5924,48.8075],[2.3916,48.897],[2.2666,48.9011]]]}},{"type":"Feature","properties":{"id":"FR-95","name":"Val-d'Oise","country":"France","iso":"FRA"},"geometry":{"type":"Polygon","coordinates":[[[2.4735,48.9626],[2.1249,48.8862],[2.1731,48.9886],[2.0244,48.9428],[1.6199,49.0826],[1.6981,49.2307],[2.5833,49.0845],[2.4735,48.9626]]]}},{"type":"Feature","properties":{"id":"FR-78","name":"Yvelines","country":"France","iso":"FRA"},"geometry":{"type":"Polygon","coordinates":[[[1.6199,49.0826],[2.0244,48.9428],[2.1774,48.985],[2.1249,48.8862],[2.2265,48.7761],[2.0458,48.6868],[1.9193,48.4445],[1.5761,48.698],[1.4435,49.0357],[1.6199,49.0826]]]}},{"type":"Feature","properties":{"id":"FR-16","name":"Charente","country":"France","iso":"FRA"},"geometry":{"type":"Polygon","coordinates":[[[-0.204,45.776],[-0.1512,45.9266],[0.0887,46.0988],[0.4421,46.0535],[0.4879,46.1337],[0.7964,46.1329],[0.9241,45.9737],[0.1335,45.2149],[-0.285,45.3188],[-0.2445,45.5032],[-0.4593,45.7402],[-0.204,45.776]]]}},{"type":"Feature","properties":{"id":"FR-18","name":"Cher","country":"France","iso":"FRA"},"geometry":{"type":"Polygon","coordinates":[[[2.0474,47.1056],[1.7744,47.1307],[1.839,47.2192],[2.1391,47.2861],[2.1273,47.4161],[2.2451,47.4112],[2.1328,47.5877],[2.4419,47.6069],[2.6789,47.485],[2.8818,47.5146],[3.0732,46.8703],[2.5809,46.6597],[2.6135,46.5495],[2.1392,46.4214],[2.1874,46.6227],[2.0668,46.7272],[2.1323,46.9028],[2.0474,47.1056]]]}},{"type":"Feature","properties":{"id":"FR-28","name":"Eure-et-Loir","country":"France","iso":"FRA"},"geometry":{"type":"Polygon","coordinates":[[[1.2118,47.9677],[1.0189,48.1293],[0.8326,48.0945],[0.9129,48.1472],[0.7984,48.186],[0.7789,48.3242],[0.9798,48.4331],[0.8164,48.6651],[1.3237,48.7754],[1.4928,48.9395],[1.5789,48.6929],[1.9987,48.3255],[1.9765,48.2005],[1.52,47.9823],[1.2118,47.9677]]]}},{"type":"Feature","properties":{"id":"FR-43","name":"Haute-Loire","country":"France","iso":"FRA"},"geometry":{"type":"Polygon","coordinates":[[[3.2265,45.268],[3.1035,45.3545],[3.3258,45.4216],[3.6234,45.3476],[4.3025,45.3929],[4.4782,45.2181],[4.2966,44.9742],[3.8722,44.7509],[3.6435,44.8743],[3.4787,44.8217],[3.2265,45.268]]]}},{"type":"Feature","properties":{"id":"FR-15","name":"Cantal","country":"France","iso":"FRA"},"geometry":{"type":"Polygon","coordinates":[[[3.1035,45.3545],[3.3697,44.9542],[3.1071,44.8885],[2.9801,44.6443],[2.7267,44.9354],[2.4716,44.6682],[2.2053,44.6223],[2.1323,44.6987],[2.0587,44.9751],[2.3518,45.4066],[2.4822,45.3918],[2.5374,45.48],[2.9955,45.2886],[3.1035,45.3545]]]}},{"type":"Feature","properties":{"id":"FR-47","name":"Lot-et-Garonne","country":"France","iso":"FRA"},"geometry":{"type":"Polygon","coordinates":[[[-0.1292,44.1525],[-0.0347,44.2759],[-0.0854,44.3457],[0.0148,44.3667],[-0.0138,44.4977],[0.1702,44.6374],[0.1434,44.7372],[0.2974,44.7623],[0.417,44.6453],[0.8117,44.6901],[0.8408,44.6021],[1.0772,44.5745],[0.9983,44.5327],[1.0645,44.3784],[0.9011,44.3671],[0.8943,44.1497],[0.6797,44.0405],[0.0852,43.9673],[0.1355,44.1173],[-0.1292,44.1525]]]}},{"type":"Feature","properties":{"id":"FR-48","name":"Loz\u00e8re","country":"France","iso":"FRA"},"geometry":{"type":"Polygon","coordinates":[[[3.994,44.4579],[3.8948,44.3902],[3.9654,44.2472],[3.8758,44.1314],[3.671,44.1841],[3.5179,44.1134],[3.1234,44.2634],[3.1401,44.4287],[2.9801,44.6443],[3.1071,44.8885],[3.3792,44.9568],[3.4787,44.8217],[3.6435,44.8743],[3.8722,44.7509],[3.994,44.4579]]]}},{"type":"Feature","properties":{"id":"FR-58","name":"Ni\u00e8vre","country":"France","iso":"FRA"},"geometry":{"type":"Polygon","coordinates":[[[4.1061,47.3392],[4.2241,47.1999],[4.0011,47.0013],[4.093,46.8649],[4.0473,46.7856],[3.8093,46.7018],[3.5968,46.7429],[3.4835,46.6508],[3.2042,46.6873],[3.0312,46.772],[3.0684,47.0455],[2.875,47.3371],[2.9318,47.4478],[2.856,47.5364],[3.0987,47.5788],[3.3459,47.4805],[3.492,47.56],[3.7159,47.4115],[4.1061,47.3392]]]}},{"type":"Feature","properties":{"id":"FR-21","name":"C\u00f4te-d\u2019Or","country":"France","iso":"FRA"},"geometry":{"type":"Polygon","coordinates":[[[4.1564,47.245],[4.0649,47.415],[4.3411,47.7745],[4.2884,47.9243],[4.5972,48.0147],[4.8565,47.9484],[4.9817,47.6878],[5.4962,47.546],[5.4073,47.4569],[5.4939,47.2025],[5.2506,46.9812],[4.6772,46.905],[4.1564,47.245]]]}},{"type":"Feature","properties":{"id":"FR-60","name":"Oise","country":"France","iso":"FRA"},"geometry":{"type":"Polygon","coordinates":[[[3.1186,49.7058],[3.1694,49.4373],[2.9642,49.3213],[2.9773,49.1913],[3.1286,49.1705],[3.0563,49.0954],[2.5833,49.0845],[1.6928,49.2431],[1.7834,49.2512],[1.6809,49.6451],[1.7545,49.7656],[2.6446,49.575],[2.8848,49.7087],[3.1186,49.7058]]]}},{"type":"Feature","properties":{"id":"FR-61","name":"Orne","country":"France","iso":"FRA"},"geometry":{"type":"Polygon","coordinates":[[[-0.8627,48.5018],[-0.7368,48.6861],[-0.8409,48.7523],[-0.6909,48.8426],[-0.1404,48.8255],[0.2844,48.9706],[0.7421,48.7757],[0.9798,48.4331],[0.7838,48.3314],[0.7706,48.1808],[0.4008,48.3242],[0.3099,48.4716],[-0.0527,48.3806],[-0.2335,48.5613],[-0.7544,48.4413],[-0.8627,48.5018]]]}},{"type":"Feature","properties":{"id":"FR-70","name":"Haute-Sa\u00f4ne","country":"France","iso":"FRA"},"geometry":{"type":"Polygon","coordinates":[[[5.616,47.2604],[5.4073,47.4569],[5.4756,47.605],[5.3749,47.6078],[5.6924,47.6857],[5.7043,47.8011],[5.9551,47.9797],[6.6246,47.9403],[6.836,47.8242],[6.7798,47.5428],[6.3372,47.5065],[5.616,47.2604]]]}},{"type":"Feature","properties":{"id":"FR-71","name":"Sa\u00f4ne-et-Loire","country":"France","iso":"FRA"},"geometry":{"type":"Polygon","coordinates":[[[3.6249,46.7393],[4.0473,46.7856],[4.093,46.8649],[4.0011,47.0013],[4.2097,47.1553],[4.6772,46.905],[5.2305,46.9869],[5.4583,46.8563],[5.3502,46.8097],[5.4205,46.4837],[4.9407,46.5044],[4.7978,46.1718],[4.6381,46.2992],[4.4142,46.2935],[4.3,46.174],[3.9037,46.2089],[4.0008,46.3292],[3.9768,46.4669],[3.7409,46.5493],[3.6249,46.7393]]]}},{"type":"Feature","properties":{"id":"FR-79","name":"Deux-S\u00e8vres","country":"France","iso":"FRA"},"geometry":{"type":"Polygon","coordinates":[[[-0.5917,46.1392],[-0.7566,46.3012],[-0.5582,46.3623],[-0.6294,46.6139],[-0.9414,47.0133],[-0.109,47.0696],[0.0278,46.8504],[-0.0146,46.4117],[0.0665,46.3069],[0.1711,46.3309],[0.1067,46.1954],[0.1974,46.0955],[-0.103,45.9697],[-0.5917,46.1392]]]}},{"type":"Feature","properties":{"id":"FR-86","name":"Vienne","country":"France","iso":"FRA"},"geometry":{"type":"Polygon","coordinates":[[[0.7964,46.1329],[0.2867,46.0622],[0.1087,46.1888],[0.1763,46.3089],[-0.0146,46.4117],[0.0278,46.8504],[-0.1003,47.0799],[0.0668,47.1537],[0.307,47.0426],[0.3267,46.9385],[0.6718,46.966],[0.9241,46.6057],[1.1368,46.5184],[1.177,46.387],[0.7948,46.2263],[0.7964,46.1329]]]}},{"type":"Feature","properties":{"id":"FR-89","name":"Yonne","country":"France","iso":"FRA"},"geometry":{"type":"Polygon","coordinates":[[[3.4882,47.4938],[2.9693,47.5676],[2.8327,47.7221],[2.9924,47.7924],[3.1179,48.0008],[2.9256,48.1559],[3.0423,48.3618],[3.3954,48.4117],[3.9163,47.9338],[4.2182,47.9724],[4.3376,47.792],[4.0182,47.313],[3.492,47.56],[3.4882,47.4938]]]}},{"type":"Feature","properties":{"id":"FR-91","name":"Essonne","country":"France","iso":"FRA"},"geometry":{"type":"Polygon","coordinates":[[[1.9204,48.4614],[2.2087,48.7756],[2.576,48.6733],[2.5262,48.4207],[2.3907,48.3136],[1.9723,48.2842],[1.9204,48.4614]]]}},{"type":"Feature","properties":{"id":"FR-77","name":"Seine-et-Marne","country":"France","iso":"FRA"},"geometry":{"type":"Polygon","coordinates":[[[2.3907,48.3136],[2.5262,48.4207],[2.5833,49.0845],[3.1409,49.0931],[3.4779,48.8501],[3.3955,48.7539],[3.5378,48.6134],[3.3954,48.4117],[3.0423,48.3618],[2.9256,48.1559],[2.4668,48.1243],[2.5137,48.2066],[2.3907,48.3136]]]}},{"type":"Feature","properties":{"id":"FR-94","name":"Val-de-Marne","country":"France","iso":"FRA"},"geometry":{"type":"Polygon","coordinates":[[[2.4734,48.8592],[2.5924,48.8075],[2.5717,48.692],[2.3208,48.7487],[2.4734,48.8592]]]}},{"type":"Feature","properties":{"id":"GB-LDS","name":"Leeds","country":"United Kingdom","iso":"GBR"},"geometry":{"type":"Polygon","coordinates":[[[-1.6472,53.7641],[-1.7286,53.9027],[-1.2942,53.9255],[-1.3314,53.7174],[-1.6472,53.7641]]]}},{"type":"Feature","properties":{"id":"GB-BRD","name":"Bradford","country":"United Kingdom","iso":"GBR"},"geometry":{"type":"Polygon","coordinates":[[[-1.7286,53.9027],[-1.6472,53.7641],[-1.9778,53.8694],[-1.9436,53.9577],[-1.7286,53.9027]]]}},{"type":"Feature","properties":{"id":"GB-WKF","name":"Wakefield","country":"United Kingdom","iso":"GBR"},"geometry":{"type":"Polygon","coordinates":[[[-1.6003,53.5741],[-1.581,53.7018],[-1.2111,53.7102],[-1.2434,53.5969],[-1.6003,53.5741]]]}},{"type":"Feature","properties":{"id":"GB-BNS","name":"Barnsley","country":"United Kingdom","iso":"GBR"},"geometry":{"type":"Polygon","coordinates":[[[-1.4061,53.411],[-1.5897,53.4973],[-1.8161,53.5161],[-1.5606,53.6066],[-1.2947,53.514],[-1.4061,53.411]]]}},{"type":"Feature","properties":{"id":"GB-SLF","name":"Salford","country":"United Kingdom","iso":"GBR"},"geometry":{"type":"Polygon","coordinates":[[[-2.4467,53.4188],[-2.4412,53.5538],[-2.2988,53.4718],[-2.4467,53.4188]]]}},{"type":"Feature","properties":{"id":"GB-BOL","name":"Bolton","country":"United Kingdom","iso":"GBR"},"geometry":{"type":"Polygon","coordinates":[[[-2.3721,53.5343],[-2.5114,53.5382],[-2.5589,53.5991],[-2.3764,53.6349],[-2.3721,53.5343]]]}},{"type":"Feature","properties":{"id":"GB-TRF","name":"Trafford","country":"United Kingdom","iso":"GBR"},"geometry":{"type":"Polygon","coordinates":[[[-2.4088,53.4524],[-2.3167,53.3599],[-2.4606,53.3883],[-2.4088,53.4524]]]}},{"type":"Feature","properties":{"id":"GB-MAN","name":"Manchester","country":"United Kingdom","iso":"GBR"},"geometry":{"type":"Polygon","coordinates":[[[-2.2603,53.3449],[-2.3053,53.5041],[-2.1823,53.5257],[-2.2603,53.3449]]]}},{"type":"Feature","properties":{"id":"GB-OLD","name":"Oldham","country":"United Kingdom","iso":"GBR"},"geometry":{"type":"Polygon","coordinates":[[[-2.1823,53.5257],[-1.9881,53.6147],[-1.8972,53.533],[-1.9778,53.4688],[-2.1823,53.5257]]]}},{"type":"Feature","properties":{"id":"GB-RCH","name":"Rochdale","country":"United Kingdom","iso":"GBR"},"geometry":{"type":"Polygon","coordinates":[[[-1.9881,53.6147],[-2.1823,53.5257],[-2.2513,53.5494],[-2.1514,53.6965],[-1.9881,53.6147]]]}},{"type":"Feature","properties":{"id":"GB-TAM","name":"Tameside","country":"United Kingdom","iso":"GBR"},"geometry":{"type":"Polygon","coordinates":[[[-2.2039,53.4761],[-1.9825,53.4438],[-2.2254,53.4373],[-2.2039,53.4761]]]}},{"type":"Feature","properties":{"id":"GB-BUR","name":"Bury","country":"United Kingdom","iso":"GBR"},"geometry":{"type":"Polygon","coordinates":[[[-2.3053,53.5041],[-2.3764,53.6349],[-2.3536,53.6669],[-2.2581,53.6141],[-2.3053,53.5041]]]}},{"type":"Feature","properties":{"id":"GB-SOL","name":"Solihull","country":"United Kingdom","iso":"GBR"},"geometry":{"type":"Polygon","coordinates":[[[-1.6195,52.4444],[-1.64,52.3508],[-1.8354,52.3806],[-1.7902,52.4934],[-1.6195,52.4444]]]}},{"type":"Feature","properties":{"id":"GB-COV","name":"Coventry","country":"United Kingdom","iso":"GBR"},"geometry":{"type":"Polygon","coordinates":[[[-1.64,52.3508],[-1.6195,52.4444],[-1.4381,52.4294],[-1.4628,52.3658],[-1.64,52.3508]]]}},{"type":"Feature","properties":{"id":"GB-BIR","name":"Birmingham","country":"United Kingdom","iso":"GBR"},"geometry":{"type":"Polygon","coordinates":[[[-1.7411,52.4975],[-1.8354,52.3806],[-2.0306,52.4369],[-1.8317,52.5877],[-1.7411,52.4975]]]}},{"type":"Feature","properties":{"id":"GB-SAW","name":"Sandwell","country":"United Kingdom","iso":"GBR"},"geometry":{"type":"Polygon","coordinates":[[[-2.0758,52.478],[-2.0557,52.5681],[-1.9028,52.5468],[-1.9633,52.4626],[-2.0758,52.478]]]}},{"type":"Feature","properties":{"id":"GB-DUD","name":"Dudley","country":"United Kingdom","iso":"GBR"},"geometry":{"type":"Polygon","coordinates":[[[-2.0782,52.5574],[-2.0306,52.4369],[-2.1539,52.423],[-2.1775,52.5011],[-2.0782,52.5574]]]}},{"type":"Feature","properties":{"id":"GB-WLL","name":"Walsall","country":"United Kingdom","iso":"GBR"},"geometry":{"type":"Polygon","coordinates":[[[-2.0557,52.5681],[-1.9412,52.6652],[-1.8556,52.5755],[-1.9028,52.5468],[-2.0557,52.5681]]]}},{"type":"Feature","properties":{"id":"GB-WLV","name":"Wolverhampton","country":"United Kingdom","iso":"GBR"},"geometry":{"type":"Polygon","coordinates":[[[-2.0509,52.6174],[-2.1261,52.5444],[-2.2006,52.5794],[-2.1311,52.6294],[-2.0509,52.6174]]]}}]}